person_id,before_age,makeup_age,delta,dataset
018383,6.710825443267822,14.026468276977539,7.315642833709717,FFHQ
018383,6.710825443267822,9.467920303344727,2.7570948600769043,FFHQ
018383,6.710825443267822,15.82090950012207,9.110084056854248,FFHQ
018383,6.710825443267822,11.602291107177734,4.891465663909912,FFHQ
018383,6.710825443267822,7.617964744567871,0.9071393013000488,FFHQ
041128,26.823348999023438,22.041522979736328,-4.781826019287109,FFHQ
041128,26.823348999023438,21.85291862487793,-4.970430374145508,FFHQ
041128,26.823348999023438,20.865863800048828,-5.957485198974609,FFHQ
041128,26.823348999023438,38.10411071777344,11.28076171875,FFHQ
041128,26.823348999023438,19.47787094116211,-7.345478057861328,FFHQ
052036,40.42026901245117,34.390647888183594,-6.029621124267578,FFHQ
052036,40.42026901245117,30.742855072021484,-9.677413940429688,FFHQ
052036,40.42026901245117,30.50421714782715,-9.916051864624023,FFHQ
052036,40.42026901245117,28.471712112426758,-11.948556900024414,FFHQ
052036,40.42026901245117,17.64539337158203,-22.77487564086914,FFHQ
041829,9.39909553527832,24.13050079345703,14.731405258178711,FFHQ
041829,9.39909553527832,27.081493377685547,17.682397842407227,FFHQ
041829,9.39909553527832,24.111278533935547,14.712182998657227,FFHQ
041829,9.39909553527832,12.856979370117188,3.457883834838867,FFHQ
041829,9.39909553527832,17.46352767944336,8.064432144165039,FFHQ
008773,6.999022960662842,11.150178909301758,4.151155948638916,FFHQ
008773,6.999022960662842,33.39426803588867,26.39524507522583,FFHQ
008773,6.999022960662842,32.336368560791016,25.337345600128174,FFHQ
008773,6.999022960662842,10.6878662109375,3.688843250274658,FFHQ
008773,6.999022960662842,25.10725975036621,18.10823678970337,FFHQ
000994,41.28080749511719,28.343063354492188,-12.937744140625,FFHQ
000994,41.28080749511719,29.20122528076172,-12.079582214355469,FFHQ
000994,41.28080749511719,28.899078369140625,-12.381729125976562,FFHQ
000994,41.28080749511719,30.150508880615234,-11.130298614501953,FFHQ
000994,41.28080749511719,31.382652282714844,-9.898155212402344,FFHQ
042178,18.597572326660156,20.535507202148438,1.9379348754882812,FFHQ
042178,18.597572326660156,23.678449630737305,5.080877304077148,FFHQ
042178,18.597572326660156,26.400604248046875,7.803031921386719,FFHQ
042178,18.597572326660156,16.442800521850586,-2.1547718048095703,FFHQ
042178,18.597572326660156,18.12460708618164,-0.4729652404785156,FFHQ
024461,48.63707733154297,58.04060745239258,9.40353012084961,FFHQ
024461,48.63707733154297,55.2890625,6.651985168457031,FFHQ
024461,48.63707733154297,57.62071228027344,8.983634948730469,FFHQ
024461,48.63707733154297,54.272193908691406,5.6351165771484375,FFHQ
024461,48.63707733154297,53.207008361816406,4.5699310302734375,FFHQ
042820,14.05889892578125,15.455633163452148,1.3967342376708984,FFHQ
042820,14.05889892578125,17.227537155151367,3.168638229370117,FFHQ
042820,14.05889892578125,20.033935546875,5.97503662109375,FFHQ
042820,14.05889892578125,15.486602783203125,1.427703857421875,FFHQ
042820,14.05889892578125,14.950326919555664,0.8914279937744141,FFHQ
067323,29.806604385375977,28.268041610717773,-1.5385627746582031,FFHQ
067323,29.806604385375977,34.139381408691406,4.33277702331543,FFHQ
067323,29.806604385375977,27.337478637695312,-2.469125747680664,FFHQ
067323,29.806604385375977,27.736440658569336,-2.0701637268066406,FFHQ
067323,29.806604385375977,31.621234893798828,1.8146305084228516,FFHQ
008692,1.4788626432418823,1.5572941303253174,0.07843148708343506,FFHQ
008692,1.4788626432418823,1.2467622756958008,-0.23210036754608154,FFHQ
008692,1.4788626432418823,1.5448307991027832,0.06596815586090088,FFHQ
008692,1.4788626432418823,1.240224838256836,-0.2386378049850464,FFHQ
008692,1.4788626432418823,1.7226274013519287,0.2437647581100464,FFHQ
038763,1.396484136581421,4.142721176147461,2.74623703956604,FFHQ
038763,1.396484136581421,2.579317569732666,1.1828334331512451,FFHQ
038763,1.396484136581421,4.686519622802734,3.2900354862213135,FFHQ
038763,1.396484136581421,4.327967643737793,2.931483507156372,FFHQ
038763,1.396484136581421,3.571596145629883,2.175112009048462,FFHQ
016606,26.330991744995117,31.128326416015625,4.797334671020508,FFHQ
016606,26.330991744995117,30.709030151367188,4.37803840637207,FFHQ
016606,26.330991744995117,43.53309631347656,17.202104568481445,FFHQ
016606,26.330991744995117,40.91936111450195,14.588369369506836,FFHQ
016606,26.330991744995117,29.749576568603516,3.4185848236083984,FFHQ
044609,65.56798553466797,51.403602600097656,-14.164382934570312,FFHQ
044609,65.56798553466797,52.54320526123047,-13.0247802734375,FFHQ
044609,65.56798553466797,53.12200927734375,-12.445976257324219,FFHQ
044609,65.56798553466797,49.104644775390625,-16.463340759277344,FFHQ
044609,65.56798553466797,48.81074142456055,-16.757244110107422,FFHQ
060965,24.167388916015625,21.460966110229492,-2.706422805786133,FFHQ
060965,24.167388916015625,20.243637084960938,-3.9237518310546875,FFHQ
060965,24.167388916015625,22.17676544189453,-1.9906234741210938,FFHQ
060965,24.167388916015625,22.130229949951172,-2.037158966064453,FFHQ
060965,24.167388916015625,17.489744186401367,-6.677644729614258,FFHQ
042236,54.05290603637695,21.41722869873047,-32.635677337646484,FFHQ
042236,54.05290603637695,19.411190032958984,-34.64171600341797,FFHQ
042236,54.05290603637695,20.71759033203125,-33.3353157043457,FFHQ
042236,54.05290603637695,25.52865982055664,-28.524246215820312,FFHQ
042236,54.05290603637695,19.46225929260254,-34.590646743774414,FFHQ
003744,45.6851921081543,43.886474609375,-1.7987174987792969,FFHQ
003744,45.6851921081543,52.23371887207031,6.548526763916016,FFHQ
003744,45.6851921081543,50.21399688720703,4.528804779052734,FFHQ
003744,45.6851921081543,53.857887268066406,8.17269515991211,FFHQ
003744,45.6851921081543,34.097511291503906,-11.58768081665039,FFHQ
034406,30.239795684814453,22.805530548095703,-7.43426513671875,FFHQ
034406,30.239795684814453,18.730012893676758,-11.509782791137695,FFHQ
034406,30.239795684814453,19.375751495361328,-10.864044189453125,FFHQ
034406,30.239795684814453,22.464298248291016,-7.7754974365234375,FFHQ
034406,30.239795684814453,18.034618377685547,-12.205177307128906,FFHQ
010016,47.58519744873047,30.348609924316406,-17.236587524414062,FFHQ
010016,47.58519744873047,22.673521041870117,-24.91167640686035,FFHQ
010016,47.58519744873047,14.848197937011719,-32.73699951171875,FFHQ
010016,47.58519744873047,20.219135284423828,-27.36606216430664,FFHQ
010016,47.58519744873047,19.293041229248047,-28.292156219482422,FFHQ
004973,49.323360443115234,17.141008377075195,-32.18235206604004,FFHQ
004973,49.323360443115234,16.55348777770996,-32.76987266540527,FFHQ
004973,49.323360443115234,16.333953857421875,-32.98940658569336,FFHQ
004973,49.323360443115234,16.315113067626953,-33.00824737548828,FFHQ
004973,49.323360443115234,21.659515380859375,-27.66384506225586,FFHQ
013508,23.26653480529785,21.727909088134766,-1.538625717163086,FFHQ
013508,23.26653480529785,25.328401565551758,2.0618667602539062,FFHQ
013508,23.26653480529785,23.517662048339844,0.2511272430419922,FFHQ
013508,23.26653480529785,22.1961727142334,-1.0703620910644531,FFHQ
013508,23.26653480529785,23.889856338500977,0.623321533203125,FFHQ
040651,4.165261268615723,8.135724067687988,3.9704627990722656,FFHQ
040651,4.165261268615723,9.426961898803711,5.261700630187988,FFHQ
040651,4.165261268615723,7.130826473236084,2.9655652046203613,FFHQ
040651,4.165261268615723,9.418688774108887,5.253427505493164,FFHQ
040651,4.165261268615723,9.471761703491211,5.306500434875488,FFHQ
037204,27.741191864013672,27.61705780029297,-0.12413406372070312,FFHQ
037204,27.741191864013672,27.453147888183594,-0.2880439758300781,FFHQ
037204,27.741191864013672,14.350515365600586,-13.390676498413086,FFHQ
037204,27.741191864013672,11.138090133666992,-16.60310173034668,FFHQ
037204,27.741191864013672,15.015022277832031,-12.72616958618164,FFHQ
011444,71.38567352294922,48.53465270996094,-22.85102081298828,FFHQ
011444,71.38567352294922,52.03260803222656,-19.353065490722656,FFHQ
011444,71.38567352294922,47.34027862548828,-24.045394897460938,FFHQ
011444,71.38567352294922,53.119449615478516,-18.266223907470703,FFHQ
011444,71.38567352294922,45.86907196044922,-25.5166015625,FFHQ
068966,20.512554168701172,20.93998146057129,0.4274272918701172,FFHQ
068966,20.512554168701172,21.104551315307617,0.5919971466064453,FFHQ
068966,20.512554168701172,23.178165435791016,2.6656112670898438,FFHQ
068966,20.512554168701172,19.93354606628418,-0.5790081024169922,FFHQ
068966,20.512554168701172,21.079055786132812,0.5665016174316406,FFHQ
052475,48.244781494140625,30.108327865600586,-18.13645362854004,FFHQ
052475,48.244781494140625,27.59183120727539,-20.652950286865234,FFHQ
052475,48.244781494140625,31.20863151550293,-17.036149978637695,FFHQ
052475,48.244781494140625,32.68980026245117,-15.554981231689453,FFHQ
052475,48.244781494140625,30.111705780029297,-18.133075714111328,FFHQ
002663,15.775640487670898,21.945377349853516,6.169736862182617,FFHQ
002663,15.775640487670898,17.94571876525879,2.1700782775878906,FFHQ
002663,15.775640487670898,16.970760345458984,1.195119857788086,FFHQ
002663,15.775640487670898,13.257030487060547,-2.5186100006103516,FFHQ
002663,15.775640487670898,18.344890594482422,2.5692501068115234,FFHQ
066588,24.67363739013672,23.915252685546875,-0.7583847045898438,FFHQ
066588,24.67363739013672,11.152769088745117,-13.520868301391602,FFHQ
066588,24.67363739013672,11.744592666625977,-12.929044723510742,FFHQ
066588,24.67363739013672,16.214229583740234,-8.459407806396484,FFHQ
066588,24.67363739013672,16.391199111938477,-8.282438278198242,FFHQ
033309,63.98088836669922,41.26984786987305,-22.711040496826172,FFHQ
033309,63.98088836669922,41.722923278808594,-22.257965087890625,FFHQ
033309,63.98088836669922,48.84428787231445,-15.136600494384766,FFHQ
033309,63.98088836669922,41.56842041015625,-22.41246795654297,FFHQ
033309,63.98088836669922,43.699668884277344,-20.281219482421875,FFHQ
061028,41.184627532958984,34.46897506713867,-6.7156524658203125,FFHQ
061028,41.184627532958984,30.335317611694336,-10.849309921264648,FFHQ
061028,41.184627532958984,29.527389526367188,-11.657238006591797,FFHQ
061028,41.184627532958984,23.810930252075195,-17.37369728088379,FFHQ
061028,41.184627532958984,26.8389949798584,-14.345632553100586,FFHQ
067077,4.539251327514648,10.323417663574219,5.78416633605957,FFHQ
067077,4.539251327514648,8.144847869873047,3.6055965423583984,FFHQ
067077,4.539251327514648,10.364030838012695,5.824779510498047,FFHQ
067077,4.539251327514648,6.215148448944092,1.6758971214294434,FFHQ
067077,4.539251327514648,6.842960834503174,2.3037095069885254,FFHQ
022650,66.44530487060547,62.412681579589844,-4.032623291015625,FFHQ
022650,66.44530487060547,63.94966125488281,-2.4956436157226562,FFHQ
022650,66.44530487060547,62.02490234375,-4.420402526855469,FFHQ
022650,66.44530487060547,62.98719787597656,-3.4581069946289062,FFHQ
022650,66.44530487060547,59.838584899902344,-6.606719970703125,FFHQ
049320,44.82920837402344,26.271347045898438,-18.557861328125,FFHQ
049320,44.82920837402344,24.833995819091797,-19.99521255493164,FFHQ
049320,44.82920837402344,30.80841636657715,-14.020792007446289,FFHQ
049320,44.82920837402344,23.791234970092773,-21.037973403930664,FFHQ
049320,44.82920837402344,30.897777557373047,-13.93143081665039,FFHQ
051542,3.6172337532043457,3.6855876445770264,0.06835389137268066,FFHQ
051542,3.6172337532043457,3.3702855110168457,-0.2469482421875,FFHQ
051542,3.6172337532043457,3.758514881134033,0.1412811279296875,FFHQ
051542,3.6172337532043457,4.446385383605957,0.8291516304016113,FFHQ
051542,3.6172337532043457,4.569058895111084,0.9518251419067383,FFHQ
069016,51.74595260620117,45.87919616699219,-5.866756439208984,FFHQ
069016,51.74595260620117,49.981449127197266,-1.7645034790039062,FFHQ
069016,51.74595260620117,54.683658599853516,2.9377059936523438,FFHQ
069016,51.74595260620117,45.773162841796875,-5.972789764404297,FFHQ
069016,51.74595260620117,56.79953384399414,5.053581237792969,FFHQ
004519,41.89861297607422,48.07034683227539,6.171733856201172,FFHQ
004519,41.89861297607422,26.353580474853516,-15.545032501220703,FFHQ
004519,41.89861297607422,28.326202392578125,-13.572410583496094,FFHQ
004519,41.89861297607422,35.38575744628906,-6.512855529785156,FFHQ
004519,41.89861297607422,33.359886169433594,-8.538726806640625,FFHQ
039774,57.70623016357422,42.904537200927734,-14.801692962646484,FFHQ
039774,57.70623016357422,37.83669662475586,-19.86953353881836,FFHQ
039774,57.70623016357422,33.11991882324219,-24.58631134033203,FFHQ
039774,57.70623016357422,37.013824462890625,-20.692405700683594,FFHQ
039774,57.70623016357422,34.508487701416016,-23.197742462158203,FFHQ
059213,15.644903182983398,14.02358627319336,-1.621316909790039,FFHQ
059213,15.644903182983398,17.542930603027344,1.8980274200439453,FFHQ
059213,15.644903182983398,15.981714248657227,0.3368110656738281,FFHQ
059213,15.644903182983398,15.363685607910156,-0.2812175750732422,FFHQ
059213,15.644903182983398,16.229400634765625,0.5844974517822266,FFHQ
060071,2.8102827072143555,5.341052532196045,2.5307698249816895,FFHQ
060071,2.8102827072143555,4.048946380615234,1.238663673400879,FFHQ
060071,2.8102827072143555,4.760707855224609,1.950425148010254,FFHQ
060071,2.8102827072143555,5.341577529907227,2.531294822692871,FFHQ
060071,2.8102827072143555,4.5258893966674805,1.715606689453125,FFHQ
040837,11.208810806274414,26.180557250976562,14.971746444702148,FFHQ
040837,11.208810806274414,21.708236694335938,10.499425888061523,FFHQ
040837,11.208810806274414,27.113513946533203,15.904703140258789,FFHQ
040837,11.208810806274414,26.034568786621094,14.82575798034668,FFHQ
040837,11.208810806274414,25.97787857055664,14.769067764282227,FFHQ
014705,44.46710968017578,35.68424987792969,-8.782859802246094,FFHQ
014705,44.46710968017578,30.292856216430664,-14.174253463745117,FFHQ
014705,44.46710968017578,35.73621368408203,-8.73089599609375,FFHQ
014705,44.46710968017578,33.65827560424805,-10.808834075927734,FFHQ
014705,44.46710968017578,20.41203498840332,-24.05507469177246,FFHQ
006258,67.74384307861328,50.11102294921875,-17.63282012939453,FFHQ
006258,67.74384307861328,30.769927978515625,-36.973915100097656,FFHQ
006258,67.74384307861328,36.95085144042969,-30.792991638183594,FFHQ
006258,67.74384307861328,24.734817504882812,-43.00902557373047,FFHQ
006258,67.74384307861328,50.93547821044922,-16.808364868164062,FFHQ
033452,55.35130310058594,54.28844451904297,-1.0628585815429688,FFHQ
033452,55.35130310058594,40.19670104980469,-15.15460205078125,FFHQ
033452,55.35130310058594,40.716217041015625,-14.635086059570312,FFHQ
033452,55.35130310058594,38.55059814453125,-16.800704956054688,FFHQ
033452,55.35130310058594,20.576766967773438,-34.7745361328125,FFHQ
046114,10.455911636352539,11.35270881652832,0.8967971801757812,FFHQ
046114,10.455911636352539,7.988765239715576,-2.467146396636963,FFHQ
046114,10.455911636352539,11.285066604614258,0.8291549682617188,FFHQ
046114,10.455911636352539,7.8878493309021,-2.5680623054504395,FFHQ
046114,10.455911636352539,11.410917282104492,0.9550056457519531,FFHQ
033672,23.394184112548828,24.37167739868164,0.9774932861328125,FFHQ
033672,23.394184112548828,27.11672592163086,3.7225418090820312,FFHQ
033672,23.394184112548828,17.934375762939453,-5.459808349609375,FFHQ
033672,23.394184112548828,13.084815979003906,-10.309368133544922,FFHQ
033672,23.394184112548828,19.66217803955078,-3.732006072998047,FFHQ
015286,27.698366165161133,18.914306640625,-8.784059524536133,FFHQ
015286,27.698366165161133,23.300294876098633,-4.3980712890625,FFHQ
015286,27.698366165161133,14.618173599243164,-13.080192565917969,FFHQ
015286,27.698366165161133,22.337085723876953,-5.36128044128418,FFHQ
015286,27.698366165161133,17.30451202392578,-10.393854141235352,FFHQ
037857,27.37309455871582,31.2589054107666,3.8858108520507812,FFHQ
037857,27.37309455871582,24.175521850585938,-3.197572708129883,FFHQ
037857,27.37309455871582,41.697364807128906,14.324270248413086,FFHQ
037857,27.37309455871582,34.52191162109375,7.14881706237793,FFHQ
037857,27.37309455871582,27.26116371154785,-0.11193084716796875,FFHQ
015874,17.707172393798828,26.59219741821289,8.885025024414062,FFHQ
015874,17.707172393798828,24.457565307617188,6.750392913818359,FFHQ
015874,17.707172393798828,23.030216217041016,5.3230438232421875,FFHQ
015874,17.707172393798828,20.760732650756836,3.053560256958008,FFHQ
015874,17.707172393798828,25.488954544067383,7.781782150268555,FFHQ
054064,10.451539993286133,28.201255798339844,17.74971580505371,FFHQ
054064,10.451539993286133,28.458837509155273,18.00729751586914,FFHQ
054064,10.451539993286133,24.24756622314453,13.796026229858398,FFHQ
054064,10.451539993286133,25.646343231201172,15.194803237915039,FFHQ
054064,10.451539993286133,26.55457878112793,16.103038787841797,FFHQ
065012,36.72334289550781,26.58639144897461,-10.136951446533203,FFHQ
065012,36.72334289550781,29.105648040771484,-7.617694854736328,FFHQ
065012,36.72334289550781,19.599815368652344,-17.12352752685547,FFHQ
065012,36.72334289550781,45.16436004638672,8.441017150878906,FFHQ
065012,36.72334289550781,23.918041229248047,-12.805301666259766,FFHQ
050134,3.121253490447998,4.7745137214660645,1.6532602310180664,FFHQ
050134,3.121253490447998,4.239432334899902,1.1181788444519043,FFHQ
050134,3.121253490447998,2.1938085556030273,-0.9274449348449707,FFHQ
050134,3.121253490447998,4.308765411376953,1.187511920928955,FFHQ
050134,3.121253490447998,3.509065866470337,0.38781237602233887,FFHQ
030500,38.83819580078125,23.81873893737793,-15.01945686340332,FFHQ
030500,38.83819580078125,30.851367950439453,-7.986827850341797,FFHQ
030500,38.83819580078125,34.120033264160156,-4.718162536621094,FFHQ
030500,38.83819580078125,32.68940353393555,-6.148792266845703,FFHQ
030500,38.83819580078125,30.298303604125977,-8.539892196655273,FFHQ
047469,42.83271026611328,17.312660217285156,-25.520050048828125,FFHQ
047469,42.83271026611328,28.294286727905273,-14.538423538208008,FFHQ
047469,42.83271026611328,28.612464904785156,-14.220245361328125,FFHQ
047469,42.83271026611328,37.597259521484375,-5.235450744628906,FFHQ
047469,42.83271026611328,34.137474060058594,-8.695236206054688,FFHQ
058957,20.040790557861328,23.58450698852539,3.5437164306640625,FFHQ
058957,20.040790557861328,16.56066131591797,-3.4801292419433594,FFHQ
058957,20.040790557861328,14.2943115234375,-5.746479034423828,FFHQ
058957,20.040790557861328,16.76882553100586,-3.2719650268554688,FFHQ
058957,20.040790557861328,17.60309600830078,-2.437694549560547,FFHQ
015017,50.37678527832031,12.364383697509766,-38.01240158081055,FFHQ
015017,50.37678527832031,34.02235412597656,-16.35443115234375,FFHQ
015017,50.37678527832031,40.66058349609375,-9.716201782226562,FFHQ
015017,50.37678527832031,38.141422271728516,-12.235363006591797,FFHQ
015017,50.37678527832031,16.61223793029785,-33.76454734802246,FFHQ
028282,42.475120544433594,27.137771606445312,-15.337348937988281,FFHQ
028282,42.475120544433594,22.890518188476562,-19.58460235595703,FFHQ
028282,42.475120544433594,21.99551773071289,-20.479602813720703,FFHQ
028282,42.475120544433594,16.1226749420166,-26.352445602416992,FFHQ
028282,42.475120544433594,16.80350112915039,-25.671619415283203,FFHQ
015770,3.2248852252960205,6.202563285827637,2.977678060531616,FFHQ
015770,3.2248852252960205,4.963578701019287,1.7386934757232666,FFHQ
015770,3.2248852252960205,5.897793292999268,2.672908067703247,FFHQ
015770,3.2248852252960205,7.575974941253662,4.351089715957642,FFHQ
015770,3.2248852252960205,9.060722351074219,5.835837125778198,FFHQ
034718,16.883068084716797,18.382247924804688,1.4991798400878906,FFHQ
034718,16.883068084716797,15.980348587036133,-0.9027194976806641,FFHQ
034718,16.883068084716797,18.397491455078125,1.5144233703613281,FFHQ
034718,16.883068084716797,34.522918701171875,17.639850616455078,FFHQ
034718,16.883068084716797,40.211021423339844,23.327953338623047,FFHQ
007509,6.571183681488037,10.457630157470703,3.886446475982666,FFHQ
007509,6.571183681488037,11.785367965698242,5.214184284210205,FFHQ
007509,6.571183681488037,15.111701965332031,8.540518283843994,FFHQ
007509,6.571183681488037,20.063016891479492,13.491833209991455,FFHQ
007509,6.571183681488037,14.254634857177734,7.683451175689697,FFHQ
060144,31.396638870239258,29.353515625,-2.043123245239258,FFHQ
060144,31.396638870239258,27.16767120361328,-4.228967666625977,FFHQ
060144,31.396638870239258,30.36469841003418,-1.0319404602050781,FFHQ
060144,31.396638870239258,15.441673278808594,-15.954965591430664,FFHQ
060144,31.396638870239258,18.014507293701172,-13.382131576538086,FFHQ
016278,31.508255004882812,28.89600944519043,-2.612245559692383,FFHQ
016278,31.508255004882812,30.167282104492188,-1.340972900390625,FFHQ
016278,31.508255004882812,27.372406005859375,-4.1358489990234375,FFHQ
016278,31.508255004882812,30.264873504638672,-1.2433815002441406,FFHQ
016278,31.508255004882812,28.061222076416016,-3.447032928466797,FFHQ
002910,74.88130950927734,48.85445022583008,-26.026859283447266,FFHQ
002910,74.88130950927734,51.048004150390625,-23.83330535888672,FFHQ
002910,74.88130950927734,59.066505432128906,-15.814804077148438,FFHQ
002910,74.88130950927734,56.59855651855469,-18.282752990722656,FFHQ
002910,74.88130950927734,56.90713882446289,-17.974170684814453,FFHQ
064556,22.098093032836914,37.863075256347656,15.764982223510742,FFHQ
064556,22.098093032836914,32.83136749267578,10.733274459838867,FFHQ
064556,22.098093032836914,44.896095275878906,22.798002243041992,FFHQ
064556,22.098093032836914,24.43319320678711,2.3351001739501953,FFHQ
064556,22.098093032836914,45.94580841064453,23.847715377807617,FFHQ
059626,7.823394298553467,10.8302001953125,3.006805896759033,FFHQ
059626,7.823394298553467,10.462501525878906,2.6391072273254395,FFHQ
059626,7.823394298553467,9.333175659179688,1.5097813606262207,FFHQ
059626,7.823394298553467,9.065820693969727,1.2424263954162598,FFHQ
059626,7.823394298553467,9.939519882202148,2.1161255836486816,FFHQ
005338,28.033689498901367,22.582386016845703,-5.451303482055664,FFHQ
005338,28.033689498901367,38.82065200805664,10.786962509155273,FFHQ
005338,28.033689498901367,11.640218734741211,-16.393470764160156,FFHQ
005338,28.033689498901367,9.973369598388672,-18.060319900512695,FFHQ
005338,28.033689498901367,7.348879337310791,-20.684810161590576,FFHQ
005945,7.531484603881836,12.288745880126953,4.757261276245117,FFHQ
005945,7.531484603881836,17.478328704833984,9.946844100952148,FFHQ
005945,7.531484603881836,16.690404891967773,9.158920288085938,FFHQ
005945,7.531484603881836,19.330429077148438,11.798944473266602,FFHQ
005945,7.531484603881836,12.581722259521484,5.050237655639648,FFHQ
048229,63.761898040771484,45.028533935546875,-18.73336410522461,FFHQ
048229,63.761898040771484,54.3630485534668,-9.398849487304688,FFHQ
048229,63.761898040771484,43.943904876708984,-19.8179931640625,FFHQ
048229,63.761898040771484,48.423301696777344,-15.33859634399414,FFHQ
048229,63.761898040771484,45.26062774658203,-18.501270294189453,FFHQ
009099,23.95332908630371,21.569652557373047,-2.383676528930664,FFHQ
009099,23.95332908630371,21.969192504882812,-1.9841365814208984,FFHQ
009099,23.95332908630371,18.055776596069336,-5.897552490234375,FFHQ
009099,23.95332908630371,25.861154556274414,1.9078254699707031,FFHQ
009099,23.95332908630371,23.560993194580078,-0.3923358917236328,FFHQ
002267,80.57174682617188,56.421356201171875,-24.150390625,FFHQ
002267,80.57174682617188,55.403533935546875,-25.168212890625,FFHQ
002267,80.57174682617188,52.35649108886719,-28.215255737304688,FFHQ
002267,80.57174682617188,50.73503494262695,-29.836711883544922,FFHQ
002267,80.57174682617188,52.09385681152344,-28.477890014648438,FFHQ
049171,44.18689727783203,41.67913055419922,-2.5077667236328125,FFHQ
049171,44.18689727783203,28.567768096923828,-15.619129180908203,FFHQ
049171,44.18689727783203,40.21018981933594,-3.9767074584960938,FFHQ
049171,44.18689727783203,43.401405334472656,-0.785491943359375,FFHQ
049171,44.18689727783203,42.87419891357422,-1.3126983642578125,FFHQ
053108,10.545339584350586,11.105972290039062,0.5606327056884766,FFHQ
053108,10.545339584350586,9.886085510253906,-0.6592540740966797,FFHQ
053108,10.545339584350586,10.825319290161133,0.2799797058105469,FFHQ
053108,10.545339584350586,8.049327850341797,-2.496011734008789,FFHQ
053108,10.545339584350586,7.318239688873291,-3.227099895477295,FFHQ
002991,13.149442672729492,22.19561767578125,9.046175003051758,FFHQ
002991,13.149442672729492,19.21415138244629,6.064708709716797,FFHQ
002991,13.149442672729492,23.176183700561523,10.026741027832031,FFHQ
002991,13.149442672729492,15.938966751098633,2.7895240783691406,FFHQ
002991,13.149442672729492,19.523162841796875,6.373720169067383,FFHQ
005096,6.536271572113037,19.484983444213867,12.94871187210083,FFHQ
005096,6.536271572113037,9.575044631958008,3.0387730598449707,FFHQ
005096,6.536271572113037,14.39961051940918,7.863338947296143,FFHQ
005096,6.536271572113037,17.1512451171875,10.614973545074463,FFHQ
005096,6.536271572113037,10.721267700195312,4.184996128082275,FFHQ
030089,20.435726165771484,17.969573974609375,-2.4661521911621094,FFHQ
030089,20.435726165771484,18.671663284301758,-1.7640628814697266,FFHQ
030089,20.435726165771484,17.969324111938477,-2.466402053833008,FFHQ
030089,20.435726165771484,19.073925018310547,-1.3618011474609375,FFHQ
030089,20.435726165771484,16.25303077697754,-4.182695388793945,FFHQ
048216,47.185489654541016,18.21426010131836,-28.971229553222656,FFHQ
048216,47.185489654541016,18.0830078125,-29.102481842041016,FFHQ
048216,47.185489654541016,21.58483123779297,-25.600658416748047,FFHQ
048216,47.185489654541016,16.799602508544922,-30.385887145996094,FFHQ
048216,47.185489654541016,24.10213851928711,-23.083351135253906,FFHQ
029905,29.202526092529297,14.684650421142578,-14.517875671386719,FFHQ
029905,29.202526092529297,17.963550567626953,-11.238975524902344,FFHQ
029905,29.202526092529297,14.501523971557617,-14.70100212097168,FFHQ
029905,29.202526092529297,10.440114974975586,-18.76241111755371,FFHQ
029905,29.202526092529297,24.584291458129883,-4.618234634399414,FFHQ
025044,45.221221923828125,29.616992950439453,-15.604228973388672,FFHQ
025044,45.221221923828125,20.37886619567871,-24.842355728149414,FFHQ
025044,45.221221923828125,21.210491180419922,-24.010730743408203,FFHQ
025044,45.221221923828125,25.8546142578125,-19.366607666015625,FFHQ
025044,45.221221923828125,23.722068786621094,-21.49915313720703,FFHQ
056588,46.67428207397461,14.33932113647461,-32.3349609375,FFHQ
056588,46.67428207397461,14.8240966796875,-31.85018539428711,FFHQ
056588,46.67428207397461,11.82945442199707,-34.84482765197754,FFHQ
056588,46.67428207397461,14.678621292114258,-31.99566078186035,FFHQ
056588,46.67428207397461,15.639806747436523,-31.034475326538086,FFHQ
028380,55.43910217285156,27.97502326965332,-27.464078903198242,FFHQ
028380,55.43910217285156,50.64500427246094,-4.794097900390625,FFHQ
028380,55.43910217285156,45.65687942504883,-9.782222747802734,FFHQ
028380,55.43910217285156,38.02912902832031,-17.40997314453125,FFHQ
028380,55.43910217285156,41.18267059326172,-14.256431579589844,FFHQ
040900,39.942100524902344,23.68175506591797,-16.260345458984375,FFHQ
040900,39.942100524902344,30.536998748779297,-9.405101776123047,FFHQ
040900,39.942100524902344,21.93805503845215,-18.004045486450195,FFHQ
040900,39.942100524902344,23.177282333374023,-16.76481819152832,FFHQ
040900,39.942100524902344,20.588661193847656,-19.353439331054688,FFHQ
019318,58.386695861816406,22.54053497314453,-35.846160888671875,FFHQ
019318,58.386695861816406,26.056640625,-32.330055236816406,FFHQ
019318,58.386695861816406,23.59450912475586,-34.79218673706055,FFHQ
019318,58.386695861816406,22.151838302612305,-36.2348575592041,FFHQ
019318,58.386695861816406,31.593196868896484,-26.793498992919922,FFHQ
016798,40.719940185546875,31.368947982788086,-9.350992202758789,FFHQ
016798,40.719940185546875,35.022220611572266,-5.697719573974609,FFHQ
016798,40.719940185546875,44.7694206237793,4.049480438232422,FFHQ
016798,40.719940185546875,32.8567008972168,-7.863239288330078,FFHQ
016798,40.719940185546875,35.806358337402344,-4.913581848144531,FFHQ
011083,1.3690500259399414,1.8453161716461182,0.47626614570617676,FFHQ
011083,1.3690500259399414,3.496729612350464,2.1276795864105225,FFHQ
011083,1.3690500259399414,1.9655404090881348,0.5964903831481934,FFHQ
011083,1.3690500259399414,1.4464575052261353,0.07740747928619385,FFHQ
011083,1.3690500259399414,5.0938262939453125,3.724776268005371,FFHQ
030780,17.773996353149414,33.272762298583984,15.49876594543457,FFHQ
030780,17.773996353149414,23.8113956451416,6.0373992919921875,FFHQ
030780,17.773996353149414,27.471025466918945,9.697029113769531,FFHQ
030780,17.773996353149414,27.148300170898438,9.374303817749023,FFHQ
030780,17.773996353149414,23.413076400756836,5.639080047607422,FFHQ
034136,62.15498352050781,27.856504440307617,-34.298479080200195,FFHQ
034136,62.15498352050781,35.370540618896484,-26.784442901611328,FFHQ
034136,62.15498352050781,23.28101921081543,-38.87396430969238,FFHQ
034136,62.15498352050781,53.88167190551758,-8.273311614990234,FFHQ
034136,62.15498352050781,51.94743347167969,-10.207550048828125,FFHQ
001738,26.883304595947266,23.979434967041016,-2.90386962890625,FFHQ
001738,26.883304595947266,25.648086547851562,-1.2352180480957031,FFHQ
001738,26.883304595947266,18.129989624023438,-8.753314971923828,FFHQ
001738,26.883304595947266,22.450632095336914,-4.432672500610352,FFHQ
001738,26.883304595947266,20.08325958251953,-6.800045013427734,FFHQ
024658,10.938013076782227,23.76888656616211,12.830873489379883,FFHQ
024658,10.938013076782227,26.450279235839844,15.512266159057617,FFHQ
024658,10.938013076782227,18.468482971191406,7.53046989440918,FFHQ
024658,10.938013076782227,14.798604965209961,3.8605918884277344,FFHQ
024658,10.938013076782227,17.284862518310547,6.34684944152832,FFHQ
011602,50.77973175048828,47.557640075683594,-3.2220916748046875,FFHQ
011602,50.77973175048828,48.80080795288086,-1.9789237976074219,FFHQ
011602,50.77973175048828,48.37983322143555,-2.3998985290527344,FFHQ
011602,50.77973175048828,41.71869659423828,-9.06103515625,FFHQ
011602,50.77973175048828,45.392356872558594,-5.3873748779296875,FFHQ
018167,70.685791015625,41.36475372314453,-29.32103729248047,FFHQ
018167,70.685791015625,50.97007369995117,-19.715717315673828,FFHQ
018167,70.685791015625,52.81376647949219,-17.872024536132812,FFHQ
018167,70.685791015625,38.9976921081543,-31.688098907470703,FFHQ
018167,70.685791015625,48.31876754760742,-22.367023468017578,FFHQ
020740,22.994272232055664,37.16033935546875,14.166067123413086,FFHQ
020740,22.994272232055664,23.599891662597656,0.6056194305419922,FFHQ
020740,22.994272232055664,18.17254638671875,-4.821725845336914,FFHQ
020740,22.994272232055664,32.38956832885742,9.395296096801758,FFHQ
020740,22.994272232055664,24.494293212890625,1.500020980834961,FFHQ
037503,29.84943962097168,23.091468811035156,-6.757970809936523,FFHQ
037503,29.84943962097168,26.239063262939453,-3.6103763580322266,FFHQ
037503,29.84943962097168,20.40247344970703,-9.446966171264648,FFHQ
037503,29.84943962097168,22.38361358642578,-7.465826034545898,FFHQ
037503,29.84943962097168,24.097064971923828,-5.752374649047852,FFHQ
040608,8.795062065124512,24.42283058166504,15.627768516540527,FFHQ
040608,8.795062065124512,25.035541534423828,16.240479469299316,FFHQ
040608,8.795062065124512,23.86219024658203,15.06712818145752,FFHQ
040608,8.795062065124512,24.673538208007812,15.8784761428833,FFHQ
040608,8.795062065124512,23.718948364257812,14.9238862991333,FFHQ
004153,20.952491760253906,18.15148162841797,-2.8010101318359375,FFHQ
004153,20.952491760253906,19.5328369140625,-1.4196548461914062,FFHQ
004153,20.952491760253906,18.847984313964844,-2.1045074462890625,FFHQ
004153,20.952491760253906,18.909500122070312,-2.0429916381835938,FFHQ
004153,20.952491760253906,17.9719181060791,-2.9805736541748047,FFHQ
024523,27.90127182006836,29.527950286865234,1.626678466796875,FFHQ
024523,27.90127182006836,35.017974853515625,7.116703033447266,FFHQ
024523,27.90127182006836,29.6870174407959,1.785745620727539,FFHQ
024523,27.90127182006836,26.758350372314453,-1.1429214477539062,FFHQ
024523,27.90127182006836,20.584117889404297,-7.3171539306640625,FFHQ
063848,62.058349609375,43.20032501220703,-18.85802459716797,FFHQ
063848,62.058349609375,36.194881439208984,-25.863468170166016,FFHQ
063848,62.058349609375,40.92310333251953,-21.13524627685547,FFHQ
063848,62.058349609375,39.84849548339844,-22.209854125976562,FFHQ
063848,62.058349609375,45.03333282470703,-17.02501678466797,FFHQ
010271,56.94984436035156,35.954315185546875,-20.995529174804688,FFHQ
010271,56.94984436035156,33.81416320800781,-23.13568115234375,FFHQ
010271,56.94984436035156,19.22101402282715,-37.728830337524414,FFHQ
010271,56.94984436035156,20.553707122802734,-36.39613723754883,FFHQ
010271,56.94984436035156,16.601531982421875,-40.34831237792969,FFHQ
015475,26.095626831054688,19.880098342895508,-6.21552848815918,FFHQ
015475,26.095626831054688,16.284156799316406,-9.811470031738281,FFHQ
015475,26.095626831054688,16.81682014465332,-9.278806686401367,FFHQ
015475,26.095626831054688,19.408458709716797,-6.687168121337891,FFHQ
015475,26.095626831054688,16.040573120117188,-10.0550537109375,FFHQ
032714,5.256231307983398,19.321231842041016,14.065000534057617,FFHQ
032714,5.256231307983398,3.758044958114624,-1.4981863498687744,FFHQ
032714,5.256231307983398,5.275990009307861,0.01975870132446289,FFHQ
032714,5.256231307983398,24.61505699157715,19.35882568359375,FFHQ
032714,5.256231307983398,33.61460494995117,28.358373641967773,FFHQ
052852,18.012405395507812,17.228761672973633,-0.7836437225341797,FFHQ
052852,18.012405395507812,21.8870792388916,3.874673843383789,FFHQ
052852,18.012405395507812,21.062013626098633,3.0496082305908203,FFHQ
052852,18.012405395507812,21.60120391845703,3.5887985229492188,FFHQ
052852,18.012405395507812,19.924182891845703,1.9117774963378906,FFHQ
024470,53.81186294555664,26.47100257873535,-27.34086036682129,FFHQ
024470,53.81186294555664,51.04218292236328,-2.7696800231933594,FFHQ
024470,53.81186294555664,23.808937072753906,-30.002925872802734,FFHQ
024470,53.81186294555664,21.13412094116211,-32.67774200439453,FFHQ
024470,53.81186294555664,32.46951675415039,-21.34234619140625,FFHQ
001796,71.25092315673828,13.224781036376953,-58.02614212036133,FFHQ
001796,71.25092315673828,16.504304885864258,-54.74661827087402,FFHQ
001796,71.25092315673828,54.774139404296875,-16.476783752441406,FFHQ
001796,71.25092315673828,23.135583877563477,-48.115339279174805,FFHQ
001796,71.25092315673828,18.96444320678711,-52.28647994995117,FFHQ
047187,36.84750747680664,35.38048553466797,-1.4670219421386719,FFHQ
047187,36.84750747680664,24.935163497924805,-11.912343978881836,FFHQ
047187,36.84750747680664,24.108139038085938,-12.739368438720703,FFHQ
047187,36.84750747680664,37.92583084106445,1.0783233642578125,FFHQ
047187,36.84750747680664,29.392314910888672,-7.455192565917969,FFHQ
028876,14.928508758544922,16.788179397583008,1.859670639038086,FFHQ
028876,14.928508758544922,18.070232391357422,3.1417236328125,FFHQ
028876,14.928508758544922,13.529558181762695,-1.3989505767822266,FFHQ
028876,14.928508758544922,15.604598999023438,0.6760902404785156,FFHQ
028876,14.928508758544922,14.690792083740234,-0.2377166748046875,FFHQ
009878,12.663654327392578,24.15315055847168,11.489496231079102,FFHQ
009878,12.663654327392578,17.748485565185547,5.084831237792969,FFHQ
009878,12.663654327392578,26.490148544311523,13.826494216918945,FFHQ
009878,12.663654327392578,13.758527755737305,1.0948734283447266,FFHQ
009878,12.663654327392578,25.655912399291992,12.992258071899414,FFHQ
018504,22.92742919921875,27.61730194091797,4.689872741699219,FFHQ
018504,22.92742919921875,30.281238555908203,7.353809356689453,FFHQ
018504,22.92742919921875,27.519668579101562,4.5922393798828125,FFHQ
018504,22.92742919921875,24.965404510498047,2.037975311279297,FFHQ
018504,22.92742919921875,25.361431121826172,2.434001922607422,FFHQ
066276,21.031972885131836,38.04637908935547,17.014406204223633,FFHQ
066276,21.031972885131836,26.61555290222168,5.583580017089844,FFHQ
066276,21.031972885131836,22.12652015686035,1.0945472717285156,FFHQ
066276,21.031972885131836,38.306541442871094,17.274568557739258,FFHQ
066276,21.031972885131836,24.73460578918457,3.7026329040527344,FFHQ
005028,27.68795394897461,53.10488510131836,25.41693115234375,FFHQ
005028,27.68795394897461,41.81690979003906,14.128955841064453,FFHQ
005028,27.68795394897461,35.593360900878906,7.905406951904297,FFHQ
005028,27.68795394897461,28.175941467285156,0.4879875183105469,FFHQ
005028,27.68795394897461,45.67459487915039,17.98664093017578,FFHQ
013286,52.650733947753906,58.25404357910156,5.603309631347656,FFHQ
013286,52.650733947753906,22.450864791870117,-30.19986915588379,FFHQ
013286,52.650733947753906,34.06094741821289,-18.589786529541016,FFHQ
013286,52.650733947753906,49.66571044921875,-2.9850234985351562,FFHQ
013286,52.650733947753906,30.681900024414062,-21.968833923339844,FFHQ
013836,3.2597811222076416,4.456151485443115,1.1963703632354736,FFHQ
013836,3.2597811222076416,8.376346588134766,5.116565465927124,FFHQ
013836,3.2597811222076416,4.242191791534424,0.9824106693267822,FFHQ
013836,3.2597811222076416,9.650205612182617,6.390424489974976,FFHQ
013836,3.2597811222076416,7.405737400054932,4.14595627784729,FFHQ
064092,17.947494506835938,23.479887008666992,5.532392501831055,FFHQ
064092,17.947494506835938,23.260440826416016,5.312946319580078,FFHQ
064092,17.947494506835938,22.566434860229492,4.618940353393555,FFHQ
064092,17.947494506835938,23.568187713623047,5.620693206787109,FFHQ
064092,17.947494506835938,21.674224853515625,3.7267303466796875,FFHQ
053849,28.646156311035156,18.367738723754883,-10.278417587280273,FFHQ
053849,28.646156311035156,20.20818519592285,-8.437971115112305,FFHQ
053849,28.646156311035156,25.342323303222656,-3.3038330078125,FFHQ
053849,28.646156311035156,23.319896697998047,-5.326259613037109,FFHQ
053849,28.646156311035156,19.727628707885742,-8.918527603149414,FFHQ
063578,15.671014785766602,23.247159957885742,7.576145172119141,FFHQ
063578,15.671014785766602,23.845516204833984,8.174501419067383,FFHQ
063578,15.671014785766602,19.16388702392578,3.4928722381591797,FFHQ
063578,15.671014785766602,20.11007308959961,4.439058303833008,FFHQ
063578,15.671014785766602,20.207122802734375,4.536108016967773,FFHQ
052500,22.62626838684082,22.858522415161133,0.2322540283203125,FFHQ
052500,22.62626838684082,25.34158706665039,2.7153186798095703,FFHQ
052500,22.62626838684082,25.128501892089844,2.5022335052490234,FFHQ
052500,22.62626838684082,35.83245086669922,13.206182479858398,FFHQ
052500,22.62626838684082,27.357250213623047,4.730981826782227,FFHQ
046491,42.848480224609375,27.00409507751465,-15.844385147094727,FFHQ
046491,42.848480224609375,22.05860137939453,-20.789878845214844,FFHQ
046491,42.848480224609375,23.334819793701172,-19.513660430908203,FFHQ
046491,42.848480224609375,21.588851928710938,-21.259628295898438,FFHQ
046491,42.848480224609375,23.275819778442383,-19.572660446166992,FFHQ
003524,20.149873733520508,23.43008041381836,3.2802066802978516,FFHQ
003524,20.149873733520508,20.224605560302734,0.07473182678222656,FFHQ
003524,20.149873733520508,17.180147171020508,-2.9697265625,FFHQ
003524,20.149873733520508,18.12631607055664,-2.023557662963867,FFHQ
003524,20.149873733520508,24.131595611572266,3.981721878051758,FFHQ
041256,39.616798400878906,10.861587524414062,-28.755210876464844,FFHQ
041256,39.616798400878906,14.531742095947266,-25.08505630493164,FFHQ
041256,39.616798400878906,16.34136962890625,-23.275428771972656,FFHQ
041256,39.616798400878906,29.412330627441406,-10.2044677734375,FFHQ
041256,39.616798400878906,14.254474639892578,-25.362323760986328,FFHQ
029952,25.961502075195312,38.732032775878906,12.770530700683594,FFHQ
029952,25.961502075195312,31.384244918823242,5.42274284362793,FFHQ
029952,25.961502075195312,46.9871826171875,21.025680541992188,FFHQ
029952,25.961502075195312,21.248279571533203,-4.713222503662109,FFHQ
029952,25.961502075195312,17.71300506591797,-8.248497009277344,FFHQ
019676,24.880413055419922,32.64006042480469,7.759647369384766,FFHQ
019676,24.880413055419922,40.489749908447266,15.609336853027344,FFHQ
019676,24.880413055419922,26.711217880249023,1.8308048248291016,FFHQ
019676,24.880413055419922,36.22549819946289,11.345085144042969,FFHQ
019676,24.880413055419922,27.839792251586914,2.959379196166992,FFHQ
007751,51.922462463378906,23.361732482910156,-28.56072998046875,FFHQ
007751,51.922462463378906,19.443050384521484,-32.47941207885742,FFHQ
007751,51.922462463378906,21.446205139160156,-30.47625732421875,FFHQ
007751,51.922462463378906,21.73723793029785,-30.185224533081055,FFHQ
007751,51.922462463378906,16.531742095947266,-35.39072036743164,FFHQ
006285,18.884761810302734,19.396520614624023,0.5117588043212891,FFHQ
006285,18.884761810302734,18.849761962890625,-0.034999847412109375,FFHQ
006285,18.884761810302734,18.663223266601562,-0.22153854370117188,FFHQ
006285,18.884761810302734,18.196163177490234,-0.6885986328125,FFHQ
006285,18.884761810302734,24.642148971557617,5.757387161254883,FFHQ
042003,32.21256637573242,19.075044631958008,-13.137521743774414,FFHQ
042003,32.21256637573242,26.67345428466797,-5.539112091064453,FFHQ
042003,32.21256637573242,31.66459846496582,-0.5479679107666016,FFHQ
042003,32.21256637573242,22.75620460510254,-9.456361770629883,FFHQ
042003,32.21256637573242,23.41550064086914,-8.797065734863281,FFHQ
001219,26.22137451171875,25.440746307373047,-0.7806282043457031,FFHQ
001219,26.22137451171875,39.37257766723633,13.151203155517578,FFHQ
001219,26.22137451171875,23.911006927490234,-2.3103675842285156,FFHQ
001219,26.22137451171875,19.99128532409668,-6.23008918762207,FFHQ
001219,26.22137451171875,19.208019256591797,-7.013355255126953,FFHQ
046111,56.89281463623047,9.491901397705078,-47.40091323852539,FFHQ
046111,56.89281463623047,13.661252975463867,-43.2315616607666,FFHQ
046111,56.89281463623047,13.662525177001953,-43.230289459228516,FFHQ
046111,56.89281463623047,11.46346664428711,-45.42934799194336,FFHQ
046111,56.89281463623047,18.40009307861328,-38.49272155761719,FFHQ
052769,19.50335693359375,11.098455429077148,-8.404901504516602,FFHQ
052769,19.50335693359375,16.84903907775879,-2.654317855834961,FFHQ
052769,19.50335693359375,10.556570053100586,-8.946786880493164,FFHQ
052769,19.50335693359375,9.123916625976562,-10.379440307617188,FFHQ
052769,19.50335693359375,14.119840621948242,-5.383516311645508,FFHQ
003450,60.33017349243164,30.785762786865234,-29.544410705566406,FFHQ
003450,60.33017349243164,31.426048278808594,-28.904125213623047,FFHQ
003450,60.33017349243164,30.270292282104492,-30.05988121032715,FFHQ
003450,60.33017349243164,27.414329528808594,-32.91584396362305,FFHQ
003450,60.33017349243164,33.47213363647461,-26.85803985595703,FFHQ
001888,57.83515167236328,43.36760711669922,-14.467544555664062,FFHQ
001888,57.83515167236328,20.92966079711914,-36.90549087524414,FFHQ
001888,57.83515167236328,50.20384216308594,-7.631309509277344,FFHQ
001888,57.83515167236328,40.717620849609375,-17.117530822753906,FFHQ
001888,57.83515167236328,38.36823272705078,-19.4669189453125,FFHQ
021300,31.06178092956543,23.998268127441406,-7.063512802124023,FFHQ
021300,31.06178092956543,27.17291259765625,-3.8888683319091797,FFHQ
021300,31.06178092956543,25.12355613708496,-5.938224792480469,FFHQ
021300,31.06178092956543,22.008264541625977,-9.053516387939453,FFHQ
021300,31.06178092956543,19.784753799438477,-11.277027130126953,FFHQ
029960,52.54290008544922,42.55198287963867,-9.990917205810547,FFHQ
029960,52.54290008544922,37.918312072753906,-14.624588012695312,FFHQ
029960,52.54290008544922,35.90665817260742,-16.636241912841797,FFHQ
029960,52.54290008544922,41.058685302734375,-11.484214782714844,FFHQ
029960,52.54290008544922,42.04071044921875,-10.502189636230469,FFHQ
022034,16.816516876220703,15.656585693359375,-1.1599311828613281,FFHQ
022034,16.816516876220703,10.306798934936523,-6.50971794128418,FFHQ
022034,16.816516876220703,15.239986419677734,-1.5765304565429688,FFHQ
022034,16.816516876220703,15.007518768310547,-1.8089981079101562,FFHQ
022034,16.816516876220703,12.531436920166016,-4.2850799560546875,FFHQ
013045,58.586090087890625,50.00758361816406,-8.578506469726562,FFHQ
013045,58.586090087890625,47.567474365234375,-11.01861572265625,FFHQ
013045,58.586090087890625,41.04674530029297,-17.539344787597656,FFHQ
013045,58.586090087890625,49.79554748535156,-8.790542602539062,FFHQ
013045,58.586090087890625,37.254539489746094,-21.33155059814453,FFHQ
029611,11.695486068725586,12.923730850219727,1.2282447814941406,FFHQ
029611,11.695486068725586,18.988414764404297,7.292928695678711,FFHQ
029611,11.695486068725586,15.857925415039062,4.162439346313477,FFHQ
029611,11.695486068725586,17.73492431640625,6.039438247680664,FFHQ
029611,11.695486068725586,15.483160018920898,3.7876739501953125,FFHQ
063709,61.96935272216797,20.045955657958984,-41.923397064208984,FFHQ
063709,61.96935272216797,18.2095890045166,-43.75976371765137,FFHQ
063709,61.96935272216797,18.968536376953125,-43.000816345214844,FFHQ
063709,61.96935272216797,16.417747497558594,-45.551605224609375,FFHQ
063709,61.96935272216797,18.89726448059082,-43.07208824157715,FFHQ
056257,22.692537307739258,24.66107749938965,1.9685401916503906,FFHQ
056257,22.692537307739258,25.46283721923828,2.7702999114990234,FFHQ
056257,22.692537307739258,23.24100685119629,0.5484695434570312,FFHQ
056257,22.692537307739258,31.88477325439453,9.192235946655273,FFHQ
056257,22.692537307739258,20.805347442626953,-1.8871898651123047,FFHQ
034103,23.510772705078125,15.564311981201172,-7.946460723876953,FFHQ
034103,23.510772705078125,16.432891845703125,-7.077880859375,FFHQ
034103,23.510772705078125,18.08696174621582,-5.423810958862305,FFHQ
034103,23.510772705078125,23.026187896728516,-0.4845848083496094,FFHQ
034103,23.510772705078125,18.55894660949707,-4.951826095581055,FFHQ
005347,45.185882568359375,42.669193267822266,-2.5166893005371094,FFHQ
005347,45.185882568359375,22.262813568115234,-22.92306900024414,FFHQ
005347,45.185882568359375,19.94127655029297,-25.244606018066406,FFHQ
005347,45.185882568359375,32.53921127319336,-12.646671295166016,FFHQ
005347,45.185882568359375,18.943408966064453,-26.242473602294922,FFHQ
069748,12.710393905639648,12.376279830932617,-0.33411407470703125,FFHQ
069748,12.710393905639648,13.130409240722656,0.4200153350830078,FFHQ
069748,12.710393905639648,7.820706844329834,-4.8896870613098145,FFHQ
069748,12.710393905639648,8.616897583007812,-4.093496322631836,FFHQ
069748,12.710393905639648,8.441779136657715,-4.268614768981934,FFHQ
000285,5.4456915855407715,8.879999160766602,3.43430757522583,FFHQ
000285,5.4456915855407715,8.84396743774414,3.398275852203369,FFHQ
000285,5.4456915855407715,6.878431797027588,1.4327402114868164,FFHQ
000285,5.4456915855407715,5.305440902709961,-0.14025068283081055,FFHQ
000285,5.4456915855407715,5.490438938140869,0.044747352600097656,FFHQ
039798,16.28246307373047,17.41098403930664,1.1285209655761719,FFHQ
039798,16.28246307373047,16.000619888305664,-0.2818431854248047,FFHQ
039798,16.28246307373047,17.608505249023438,1.3260421752929688,FFHQ
039798,16.28246307373047,16.227840423583984,-0.054622650146484375,FFHQ
039798,16.28246307373047,15.068948745727539,-1.2135143280029297,FFHQ
048969,1.2501306533813477,1.198264479637146,-0.05186617374420166,FFHQ
048969,1.2501306533813477,1.8962827920913696,0.646152138710022,FFHQ
048969,1.2501306533813477,1.3517884016036987,0.10165774822235107,FFHQ
048969,1.2501306533813477,1.2167344093322754,-0.033396244049072266,FFHQ
048969,1.2501306533813477,1.2009506225585938,-0.049180030822753906,FFHQ
022311,6.497618198394775,13.501750946044922,7.0041327476501465,FFHQ
022311,6.497618198394775,15.94932746887207,9.451709270477295,FFHQ
022311,6.497618198394775,11.266284942626953,4.768666744232178,FFHQ
022311,6.497618198394775,8.562807083129883,2.0651888847351074,FFHQ
022311,6.497618198394775,8.189860343933105,1.69224214553833,FFHQ
065817,32.352169036865234,16.307409286499023,-16.04475975036621,FFHQ
065817,32.352169036865234,19.332252502441406,-13.019916534423828,FFHQ
065817,32.352169036865234,16.368446350097656,-15.983722686767578,FFHQ
065817,32.352169036865234,17.066370010375977,-15.285799026489258,FFHQ
065817,32.352169036865234,18.401533126831055,-13.95063591003418,FFHQ
026231,13.344820022583008,17.609554290771484,4.264734268188477,FFHQ
026231,13.344820022583008,16.88792610168457,3.5431060791015625,FFHQ
026231,13.344820022583008,13.678083419799805,0.3332633972167969,FFHQ
026231,13.344820022583008,12.380165100097656,-0.9646549224853516,FFHQ
026231,13.344820022583008,14.910940170288086,1.5661201477050781,FFHQ
006567,20.518678665161133,22.31460952758789,1.7959308624267578,FFHQ
006567,20.518678665161133,22.20975112915039,1.6910724639892578,FFHQ
006567,20.518678665161133,28.66025161743164,8.141572952270508,FFHQ
006567,20.518678665161133,22.53899574279785,2.0203170776367188,FFHQ
006567,20.518678665161133,27.77536964416504,7.256690979003906,FFHQ
034015,19.166397094726562,18.176074981689453,-0.9903221130371094,FFHQ
034015,19.166397094726562,24.630041122436523,5.463644027709961,FFHQ
034015,19.166397094726562,27.529804229736328,8.363407135009766,FFHQ
034015,19.166397094726562,16.842727661132812,-2.32366943359375,FFHQ
034015,19.166397094726562,22.175352096557617,3.0089550018310547,FFHQ
033625,24.413070678710938,39.54055404663086,15.127483367919922,FFHQ
033625,24.413070678710938,22.78461456298828,-1.6284561157226562,FFHQ
033625,24.413070678710938,36.49418640136719,12.08111572265625,FFHQ
033625,24.413070678710938,11.692045211791992,-12.721025466918945,FFHQ
033625,24.413070678710938,40.263526916503906,15.850456237792969,FFHQ
010030,19.07481575012207,17.34779167175293,-1.7270240783691406,FFHQ
010030,19.07481575012207,15.531852722167969,-3.5429630279541016,FFHQ
010030,19.07481575012207,17.262359619140625,-1.8124561309814453,FFHQ
010030,19.07481575012207,15.811975479125977,-3.2628402709960938,FFHQ
010030,19.07481575012207,18.277835845947266,-0.7969799041748047,FFHQ
034074,59.423587799072266,26.85659408569336,-32.566993713378906,FFHQ
034074,59.423587799072266,29.549428939819336,-29.87415885925293,FFHQ
034074,59.423587799072266,10.52414321899414,-48.899444580078125,FFHQ
034074,59.423587799072266,15.755353927612305,-43.66823387145996,FFHQ
034074,59.423587799072266,15.612861633300781,-43.810726165771484,FFHQ
039823,12.678823471069336,19.42165756225586,6.742834091186523,FFHQ
039823,12.678823471069336,18.5555477142334,5.8767242431640625,FFHQ
039823,12.678823471069336,17.946903228759766,5.26807975769043,FFHQ
039823,12.678823471069336,17.152841567993164,4.474018096923828,FFHQ
039823,12.678823471069336,18.195636749267578,5.516813278198242,FFHQ
009355,55.381107330322266,40.24254608154297,-15.138561248779297,FFHQ
009355,55.381107330322266,50.86454391479492,-4.516563415527344,FFHQ
009355,55.381107330322266,55.199649810791016,-0.18145751953125,FFHQ
009355,55.381107330322266,51.491455078125,-3.8896522521972656,FFHQ
009355,55.381107330322266,46.5769157409668,-8.804191589355469,FFHQ
006662,28.494796752929688,25.706188201904297,-2.7886085510253906,FFHQ
006662,28.494796752929688,22.462932586669922,-6.031864166259766,FFHQ
006662,28.494796752929688,24.35300064086914,-4.141796112060547,FFHQ
006662,28.494796752929688,23.93474578857422,-4.560050964355469,FFHQ
006662,28.494796752929688,25.508869171142578,-2.9859275817871094,FFHQ
023005,11.340019226074219,16.70186996459961,5.361850738525391,FFHQ
023005,11.340019226074219,11.628009796142578,0.2879905700683594,FFHQ
023005,11.340019226074219,12.347515106201172,1.0074958801269531,FFHQ
023005,11.340019226074219,13.896997451782227,2.556978225708008,FFHQ
023005,11.340019226074219,13.245870590209961,1.9058513641357422,FFHQ
066639,36.31550598144531,46.433128356933594,10.117622375488281,FFHQ
066639,36.31550598144531,28.684104919433594,-7.631401062011719,FFHQ
066639,36.31550598144531,30.065399169921875,-6.2501068115234375,FFHQ
066639,36.31550598144531,29.496417999267578,-6.819087982177734,FFHQ
066639,36.31550598144531,34.8670539855957,-1.4484519958496094,FFHQ
053986,12.7431640625,8.39731216430664,-4.345851898193359,FFHQ
053986,12.7431640625,9.48563003540039,-3.2575340270996094,FFHQ
053986,12.7431640625,8.447063446044922,-4.296100616455078,FFHQ
053986,12.7431640625,10.98361587524414,-1.7595481872558594,FFHQ
053986,12.7431640625,20.591869354248047,7.848705291748047,FFHQ
051850,26.668537139892578,13.230045318603516,-13.438491821289062,FFHQ
051850,26.668537139892578,5.917559623718262,-20.750977516174316,FFHQ
051850,26.668537139892578,21.29604721069336,-5.372489929199219,FFHQ
051850,26.668537139892578,23.60378646850586,-3.0647506713867188,FFHQ
051850,26.668537139892578,12.137248992919922,-14.531288146972656,FFHQ
032674,66.30764770507812,39.65827178955078,-26.649375915527344,FFHQ
032674,66.30764770507812,46.81702423095703,-19.490623474121094,FFHQ
032674,66.30764770507812,39.47650909423828,-26.831138610839844,FFHQ
032674,66.30764770507812,43.09063720703125,-23.217010498046875,FFHQ
032674,66.30764770507812,37.08413314819336,-29.223514556884766,FFHQ
011355,34.07271194458008,21.67506217956543,-12.397649765014648,FFHQ
011355,34.07271194458008,26.501375198364258,-7.57133674621582,FFHQ
011355,34.07271194458008,19.53365135192871,-14.539060592651367,FFHQ
011355,34.07271194458008,16.194000244140625,-17.878711700439453,FFHQ
011355,34.07271194458008,24.559337615966797,-9.513374328613281,FFHQ
012598,19.59313201904297,32.203407287597656,12.610275268554688,FFHQ
012598,19.59313201904297,23.782909393310547,4.189777374267578,FFHQ
012598,19.59313201904297,21.44863510131836,1.8555030822753906,FFHQ
012598,19.59313201904297,24.36109161376953,4.7679595947265625,FFHQ
012598,19.59313201904297,18.846073150634766,-0.7470588684082031,FFHQ
020520,11.816802978515625,20.368633270263672,8.551830291748047,FFHQ
020520,11.816802978515625,31.1207275390625,19.303924560546875,FFHQ
020520,11.816802978515625,25.31194305419922,13.495140075683594,FFHQ
020520,11.816802978515625,23.545751571655273,11.728948593139648,FFHQ
020520,11.816802978515625,22.404359817504883,10.587556838989258,FFHQ
025865,16.08820152282715,24.189414978027344,8.101213455200195,FFHQ
025865,16.08820152282715,23.26200294494629,7.173801422119141,FFHQ
025865,16.08820152282715,19.639925003051758,3.5517234802246094,FFHQ
025865,16.08820152282715,24.179485321044922,8.091283798217773,FFHQ
025865,16.08820152282715,19.288644790649414,3.2004432678222656,FFHQ
041592,5.199732303619385,16.773229598999023,11.573497295379639,FFHQ
041592,5.199732303619385,10.17262077331543,4.972888469696045,FFHQ
041592,5.199732303619385,12.330373764038086,7.130641460418701,FFHQ
041592,5.199732303619385,14.91336441040039,9.713632106781006,FFHQ
041592,5.199732303619385,10.92000961303711,5.720277309417725,FFHQ
005170,17.27916145324707,22.33916473388672,5.060003280639648,FFHQ
005170,17.27916145324707,19.10528564453125,1.8261241912841797,FFHQ
005170,17.27916145324707,24.579341888427734,7.300180435180664,FFHQ
005170,17.27916145324707,18.848590850830078,1.5694293975830078,FFHQ
005170,17.27916145324707,17.444791793823242,0.16563034057617188,FFHQ
012830,20.914499282836914,25.98550033569336,5.071001052856445,FFHQ
012830,20.914499282836914,35.31149673461914,14.396997451782227,FFHQ
012830,20.914499282836914,31.040586471557617,10.126087188720703,FFHQ
012830,20.914499282836914,27.11997413635254,6.205474853515625,FFHQ
012830,20.914499282836914,31.90871238708496,10.994213104248047,FFHQ
043173,5.49395751953125,19.454235076904297,13.960277557373047,FFHQ
043173,5.49395751953125,23.925865173339844,18.431907653808594,FFHQ
043173,5.49395751953125,11.695262908935547,6.201305389404297,FFHQ
043173,5.49395751953125,11.300621032714844,5.806663513183594,FFHQ
043173,5.49395751953125,15.754674911499023,10.260717391967773,FFHQ
057687,25.53456687927246,9.578826904296875,-15.955739974975586,FFHQ
057687,25.53456687927246,12.78360366821289,-12.75096321105957,FFHQ
057687,25.53456687927246,13.500482559204102,-12.03408432006836,FFHQ
057687,25.53456687927246,12.142463684082031,-13.39210319519043,FFHQ
057687,25.53456687927246,29.997709274291992,4.463142395019531,FFHQ
007507,70.1011734008789,44.855506896972656,-25.24566650390625,FFHQ
007507,70.1011734008789,42.3773307800293,-27.72384262084961,FFHQ
007507,70.1011734008789,53.90987014770508,-16.191303253173828,FFHQ
007507,70.1011734008789,44.70740509033203,-25.393768310546875,FFHQ
007507,70.1011734008789,52.94182205200195,-17.159351348876953,FFHQ
024455,16.51357650756836,19.475675582885742,2.962099075317383,FFHQ
024455,16.51357650756836,16.434860229492188,-0.07871627807617188,FFHQ
024455,16.51357650756836,19.952556610107422,3.4389801025390625,FFHQ
024455,16.51357650756836,14.942890167236328,-1.5706863403320312,FFHQ
024455,16.51357650756836,15.348100662231445,-1.165475845336914,FFHQ
048243,60.98041534423828,48.96714782714844,-12.013267517089844,FFHQ
048243,60.98041534423828,55.792877197265625,-5.187538146972656,FFHQ
048243,60.98041534423828,47.74460983276367,-13.23580551147461,FFHQ
048243,60.98041534423828,50.24706268310547,-10.733352661132812,FFHQ
048243,60.98041534423828,54.578826904296875,-6.401588439941406,FFHQ
065761,30.53851890563965,33.675201416015625,3.1366825103759766,FFHQ
065761,30.53851890563965,24.15988540649414,-6.378633499145508,FFHQ
065761,30.53851890563965,28.84389877319336,-1.694620132446289,FFHQ
065761,30.53851890563965,34.12029266357422,3.5817737579345703,FFHQ
065761,30.53851890563965,27.396835327148438,-3.141683578491211,FFHQ
015919,15.873544692993164,20.009035110473633,4.135490417480469,FFHQ
015919,15.873544692993164,17.730844497680664,1.8572998046875,FFHQ
015919,15.873544692993164,15.475311279296875,-0.39823341369628906,FFHQ
015919,15.873544692993164,15.869741439819336,-0.003803253173828125,FFHQ
015919,15.873544692993164,22.086971282958984,6.21342658996582,FFHQ
054775,34.145751953125,20.305694580078125,-13.840057373046875,FFHQ
054775,34.145751953125,28.637060165405273,-5.508691787719727,FFHQ
054775,34.145751953125,26.470680236816406,-7.675071716308594,FFHQ
054775,34.145751953125,21.110143661499023,-13.035608291625977,FFHQ
054775,34.145751953125,22.243385314941406,-11.902366638183594,FFHQ
015237,9.586637496948242,52.17742919921875,42.59079170227051,FFHQ
015237,9.586637496948242,37.503196716308594,27.91655921936035,FFHQ
015237,9.586637496948242,51.9202995300293,42.333662033081055,FFHQ
015237,9.586637496948242,53.94647216796875,44.35983467102051,FFHQ
015237,9.586637496948242,51.10699462890625,41.52035713195801,FFHQ
031835,31.20098114013672,30.061355590820312,-1.1396255493164062,FFHQ
031835,31.20098114013672,28.362518310546875,-2.8384628295898438,FFHQ
031835,31.20098114013672,30.885509490966797,-0.3154716491699219,FFHQ
031835,31.20098114013672,32.43560028076172,1.234619140625,FFHQ
031835,31.20098114013672,28.876731872558594,-2.324249267578125,FFHQ
063705,25.305038452148438,33.04850769042969,7.74346923828125,FFHQ
063705,25.305038452148438,31.388608932495117,6.08357048034668,FFHQ
063705,25.305038452148438,42.96382141113281,17.658782958984375,FFHQ
063705,25.305038452148438,28.756221771240234,3.451183319091797,FFHQ
063705,25.305038452148438,25.80373191833496,0.49869346618652344,FFHQ
011285,31.039348602294922,16.8980770111084,-14.141271591186523,FFHQ
011285,31.039348602294922,25.059349060058594,-5.979999542236328,FFHQ
011285,31.039348602294922,23.020206451416016,-8.019142150878906,FFHQ
011285,31.039348602294922,29.317520141601562,-1.7218284606933594,FFHQ
011285,31.039348602294922,17.79883575439453,-13.24051284790039,FFHQ
030240,51.06606674194336,23.732858657836914,-27.333208084106445,FFHQ
030240,51.06606674194336,17.245681762695312,-33.82038497924805,FFHQ
030240,51.06606674194336,17.276948928833008,-33.78911781311035,FFHQ
030240,51.06606674194336,16.504005432128906,-34.56206130981445,FFHQ
030240,51.06606674194336,36.182621002197266,-14.883445739746094,FFHQ
060131,6.00937557220459,13.451622009277344,7.442246437072754,FFHQ
060131,6.00937557220459,19.734399795532227,13.725024223327637,FFHQ
060131,6.00937557220459,12.106790542602539,6.097414970397949,FFHQ
060131,6.00937557220459,7.7286505699157715,1.7192749977111816,FFHQ
060131,6.00937557220459,9.192761421203613,3.1833858489990234,FFHQ
026432,16.0762939453125,21.503170013427734,5.426876068115234,FFHQ
026432,16.0762939453125,28.194429397583008,12.118135452270508,FFHQ
026432,16.0762939453125,25.163236618041992,9.086942672729492,FFHQ
026432,16.0762939453125,15.986246109008789,-0.09004783630371094,FFHQ
026432,16.0762939453125,19.006736755371094,2.9304428100585938,FFHQ
049753,56.38706970214844,52.08316421508789,-4.303905487060547,FFHQ
049753,56.38706970214844,47.86682891845703,-8.520240783691406,FFHQ
049753,56.38706970214844,37.061920166015625,-19.325149536132812,FFHQ
049753,56.38706970214844,37.81507110595703,-18.571998596191406,FFHQ
049753,56.38706970214844,50.975059509277344,-5.412010192871094,FFHQ
015119,8.007713317871094,11.94232177734375,3.9346084594726562,FFHQ
015119,8.007713317871094,11.61886978149414,3.611156463623047,FFHQ
015119,8.007713317871094,8.711528778076172,0.7038154602050781,FFHQ
015119,8.007713317871094,11.543304443359375,3.5355911254882812,FFHQ
015119,8.007713317871094,10.59596061706543,2.588247299194336,FFHQ
059710,11.680768966674805,15.896343231201172,4.215574264526367,FFHQ
059710,11.680768966674805,9.889469146728516,-1.791299819946289,FFHQ
059710,11.680768966674805,14.98219108581543,3.301422119140625,FFHQ
059710,11.680768966674805,12.636150360107422,0.9553813934326172,FFHQ
059710,11.680768966674805,13.93275260925293,2.251983642578125,FFHQ
029120,11.244915008544922,35.882041931152344,24.637126922607422,FFHQ
029120,11.244915008544922,30.121776580810547,18.876861572265625,FFHQ
029120,11.244915008544922,20.035120010375977,8.790205001831055,FFHQ
029120,11.244915008544922,16.421743392944336,5.176828384399414,FFHQ
029120,11.244915008544922,25.67061996459961,14.425704956054688,FFHQ
041193,43.73310470581055,25.047664642333984,-18.685440063476562,FFHQ
041193,43.73310470581055,19.043437957763672,-24.689666748046875,FFHQ
041193,43.73310470581055,25.564287185668945,-18.1688175201416,FFHQ
041193,43.73310470581055,25.12775230407715,-18.6053524017334,FFHQ
041193,43.73310470581055,26.722518920898438,-17.01058578491211,FFHQ
035993,28.99468421936035,28.846282958984375,-0.14840126037597656,FFHQ
035993,28.99468421936035,28.564605712890625,-0.43007850646972656,FFHQ
035993,28.99468421936035,22.826377868652344,-6.168306350708008,FFHQ
035993,28.99468421936035,26.223255157470703,-2.7714290618896484,FFHQ
035993,28.99468421936035,22.9742488861084,-6.020435333251953,FFHQ
010443,42.037940979003906,43.47007751464844,1.4321365356445312,FFHQ
010443,42.037940979003906,22.8160457611084,-19.221895217895508,FFHQ
010443,42.037940979003906,60.285064697265625,18.24712371826172,FFHQ
010443,42.037940979003906,53.4287109375,11.390769958496094,FFHQ
010443,42.037940979003906,50.52246856689453,8.484527587890625,FFHQ
008352,3.7389299869537354,5.122688293457031,1.383758306503296,FFHQ
008352,3.7389299869537354,9.85584831237793,6.116918325424194,FFHQ
008352,3.7389299869537354,7.671658992767334,3.9327290058135986,FFHQ
008352,3.7389299869537354,5.213609218597412,1.4746792316436768,FFHQ
008352,3.7389299869537354,15.023962020874023,11.285032033920288,FFHQ
000018,61.14653778076172,49.90026092529297,-11.24627685546875,FFHQ
000018,61.14653778076172,44.58385467529297,-16.56268310546875,FFHQ
000018,61.14653778076172,45.42894744873047,-15.71759033203125,FFHQ
000018,61.14653778076172,42.98589324951172,-18.16064453125,FFHQ
000018,61.14653778076172,42.09824752807617,-19.048290252685547,FFHQ
017595,42.37615966796875,36.179779052734375,-6.196380615234375,FFHQ
017595,42.37615966796875,32.55423355102539,-9.82192611694336,FFHQ
017595,42.37615966796875,38.158111572265625,-4.218048095703125,FFHQ
017595,42.37615966796875,40.014068603515625,-2.362091064453125,FFHQ
017595,42.37615966796875,29.885944366455078,-12.490215301513672,FFHQ
047611,44.14830017089844,32.545230865478516,-11.603069305419922,FFHQ
047611,44.14830017089844,27.846290588378906,-16.30200958251953,FFHQ
047611,44.14830017089844,25.789976119995117,-18.35832405090332,FFHQ
047611,44.14830017089844,34.13857650756836,-10.009723663330078,FFHQ
047611,44.14830017089844,25.979541778564453,-18.168758392333984,FFHQ
052704,14.057100296020508,14.293750762939453,0.2366504669189453,FFHQ
052704,14.057100296020508,21.57443618774414,7.517335891723633,FFHQ
052704,14.057100296020508,27.335586547851562,13.278486251831055,FFHQ
052704,14.057100296020508,30.18494415283203,16.127843856811523,FFHQ
052704,14.057100296020508,43.19315719604492,29.136056900024414,FFHQ
013125,29.841751098632812,29.889060974121094,0.04730987548828125,FFHQ
013125,29.841751098632812,31.36870002746582,1.5269489288330078,FFHQ
013125,29.841751098632812,32.20084762573242,2.3590965270996094,FFHQ
013125,29.841751098632812,27.060699462890625,-2.7810516357421875,FFHQ
013125,29.841751098632812,29.669403076171875,-0.1723480224609375,FFHQ
052347,49.96605682373047,29.904293060302734,-20.061763763427734,FFHQ
052347,49.96605682373047,33.6782112121582,-16.287845611572266,FFHQ
052347,49.96605682373047,29.16146469116211,-20.80459213256836,FFHQ
052347,49.96605682373047,33.023258209228516,-16.942798614501953,FFHQ
052347,49.96605682373047,24.28814697265625,-25.67790985107422,FFHQ
016131,31.217884063720703,29.58156394958496,-1.6363201141357422,FFHQ
016131,31.217884063720703,31.349849700927734,0.13196563720703125,FFHQ
016131,31.217884063720703,26.3143310546875,-4.903553009033203,FFHQ
016131,31.217884063720703,28.370746612548828,-2.847137451171875,FFHQ
016131,31.217884063720703,27.97642707824707,-3.241456985473633,FFHQ
024629,59.93836975097656,35.878562927246094,-24.05980682373047,FFHQ
024629,59.93836975097656,42.50190734863281,-17.43646240234375,FFHQ
024629,59.93836975097656,36.57133483886719,-23.367034912109375,FFHQ
024629,59.93836975097656,51.74822235107422,-8.190147399902344,FFHQ
024629,59.93836975097656,44.49679183959961,-15.441577911376953,FFHQ
013100,45.95189666748047,44.91951370239258,-1.0323829650878906,FFHQ
013100,45.95189666748047,44.581363677978516,-1.3705329895019531,FFHQ
013100,45.95189666748047,42.37202072143555,-3.579875946044922,FFHQ
013100,45.95189666748047,41.51572799682617,-4.436168670654297,FFHQ
013100,45.95189666748047,38.848934173583984,-7.102962493896484,FFHQ
054597,50.02766799926758,28.92753791809082,-21.100130081176758,FFHQ
054597,50.02766799926758,23.41276741027832,-26.614900588989258,FFHQ
054597,50.02766799926758,19.19870376586914,-30.828964233398438,FFHQ
054597,50.02766799926758,18.261051177978516,-31.766616821289062,FFHQ
054597,50.02766799926758,18.783546447753906,-31.244121551513672,FFHQ
016043,68.6289291381836,50.10829162597656,-18.52063751220703,FFHQ
016043,68.6289291381836,44.63575744628906,-23.99317169189453,FFHQ
016043,68.6289291381836,58.20664978027344,-10.422279357910156,FFHQ
016043,68.6289291381836,49.208396911621094,-19.4205322265625,FFHQ
016043,68.6289291381836,49.94462585449219,-18.684303283691406,FFHQ
000176,55.109214782714844,48.59246826171875,-6.516746520996094,FFHQ
000176,55.109214782714844,17.061899185180664,-38.04731559753418,FFHQ
000176,55.109214782714844,13.951412200927734,-41.15780258178711,FFHQ
000176,55.109214782714844,11.253421783447266,-43.85579299926758,FFHQ
000176,55.109214782714844,54.826236724853516,-0.2829780578613281,FFHQ
039082,22.708389282226562,23.760622024536133,1.0522327423095703,FFHQ
039082,22.708389282226562,22.944255828857422,0.23586654663085938,FFHQ
039082,22.708389282226562,26.310556411743164,3.6021671295166016,FFHQ
039082,22.708389282226562,21.754281997680664,-0.9541072845458984,FFHQ
039082,22.708389282226562,25.331222534179688,2.622833251953125,FFHQ
023183,10.478811264038086,8.225652694702148,-2.2531585693359375,FFHQ
023183,10.478811264038086,10.314043045043945,-0.16476821899414062,FFHQ
023183,10.478811264038086,6.2716827392578125,-4.207128524780273,FFHQ
023183,10.478811264038086,9.373636245727539,-1.1051750183105469,FFHQ
023183,10.478811264038086,7.7638468742370605,-2.7149643898010254,FFHQ
030158,25.208656311035156,28.600078582763672,3.3914222717285156,FFHQ
030158,25.208656311035156,30.69038963317871,5.481733322143555,FFHQ
030158,25.208656311035156,27.801334381103516,2.5926780700683594,FFHQ
030158,25.208656311035156,27.709169387817383,2.5005130767822266,FFHQ
030158,25.208656311035156,22.611499786376953,-2.597156524658203,FFHQ
007624,66.09190368652344,53.14490509033203,-12.946998596191406,FFHQ
007624,66.09190368652344,53.39061737060547,-12.701286315917969,FFHQ
007624,66.09190368652344,32.707889556884766,-33.38401412963867,FFHQ
007624,66.09190368652344,53.60371398925781,-12.488189697265625,FFHQ
007624,66.09190368652344,43.7518310546875,-22.340072631835938,FFHQ
000441,24.975906372070312,30.006269454956055,5.030363082885742,FFHQ
000441,24.975906372070312,24.866695404052734,-0.10921096801757812,FFHQ
000441,24.975906372070312,26.609420776367188,1.633514404296875,FFHQ
000441,24.975906372070312,20.377334594726562,-4.59857177734375,FFHQ
000441,24.975906372070312,20.413114547729492,-4.56279182434082,FFHQ
055080,71.47052001953125,50.873558044433594,-20.596961975097656,FFHQ
055080,71.47052001953125,30.07269287109375,-41.3978271484375,FFHQ
055080,71.47052001953125,16.996435165405273,-54.47408485412598,FFHQ
055080,71.47052001953125,30.79596710205078,-40.67455291748047,FFHQ
055080,71.47052001953125,53.06261444091797,-18.40790557861328,FFHQ
058908,31.671873092651367,15.395042419433594,-16.276830673217773,FFHQ
058908,31.671873092651367,16.879472732543945,-14.792400360107422,FFHQ
058908,31.671873092651367,17.02928352355957,-14.642589569091797,FFHQ
058908,31.671873092651367,14.183420181274414,-17.488452911376953,FFHQ
058908,31.671873092651367,10.927989959716797,-20.74388313293457,FFHQ
040834,17.108762741088867,16.24626350402832,-0.8624992370605469,FFHQ
040834,17.108762741088867,17.0485782623291,-0.060184478759765625,FFHQ
040834,17.108762741088867,18.83759307861328,1.728830337524414,FFHQ
040834,17.108762741088867,18.545480728149414,1.4367179870605469,FFHQ
040834,17.108762741088867,16.72052001953125,-0.3882427215576172,FFHQ
052978,20.683067321777344,24.9202938079834,4.237226486206055,FFHQ
052978,20.683067321777344,21.919418334960938,1.2363510131835938,FFHQ
052978,20.683067321777344,23.337730407714844,2.6546630859375,FFHQ
052978,20.683067321777344,23.598499298095703,2.9154319763183594,FFHQ
052978,20.683067321777344,22.961830139160156,2.2787628173828125,FFHQ
022410,24.753002166748047,26.216476440429688,1.4634742736816406,FFHQ
022410,24.753002166748047,26.373029708862305,1.6200275421142578,FFHQ
022410,24.753002166748047,24.636289596557617,-0.11671257019042969,FFHQ
022410,24.753002166748047,26.39692497253418,1.6439228057861328,FFHQ
022410,24.753002166748047,24.87723731994629,0.12423515319824219,FFHQ
016579,69.61441040039062,51.342140197753906,-18.27227020263672,FFHQ
016579,69.61441040039062,54.956504821777344,-14.657905578613281,FFHQ
016579,69.61441040039062,11.74374771118164,-57.870662689208984,FFHQ
016579,69.61441040039062,41.017494201660156,-28.59691619873047,FFHQ
016579,69.61441040039062,27.687788009643555,-41.92662239074707,FFHQ
001966,44.591468811035156,17.96966552734375,-26.621803283691406,FFHQ
001966,44.591468811035156,39.91832733154297,-4.6731414794921875,FFHQ
001966,44.591468811035156,23.234996795654297,-21.35647201538086,FFHQ
001966,44.591468811035156,11.115415573120117,-33.47605323791504,FFHQ
001966,44.591468811035156,17.95330047607422,-26.638168334960938,FFHQ
049295,36.0681037902832,26.767436981201172,-9.300666809082031,FFHQ
049295,36.0681037902832,33.19990539550781,-2.8681983947753906,FFHQ
049295,36.0681037902832,25.306861877441406,-10.761241912841797,FFHQ
049295,36.0681037902832,31.611358642578125,-4.456745147705078,FFHQ
049295,36.0681037902832,27.5402889251709,-8.527814865112305,FFHQ
061550,17.234933853149414,22.762847900390625,5.527914047241211,FFHQ
061550,17.234933853149414,22.014686584472656,4.779752731323242,FFHQ
061550,17.234933853149414,21.611751556396484,4.37681770324707,FFHQ
061550,17.234933853149414,12.13785171508789,-5.097082138061523,FFHQ
061550,17.234933853149414,14.77387809753418,-2.4610557556152344,FFHQ
002068,49.03622817993164,32.24420928955078,-16.79201889038086,FFHQ
002068,49.03622817993164,31.16619873046875,-17.87002944946289,FFHQ
002068,49.03622817993164,38.14237976074219,-10.893848419189453,FFHQ
002068,49.03622817993164,31.845195770263672,-17.19103240966797,FFHQ
002068,49.03622817993164,41.556861877441406,-7.479366302490234,FFHQ
013320,20.336734771728516,33.77162170410156,13.434886932373047,FFHQ
013320,20.336734771728516,27.935096740722656,7.598361968994141,FFHQ
013320,20.336734771728516,14.608060836791992,-5.728673934936523,FFHQ
013320,20.336734771728516,28.19917869567871,7.862443923950195,FFHQ
013320,20.336734771728516,19.261093139648438,-1.0756416320800781,FFHQ
060879,5.783301830291748,7.749937534332275,1.9666357040405273,FFHQ
060879,5.783301830291748,8.32027530670166,2.536973476409912,FFHQ
060879,5.783301830291748,6.473964691162109,0.6906628608703613,FFHQ
060879,5.783301830291748,7.8577399253845215,2.0744380950927734,FFHQ
060879,5.783301830291748,8.075979232788086,2.292677402496338,FFHQ
045221,28.266815185546875,20.332565307617188,-7.9342498779296875,FFHQ
045221,28.266815185546875,20.80372428894043,-7.463090896606445,FFHQ
045221,28.266815185546875,20.78894805908203,-7.477867126464844,FFHQ
045221,28.266815185546875,21.886234283447266,-6.380580902099609,FFHQ
045221,28.266815185546875,22.60849380493164,-5.658321380615234,FFHQ
031008,15.027116775512695,18.516422271728516,3.4893054962158203,FFHQ
031008,15.027116775512695,9.145309448242188,-5.881807327270508,FFHQ
031008,15.027116775512695,18.548622131347656,3.521505355834961,FFHQ
031008,15.027116775512695,15.365489959716797,0.33837318420410156,FFHQ
031008,15.027116775512695,14.339082717895508,-0.6880340576171875,FFHQ
061702,46.616886138916016,26.888164520263672,-19.728721618652344,FFHQ
061702,46.616886138916016,27.025718688964844,-19.591167449951172,FFHQ
061702,46.616886138916016,23.281423568725586,-23.33546257019043,FFHQ
061702,46.616886138916016,32.97904968261719,-13.637836456298828,FFHQ
061702,46.616886138916016,31.014263153076172,-15.602622985839844,FFHQ
059916,33.681644439697266,5.718043327331543,-27.963601112365723,FFHQ
059916,33.681644439697266,17.652238845825195,-16.02940559387207,FFHQ
059916,33.681644439697266,20.95494842529297,-12.726696014404297,FFHQ
059916,33.681644439697266,10.729995727539062,-22.951648712158203,FFHQ
059916,33.681644439697266,7.312256336212158,-26.369388103485107,FFHQ
039152,10.49177360534668,16.13541030883789,5.643636703491211,FFHQ
039152,10.49177360534668,11.711662292480469,1.219888687133789,FFHQ
039152,10.49177360534668,12.681480407714844,2.189706802368164,FFHQ
039152,10.49177360534668,15.993070602416992,5.5012969970703125,FFHQ
039152,10.49177360534668,14.951454162597656,4.459680557250977,FFHQ
028494,11.417049407958984,11.940889358520508,0.5238399505615234,FFHQ
028494,11.417049407958984,26.037052154541016,14.620002746582031,FFHQ
028494,11.417049407958984,14.101621627807617,2.684572219848633,FFHQ
028494,11.417049407958984,12.330255508422852,0.9132061004638672,FFHQ
028494,11.417049407958984,18.163179397583008,6.746129989624023,FFHQ
041752,2.677210807800293,7.194998264312744,4.517787456512451,FFHQ
041752,2.677210807800293,10.16740608215332,7.490195274353027,FFHQ
041752,2.677210807800293,5.3206963539123535,2.6434855461120605,FFHQ
041752,2.677210807800293,3.2773454189300537,0.6001346111297607,FFHQ
041752,2.677210807800293,4.2877302169799805,1.6105194091796875,FFHQ
013643,19.976587295532227,13.926843643188477,-6.04974365234375,FFHQ
013643,19.976587295532227,9.373373985290527,-10.6032133102417,FFHQ
013643,19.976587295532227,16.872041702270508,-3.1045455932617188,FFHQ
013643,19.976587295532227,16.75612449645996,-3.2204627990722656,FFHQ
013643,19.976587295532227,15.484556198120117,-4.492031097412109,FFHQ
001366,29.087390899658203,21.191730499267578,-7.895660400390625,FFHQ
001366,29.087390899658203,14.184818267822266,-14.902572631835938,FFHQ
001366,29.087390899658203,16.94276237487793,-12.144628524780273,FFHQ
001366,29.087390899658203,13.345136642456055,-15.742254257202148,FFHQ
001366,29.087390899658203,21.8927001953125,-7.194690704345703,FFHQ
019350,44.95548629760742,23.920623779296875,-21.034862518310547,FFHQ
019350,44.95548629760742,21.373138427734375,-23.582347869873047,FFHQ
019350,44.95548629760742,23.9137020111084,-21.041784286499023,FFHQ
019350,44.95548629760742,19.793861389160156,-25.161624908447266,FFHQ
019350,44.95548629760742,19.696290969848633,-25.25919532775879,FFHQ
045561,21.51897621154785,21.135360717773438,-0.38361549377441406,FFHQ
045561,21.51897621154785,25.10042953491211,3.581453323364258,FFHQ
045561,21.51897621154785,30.308639526367188,8.789663314819336,FFHQ
045561,21.51897621154785,20.18904685974121,-1.3299293518066406,FFHQ
045561,21.51897621154785,20.263675689697266,-1.255300521850586,FFHQ
049908,23.04952621459961,28.803176879882812,5.753650665283203,FFHQ
049908,23.04952621459961,20.41260528564453,-2.636920928955078,FFHQ
049908,23.04952621459961,23.373258590698242,0.3237323760986328,FFHQ
049908,23.04952621459961,18.22650909423828,-4.823017120361328,FFHQ
049908,23.04952621459961,21.304147720336914,-1.7453784942626953,FFHQ
031797,24.97817611694336,21.28745460510254,-3.6907215118408203,FFHQ
031797,24.97817611694336,37.9083137512207,12.930137634277344,FFHQ
031797,24.97817611694336,42.174339294433594,17.196163177490234,FFHQ
031797,24.97817611694336,27.57896614074707,2.600790023803711,FFHQ
031797,24.97817611694336,31.474802017211914,6.496625900268555,FFHQ
052604,21.00459861755371,20.378135681152344,-0.6264629364013672,FFHQ
052604,21.00459861755371,14.187307357788086,-6.817291259765625,FFHQ
052604,21.00459861755371,16.60041618347168,-4.404182434082031,FFHQ
052604,21.00459861755371,20.722110748291016,-0.2824878692626953,FFHQ
052604,21.00459861755371,20.693740844726562,-0.31085777282714844,FFHQ
000615,18.959918975830078,38.20171356201172,19.24179458618164,FFHQ
000615,18.959918975830078,18.7823486328125,-0.17757034301757812,FFHQ
000615,18.959918975830078,19.136653900146484,0.17673492431640625,FFHQ
000615,18.959918975830078,18.57172203063965,-0.3881969451904297,FFHQ
000615,18.959918975830078,12.69987678527832,-6.260042190551758,FFHQ
048333,4.981691837310791,7.001491069793701,2.01979923248291,FFHQ
048333,4.981691837310791,5.6404290199279785,0.6587371826171875,FFHQ
048333,4.981691837310791,8.870506286621094,3.8888144493103027,FFHQ
048333,4.981691837310791,12.42344856262207,7.441756725311279,FFHQ
048333,4.981691837310791,7.769607067108154,2.7879152297973633,FFHQ
033884,43.86311340332031,28.84535026550293,-15.017763137817383,FFHQ
033884,43.86311340332031,39.011138916015625,-4.8519744873046875,FFHQ
033884,43.86311340332031,35.89303207397461,-7.970081329345703,FFHQ
033884,43.86311340332031,36.76209259033203,-7.101020812988281,FFHQ
033884,43.86311340332031,27.320302963256836,-16.542810440063477,FFHQ
065335,52.35804748535156,34.05953598022461,-18.298511505126953,FFHQ
065335,52.35804748535156,17.201854705810547,-35.156192779541016,FFHQ
065335,52.35804748535156,24.194900512695312,-28.16314697265625,FFHQ
065335,52.35804748535156,16.538827896118164,-35.8192195892334,FFHQ
065335,52.35804748535156,21.84872817993164,-30.509319305419922,FFHQ
002743,14.967596054077148,37.62659454345703,22.658998489379883,FFHQ
002743,14.967596054077148,23.106489181518555,8.138893127441406,FFHQ
002743,14.967596054077148,17.97748374938965,3.0098876953125,FFHQ
002743,14.967596054077148,30.33176612854004,15.36417007446289,FFHQ
002743,14.967596054077148,30.441038131713867,15.473442077636719,FFHQ
030685,52.24130630493164,39.394569396972656,-12.846736907958984,FFHQ
030685,52.24130630493164,33.666259765625,-18.57504653930664,FFHQ
030685,52.24130630493164,35.2091064453125,-17.03219985961914,FFHQ
030685,52.24130630493164,15.923080444335938,-36.3182258605957,FFHQ
030685,52.24130630493164,16.56422996520996,-35.67707633972168,FFHQ
022076,44.9767951965332,35.73046112060547,-9.246334075927734,FFHQ
022076,44.9767951965332,52.67280578613281,7.696010589599609,FFHQ
022076,44.9767951965332,42.766090393066406,-2.210704803466797,FFHQ
022076,44.9767951965332,42.15156173706055,-2.8252334594726562,FFHQ
022076,44.9767951965332,33.891319274902344,-11.08547592163086,FFHQ
048221,46.40303421020508,27.010643005371094,-19.392391204833984,FFHQ
048221,46.40303421020508,26.18303108215332,-20.220003128051758,FFHQ
048221,46.40303421020508,25.187807083129883,-21.215227127075195,FFHQ
048221,46.40303421020508,33.092193603515625,-13.310840606689453,FFHQ
048221,46.40303421020508,23.75607681274414,-22.646957397460938,FFHQ
030677,35.80180740356445,21.142269134521484,-14.659538269042969,FFHQ
030677,35.80180740356445,22.110595703125,-13.691211700439453,FFHQ
030677,35.80180740356445,21.571903228759766,-14.229904174804688,FFHQ
030677,35.80180740356445,22.985702514648438,-12.816104888916016,FFHQ
030677,35.80180740356445,23.46926498413086,-12.332542419433594,FFHQ
065497,19.439306259155273,17.669578552246094,-1.7697277069091797,FFHQ
065497,19.439306259155273,17.706268310546875,-1.7330379486083984,FFHQ
065497,19.439306259155273,15.41421127319336,-4.025094985961914,FFHQ
065497,19.439306259155273,21.827306747436523,2.38800048828125,FFHQ
065497,19.439306259155273,17.312955856323242,-2.1263504028320312,FFHQ
013202,17.942384719848633,37.2169189453125,19.274534225463867,FFHQ
013202,17.942384719848633,20.137170791625977,2.1947860717773438,FFHQ
013202,17.942384719848633,19.200092315673828,1.2577075958251953,FFHQ
013202,17.942384719848633,22.794401168823242,4.852016448974609,FFHQ
013202,17.942384719848633,21.285076141357422,3.342691421508789,FFHQ
010644,8.935012817382812,16.5467472076416,7.611734390258789,FFHQ
010644,8.935012817382812,9.499397277832031,0.5643844604492188,FFHQ
010644,8.935012817382812,9.084062576293945,0.1490497589111328,FFHQ
010644,8.935012817382812,12.555868148803711,3.6208553314208984,FFHQ
010644,8.935012817382812,17.6080265045166,8.673013687133789,FFHQ
058287,16.335819244384766,15.85211181640625,-0.4837074279785156,FFHQ
058287,16.335819244384766,17.335010528564453,0.9991912841796875,FFHQ
058287,16.335819244384766,17.092836380004883,0.7570171356201172,FFHQ
058287,16.335819244384766,15.719776153564453,-0.6160430908203125,FFHQ
058287,16.335819244384766,16.476587295532227,0.14076805114746094,FFHQ
002072,47.65730285644531,31.76007843017578,-15.897224426269531,FFHQ
002072,47.65730285644531,24.856231689453125,-22.801071166992188,FFHQ
002072,47.65730285644531,27.539262771606445,-20.118040084838867,FFHQ
002072,47.65730285644531,31.18207550048828,-16.47522735595703,FFHQ
002072,47.65730285644531,26.851137161254883,-20.80616569519043,FFHQ
003554,15.576498031616211,14.003332138061523,-1.5731658935546875,FFHQ
003554,15.576498031616211,15.132404327392578,-0.4440937042236328,FFHQ
003554,15.576498031616211,16.112009048461914,0.5355110168457031,FFHQ
003554,15.576498031616211,16.32577133178711,0.7492733001708984,FFHQ
003554,15.576498031616211,12.103792190551758,-3.472705841064453,FFHQ
032759,2.0599796772003174,9.05770492553711,6.997725248336792,FFHQ
032759,2.0599796772003174,13.89400863647461,11.834028959274292,FFHQ
032759,2.0599796772003174,9.383082389831543,7.323102712631226,FFHQ
032759,2.0599796772003174,7.650864601135254,5.5908849239349365,FFHQ
032759,2.0599796772003174,7.8683552742004395,5.808375597000122,FFHQ
040437,19.707965850830078,25.193248748779297,5.485282897949219,FFHQ
040437,19.707965850830078,22.99550437927246,3.287538528442383,FFHQ
040437,19.707965850830078,28.048540115356445,8.340574264526367,FFHQ
040437,19.707965850830078,30.89686393737793,11.188898086547852,FFHQ
040437,19.707965850830078,27.68138313293457,7.973417282104492,FFHQ
015944,4.207920074462891,7.037983417510986,2.8300633430480957,FFHQ
015944,4.207920074462891,7.755330562591553,3.547410488128662,FFHQ
015944,4.207920074462891,4.717255592346191,0.5093355178833008,FFHQ
015944,4.207920074462891,4.462806701660156,0.2548866271972656,FFHQ
015944,4.207920074462891,3.858591079711914,-0.34932899475097656,FFHQ
025982,55.26543426513672,49.341365814208984,-5.924068450927734,FFHQ
025982,55.26543426513672,53.34513854980469,-1.9202957153320312,FFHQ
025982,55.26543426513672,52.648658752441406,-2.6167755126953125,FFHQ
025982,55.26543426513672,47.847930908203125,-7.417503356933594,FFHQ
025982,55.26543426513672,39.64476776123047,-15.62066650390625,FFHQ
068569,25.39002227783203,37.56603240966797,12.176010131835938,FFHQ
068569,25.39002227783203,18.50430679321289,-6.885715484619141,FFHQ
068569,25.39002227783203,16.757469177246094,-8.632553100585938,FFHQ
068569,25.39002227783203,25.318687438964844,-0.0713348388671875,FFHQ
068569,25.39002227783203,26.775300979614258,1.3852787017822266,FFHQ
047044,53.512325286865234,35.20063018798828,-18.311695098876953,FFHQ
047044,53.512325286865234,56.299442291259766,2.7871170043945312,FFHQ
047044,53.512325286865234,41.64825439453125,-11.864070892333984,FFHQ
047044,53.512325286865234,52.67841720581055,-0.8339080810546875,FFHQ
047044,53.512325286865234,52.61373519897461,-0.898590087890625,FFHQ
036276,55.93728256225586,41.07062530517578,-14.866657257080078,FFHQ
036276,55.93728256225586,47.26519012451172,-8.67209243774414,FFHQ
036276,55.93728256225586,36.432518005371094,-19.504764556884766,FFHQ
036276,55.93728256225586,54.43233871459961,-1.50494384765625,FFHQ
036276,55.93728256225586,34.58203887939453,-21.355243682861328,FFHQ
039637,45.75127029418945,16.479124069213867,-29.272146224975586,FFHQ
039637,45.75127029418945,16.35202407836914,-29.399246215820312,FFHQ
039637,45.75127029418945,13.951711654663086,-31.799558639526367,FFHQ
039637,45.75127029418945,16.116125106811523,-29.63514518737793,FFHQ
039637,45.75127029418945,14.542753219604492,-31.20851707458496,FFHQ
051969,20.045284271240234,31.814170837402344,11.76888656616211,FFHQ
051969,20.045284271240234,31.019203186035156,10.973918914794922,FFHQ
051969,20.045284271240234,25.01946258544922,4.974178314208984,FFHQ
051969,20.045284271240234,26.0541934967041,6.008909225463867,FFHQ
051969,20.045284271240234,25.885051727294922,5.8397674560546875,FFHQ
034583,19.742162704467773,18.164020538330078,-1.5781421661376953,FFHQ
034583,19.742162704467773,15.006376266479492,-4.735786437988281,FFHQ
034583,19.742162704467773,16.576236724853516,-3.165925979614258,FFHQ
034583,19.742162704467773,15.737194061279297,-4.004968643188477,FFHQ
034583,19.742162704467773,19.951005935668945,0.20884323120117188,FFHQ
012950,39.15488052368164,40.698909759521484,1.5440292358398438,FFHQ
012950,39.15488052368164,30.604084014892578,-8.550796508789062,FFHQ
012950,39.15488052368164,32.841026306152344,-6.313854217529297,FFHQ
012950,39.15488052368164,33.32748031616211,-5.827400207519531,FFHQ
012950,39.15488052368164,29.755939483642578,-9.398941040039062,FFHQ
068865,12.532630920410156,8.887449264526367,-3.645181655883789,FFHQ
068865,12.532630920410156,7.892675876617432,-4.639955043792725,FFHQ
068865,12.532630920410156,13.67892837524414,1.1462974548339844,FFHQ
068865,12.532630920410156,8.035343170166016,-4.497287750244141,FFHQ
068865,12.532630920410156,10.421792984008789,-2.110837936401367,FFHQ
033270,50.36525344848633,30.846416473388672,-19.518836975097656,FFHQ
033270,50.36525344848633,33.534912109375,-16.830341339111328,FFHQ
033270,50.36525344848633,41.658634185791016,-8.706619262695312,FFHQ
033270,50.36525344848633,28.931365966796875,-21.433887481689453,FFHQ
033270,50.36525344848633,27.350360870361328,-23.014892578125,FFHQ
065909,26.304058074951172,27.132043838500977,0.8279857635498047,FFHQ
065909,26.304058074951172,24.973369598388672,-1.3306884765625,FFHQ
065909,26.304058074951172,23.33354377746582,-2.9705142974853516,FFHQ
065909,26.304058074951172,19.935619354248047,-6.368438720703125,FFHQ
065909,26.304058074951172,34.54174041748047,8.237682342529297,FFHQ
018736,5.000998020172119,8.906705856323242,3.905707836151123,FFHQ
018736,5.000998020172119,6.420315742492676,1.4193177223205566,FFHQ
018736,5.000998020172119,5.995828628540039,0.9948306083679199,FFHQ
018736,5.000998020172119,6.898500919342041,1.8975028991699219,FFHQ
018736,5.000998020172119,5.779823303222656,0.7788252830505371,FFHQ
066133,38.4522590637207,27.31163787841797,-11.140621185302734,FFHQ
066133,38.4522590637207,29.934520721435547,-8.517738342285156,FFHQ
066133,38.4522590637207,30.615379333496094,-7.836879730224609,FFHQ
066133,38.4522590637207,32.13641357421875,-6.315845489501953,FFHQ
066133,38.4522590637207,30.462238311767578,-7.990020751953125,FFHQ
055634,2.5937352180480957,4.221290588378906,1.6275553703308105,FFHQ
055634,2.5937352180480957,3.629561185836792,1.0358259677886963,FFHQ
055634,2.5937352180480957,3.546551465988159,0.9528162479400635,FFHQ
055634,2.5937352180480957,5.161663055419922,2.567927837371826,FFHQ
055634,2.5937352180480957,6.805652618408203,4.211917400360107,FFHQ
001945,47.53963851928711,22.598976135253906,-24.940662384033203,FFHQ
001945,47.53963851928711,33.72317886352539,-13.816459655761719,FFHQ
001945,47.53963851928711,30.015655517578125,-17.523983001708984,FFHQ
001945,47.53963851928711,34.79759216308594,-12.742046356201172,FFHQ
001945,47.53963851928711,54.10859680175781,6.568958282470703,FFHQ
063106,16.159717559814453,15.046241760253906,-1.1134757995605469,FFHQ
063106,16.159717559814453,16.521400451660156,0.3616828918457031,FFHQ
063106,16.159717559814453,14.399974822998047,-1.7597427368164062,FFHQ
063106,16.159717559814453,19.775836944580078,3.616119384765625,FFHQ
063106,16.159717559814453,15.03433609008789,-1.1253814697265625,FFHQ
012376,69.81464385986328,53.347877502441406,-16.466766357421875,FFHQ
012376,69.81464385986328,39.256500244140625,-30.558143615722656,FFHQ
012376,69.81464385986328,45.5083122253418,-24.306331634521484,FFHQ
012376,69.81464385986328,50.797607421875,-19.01703643798828,FFHQ
012376,69.81464385986328,48.850738525390625,-20.963905334472656,FFHQ
001224,13.328323364257812,23.42287254333496,10.094549179077148,FFHQ
001224,13.328323364257812,24.885982513427734,11.557659149169922,FFHQ
001224,13.328323364257812,19.8055419921875,6.4772186279296875,FFHQ
001224,13.328323364257812,17.39207649230957,4.063753128051758,FFHQ
001224,13.328323364257812,19.205188751220703,5.876865386962891,FFHQ
001269,50.67270278930664,45.050010681152344,-5.622692108154297,FFHQ
001269,50.67270278930664,33.276023864746094,-17.396678924560547,FFHQ
001269,50.67270278930664,36.774986267089844,-13.897716522216797,FFHQ
001269,50.67270278930664,32.42970657348633,-18.242996215820312,FFHQ
001269,50.67270278930664,36.96001434326172,-13.712688446044922,FFHQ
052840,16.061004638671875,35.87465286254883,19.813648223876953,FFHQ
052840,16.061004638671875,34.357234954833984,18.29623031616211,FFHQ
052840,16.061004638671875,27.030517578125,10.969512939453125,FFHQ
052840,16.061004638671875,29.950416564941406,13.889411926269531,FFHQ
052840,16.061004638671875,28.049917221069336,11.988912582397461,FFHQ
009867,35.05673599243164,31.721435546875,-3.3353004455566406,FFHQ
009867,35.05673599243164,38.38121032714844,3.324474334716797,FFHQ
009867,35.05673599243164,43.521446228027344,8.464710235595703,FFHQ
009867,35.05673599243164,13.165851593017578,-21.890884399414062,FFHQ
009867,35.05673599243164,27.85610008239746,-7.20063591003418,FFHQ
047366,33.59384536743164,18.403820037841797,-15.190025329589844,FFHQ
047366,33.59384536743164,19.17529296875,-14.41855239868164,FFHQ
047366,33.59384536743164,18.992460250854492,-14.601385116577148,FFHQ
047366,33.59384536743164,20.053115844726562,-13.540729522705078,FFHQ
047366,33.59384536743164,20.941741943359375,-12.652103424072266,FFHQ
031267,20.522075653076172,19.99204444885254,-0.5300312042236328,FFHQ
031267,20.522075653076172,17.19304847717285,-3.3290271759033203,FFHQ
031267,20.522075653076172,19.05514144897461,-1.4669342041015625,FFHQ
031267,20.522075653076172,20.150285720825195,-0.37178993225097656,FFHQ
031267,20.522075653076172,16.721237182617188,-3.8008384704589844,FFHQ
009217,40.10948181152344,23.985801696777344,-16.123680114746094,FFHQ
009217,40.10948181152344,22.4930477142334,-17.61643409729004,FFHQ
009217,40.10948181152344,20.305652618408203,-19.803829193115234,FFHQ
009217,40.10948181152344,16.315004348754883,-23.794477462768555,FFHQ
009217,40.10948181152344,22.672962188720703,-17.436519622802734,FFHQ
044799,16.708446502685547,17.991039276123047,1.2825927734375,FFHQ
044799,16.708446502685547,18.859909057617188,2.1514625549316406,FFHQ
044799,16.708446502685547,17.632139205932617,0.9236927032470703,FFHQ
044799,16.708446502685547,18.802227020263672,2.093780517578125,FFHQ
044799,16.708446502685547,18.5518798828125,1.8434333801269531,FFHQ
069284,60.69397735595703,38.11026382446289,-22.58371353149414,FFHQ
069284,60.69397735595703,52.64875411987305,-8.045223236083984,FFHQ
069284,60.69397735595703,25.14017677307129,-35.55380058288574,FFHQ
069284,60.69397735595703,26.674530029296875,-34.019447326660156,FFHQ
069284,60.69397735595703,29.545555114746094,-31.148422241210938,FFHQ
067242,33.75202941894531,17.46615982055664,-16.285869598388672,FFHQ
067242,33.75202941894531,17.839588165283203,-15.91244125366211,FFHQ
067242,33.75202941894531,20.53548812866211,-13.216541290283203,FFHQ
067242,33.75202941894531,23.719825744628906,-10.032203674316406,FFHQ
067242,33.75202941894531,17.932355880737305,-15.819673538208008,FFHQ
007463,3.1379213333129883,3.496955394744873,0.35903406143188477,FFHQ
007463,3.1379213333129883,4.718737602233887,1.5808162689208984,FFHQ
007463,3.1379213333129883,4.01491641998291,0.8769950866699219,FFHQ
007463,3.1379213333129883,4.389286518096924,1.2513651847839355,FFHQ
007463,3.1379213333129883,5.864924430847168,2.7270030975341797,FFHQ
026418,24.328763961791992,37.761592864990234,13.432828903198242,FFHQ
026418,24.328763961791992,24.948402404785156,0.6196384429931641,FFHQ
026418,24.328763961791992,24.05500602722168,-0.2737579345703125,FFHQ
026418,24.328763961791992,20.998443603515625,-3.330320358276367,FFHQ
026418,24.328763961791992,34.82432556152344,10.495561599731445,FFHQ
020637,68.67147064208984,29.251798629760742,-39.4196720123291,FFHQ
020637,68.67147064208984,51.66743469238281,-17.00403594970703,FFHQ
020637,68.67147064208984,28.676029205322266,-39.99544143676758,FFHQ
020637,68.67147064208984,23.8302059173584,-44.841264724731445,FFHQ
020637,68.67147064208984,21.32288360595703,-47.34858703613281,FFHQ
040320,21.44162940979004,30.601070404052734,9.159440994262695,FFHQ
040320,21.44162940979004,28.335411071777344,6.893781661987305,FFHQ
040320,21.44162940979004,25.942291259765625,4.500661849975586,FFHQ
040320,21.44162940979004,29.055259704589844,7.613630294799805,FFHQ
040320,21.44162940979004,22.64031410217285,1.1986846923828125,FFHQ
050514,57.505130767822266,45.78077697753906,-11.724353790283203,FFHQ
050514,57.505130767822266,49.48363494873047,-8.021495819091797,FFHQ
050514,57.505130767822266,48.342750549316406,-9.16238021850586,FFHQ
050514,57.505130767822266,34.825836181640625,-22.67929458618164,FFHQ
050514,57.505130767822266,44.140769958496094,-13.364360809326172,FFHQ
068418,23.589435577392578,31.337230682373047,7.747795104980469,FFHQ
068418,23.589435577392578,30.148197174072266,6.5587615966796875,FFHQ
068418,23.589435577392578,25.013774871826172,1.4243392944335938,FFHQ
068418,23.589435577392578,24.134798049926758,0.5453624725341797,FFHQ
068418,23.589435577392578,19.94882583618164,-3.6406097412109375,FFHQ
023422,31.70781135559082,18.708316802978516,-12.999494552612305,FFHQ
023422,31.70781135559082,26.93684196472168,-4.770969390869141,FFHQ
023422,31.70781135559082,18.681659698486328,-13.026151657104492,FFHQ
023422,31.70781135559082,18.932823181152344,-12.774988174438477,FFHQ
023422,31.70781135559082,14.524702072143555,-17.183109283447266,FFHQ
055575,9.258185386657715,41.386695861816406,32.12851047515869,FFHQ
055575,9.258185386657715,21.209678649902344,11.951493263244629,FFHQ
055575,9.258185386657715,36.85211944580078,27.593934059143066,FFHQ
055575,9.258185386657715,13.479162216186523,4.220976829528809,FFHQ
055575,9.258185386657715,13.464895248413086,4.206709861755371,FFHQ
062267,65.10787200927734,30.638858795166016,-34.46901321411133,FFHQ
062267,65.10787200927734,44.857460021972656,-20.250411987304688,FFHQ
062267,65.10787200927734,42.772789001464844,-22.3350830078125,FFHQ
062267,65.10787200927734,51.04173278808594,-14.066139221191406,FFHQ
062267,65.10787200927734,38.138328552246094,-26.96954345703125,FFHQ
046373,1.9295920133590698,8.070955276489258,6.141363263130188,FFHQ
046373,1.9295920133590698,3.484863758087158,1.5552717447280884,FFHQ
046373,1.9295920133590698,3.867110252380371,1.9375182390213013,FFHQ
046373,1.9295920133590698,5.9711594581604,4.041567444801331,FFHQ
046373,1.9295920133590698,4.207469940185547,2.277877926826477,FFHQ
019675,24.975784301757812,27.623058319091797,2.6472740173339844,FFHQ
019675,24.975784301757812,32.094085693359375,7.1183013916015625,FFHQ
019675,24.975784301757812,26.838348388671875,1.8625640869140625,FFHQ
019675,24.975784301757812,24.40188217163086,-0.5739021301269531,FFHQ
019675,24.975784301757812,23.412353515625,-1.5634307861328125,FFHQ
003056,35.701255798339844,32.60348892211914,-3.097766876220703,FFHQ
003056,35.701255798339844,9.7205810546875,-25.980674743652344,FFHQ
003056,35.701255798339844,10.780982971191406,-24.920272827148438,FFHQ
003056,35.701255798339844,13.798168182373047,-21.903087615966797,FFHQ
003056,35.701255798339844,37.54876708984375,1.8475112915039062,FFHQ
061703,6.335525035858154,11.80116081237793,5.465635776519775,FFHQ
061703,6.335525035858154,12.863309860229492,6.527784824371338,FFHQ
061703,6.335525035858154,12.51198959350586,6.176464557647705,FFHQ
061703,6.335525035858154,11.576955795288086,5.241430759429932,FFHQ
061703,6.335525035858154,11.438270568847656,5.102745532989502,FFHQ
067256,36.622459411621094,31.754146575927734,-4.868312835693359,FFHQ
067256,36.622459411621094,38.36322784423828,1.7407684326171875,FFHQ
067256,36.622459411621094,34.88111114501953,-1.7413482666015625,FFHQ
067256,36.622459411621094,36.54606628417969,-0.07639312744140625,FFHQ
067256,36.622459411621094,37.52372741699219,0.9012680053710938,FFHQ
041266,42.414878845214844,24.955110549926758,-17.459768295288086,FFHQ
041266,42.414878845214844,23.207637786865234,-19.20724105834961,FFHQ
041266,42.414878845214844,30.419424057006836,-11.995454788208008,FFHQ
041266,42.414878845214844,27.642990112304688,-14.771888732910156,FFHQ
041266,42.414878845214844,26.35760498046875,-16.057273864746094,FFHQ
056954,7.235405921936035,5.103907585144043,-2.131498336791992,FFHQ
056954,7.235405921936035,46.14573669433594,38.9103307723999,FFHQ
056954,7.235405921936035,9.297650337219238,2.062244415283203,FFHQ
056954,7.235405921936035,23.285598754882812,16.050192832946777,FFHQ
056954,7.235405921936035,22.453147888183594,15.217741966247559,FFHQ
055521,3.3107073307037354,4.414037704467773,1.103330373764038,FFHQ
055521,3.3107073307037354,4.572073936462402,1.261366605758667,FFHQ
055521,3.3107073307037354,4.768795490264893,1.4580881595611572,FFHQ
055521,3.3107073307037354,5.832856178283691,2.522148847579956,FFHQ
055521,3.3107073307037354,6.24871301651001,2.9380056858062744,FFHQ
003946,25.51091766357422,29.674591064453125,4.163673400878906,FFHQ
003946,25.51091766357422,22.6750431060791,-2.835874557495117,FFHQ
003946,25.51091766357422,27.087940216064453,1.5770225524902344,FFHQ
003946,25.51091766357422,24.66965103149414,-0.8412666320800781,FFHQ
003946,25.51091766357422,28.404800415039062,2.8938827514648438,FFHQ
060474,19.236896514892578,13.475336074829102,-5.761560440063477,FFHQ
060474,19.236896514892578,13.622051239013672,-5.614845275878906,FFHQ
060474,19.236896514892578,18.555465698242188,-0.6814308166503906,FFHQ
060474,19.236896514892578,18.482925415039062,-0.7539710998535156,FFHQ
060474,19.236896514892578,17.4113826751709,-1.8255138397216797,FFHQ
028583,38.57533264160156,24.419536590576172,-14.15579605102539,FFHQ
028583,38.57533264160156,11.720756530761719,-26.854576110839844,FFHQ
028583,38.57533264160156,28.635635375976562,-9.939697265625,FFHQ
028583,38.57533264160156,7.892340660095215,-30.682991981506348,FFHQ
028583,38.57533264160156,27.75165557861328,-10.823677062988281,FFHQ
060806,42.91019821166992,24.199552536010742,-18.71064567565918,FFHQ
060806,42.91019821166992,26.761600494384766,-16.148597717285156,FFHQ
060806,42.91019821166992,14.49390983581543,-28.416288375854492,FFHQ
060806,42.91019821166992,23.01980209350586,-19.890396118164062,FFHQ
060806,42.91019821166992,23.659942626953125,-19.250255584716797,FFHQ
038601,61.078285217285156,39.000083923339844,-22.078201293945312,FFHQ
038601,61.078285217285156,43.65104293823242,-17.427242279052734,FFHQ
038601,61.078285217285156,18.18352508544922,-42.89476013183594,FFHQ
038601,61.078285217285156,46.83307647705078,-14.245208740234375,FFHQ
038601,61.078285217285156,41.493900299072266,-19.58438491821289,FFHQ
023080,58.270599365234375,28.03243064880371,-30.238168716430664,FFHQ
023080,58.270599365234375,39.3590087890625,-18.911590576171875,FFHQ
023080,58.270599365234375,51.812015533447266,-6.458583831787109,FFHQ
023080,58.270599365234375,48.28224182128906,-9.988357543945312,FFHQ
023080,58.270599365234375,11.179956436157227,-47.09064292907715,FFHQ
058655,46.90424346923828,28.568092346191406,-18.336151123046875,FFHQ
058655,46.90424346923828,37.817893981933594,-9.086349487304688,FFHQ
058655,46.90424346923828,40.587833404541016,-6.316410064697266,FFHQ
058655,46.90424346923828,37.859066009521484,-9.045177459716797,FFHQ
058655,46.90424346923828,31.337135314941406,-15.567108154296875,FFHQ
005880,18.361581802368164,38.65015411376953,20.288572311401367,FFHQ
005880,18.361581802368164,16.412391662597656,-1.9491901397705078,FFHQ
005880,18.361581802368164,47.25983810424805,28.898256301879883,FFHQ
005880,18.361581802368164,36.45869445800781,18.09711265563965,FFHQ
005880,18.361581802368164,34.92546844482422,16.563886642456055,FFHQ
031778,23.742023468017578,15.808422088623047,-7.933601379394531,FFHQ
031778,23.742023468017578,22.666309356689453,-1.075714111328125,FFHQ
031778,23.742023468017578,20.262706756591797,-3.4793167114257812,FFHQ
031778,23.742023468017578,17.89715003967285,-5.844873428344727,FFHQ
031778,23.742023468017578,17.352615356445312,-6.389408111572266,FFHQ
021198,15.291193008422852,17.62367820739746,2.3324851989746094,FFHQ
021198,15.291193008422852,15.917757034301758,0.6265640258789062,FFHQ
021198,15.291193008422852,15.001047134399414,-0.2901458740234375,FFHQ
021198,15.291193008422852,17.41417121887207,2.1229782104492188,FFHQ
021198,15.291193008422852,15.73017692565918,0.4389839172363281,FFHQ
023100,3.715855360031128,3.9711525440216064,0.2552971839904785,FFHQ
023100,3.715855360031128,5.571197032928467,1.8553416728973389,FFHQ
023100,3.715855360031128,7.7508368492126465,4.0349814891815186,FFHQ
023100,3.715855360031128,5.874868392944336,2.159013032913208,FFHQ
023100,3.715855360031128,4.848243236541748,1.1323878765106201,FFHQ
001084,37.144317626953125,27.83837127685547,-9.305946350097656,FFHQ
001084,37.144317626953125,18.127635955810547,-19.016681671142578,FFHQ
001084,37.144317626953125,14.529340744018555,-22.61497688293457,FFHQ
001084,37.144317626953125,11.154943466186523,-25.9893741607666,FFHQ
001084,37.144317626953125,23.796680450439453,-13.347637176513672,FFHQ
043394,7.880110263824463,8.001611709594727,0.12150144577026367,FFHQ
043394,7.880110263824463,10.666769027709961,2.786658763885498,FFHQ
043394,7.880110263824463,6.793431282043457,-1.0866789817810059,FFHQ
043394,7.880110263824463,9.239974975585938,1.3598647117614746,FFHQ
043394,7.880110263824463,7.562118053436279,-0.3179922103881836,FFHQ
036758,47.22653579711914,17.987590789794922,-29.23894500732422,FFHQ
036758,47.22653579711914,27.09039306640625,-20.13614273071289,FFHQ
036758,47.22653579711914,47.61407470703125,0.3875389099121094,FFHQ
036758,47.22653579711914,30.15679931640625,-17.06973648071289,FFHQ
036758,47.22653579711914,17.930347442626953,-29.296188354492188,FFHQ
037911,52.20420837402344,40.860591888427734,-11.343616485595703,FFHQ
037911,52.20420837402344,22.641399383544922,-29.562808990478516,FFHQ
037911,52.20420837402344,48.68461227416992,-3.5195960998535156,FFHQ
037911,52.20420837402344,37.359275817871094,-14.844932556152344,FFHQ
037911,52.20420837402344,19.067386627197266,-33.13682174682617,FFHQ
058469,15.79008674621582,17.950618743896484,2.160531997680664,FFHQ
058469,15.79008674621582,17.44611358642578,1.656026840209961,FFHQ
058469,15.79008674621582,18.992095947265625,3.2020092010498047,FFHQ
058469,15.79008674621582,16.173032760620117,0.3829460144042969,FFHQ
058469,15.79008674621582,15.148092269897461,-0.6419944763183594,FFHQ
045488,43.156219482421875,45.5048828125,2.348663330078125,FFHQ
045488,43.156219482421875,47.66082763671875,4.504608154296875,FFHQ
045488,43.156219482421875,49.93566131591797,6.779441833496094,FFHQ
045488,43.156219482421875,29.006702423095703,-14.149517059326172,FFHQ
045488,43.156219482421875,42.97041320800781,-0.1858062744140625,FFHQ
052039,32.955013275146484,39.70848846435547,6.753475189208984,FFHQ
052039,32.955013275146484,31.965675354003906,-0.9893379211425781,FFHQ
052039,32.955013275146484,24.940956115722656,-8.014057159423828,FFHQ
052039,32.955013275146484,20.71575927734375,-12.239253997802734,FFHQ
052039,32.955013275146484,34.93202209472656,1.9770088195800781,FFHQ
049038,66.95891571044922,9.564620971679688,-57.39429473876953,FFHQ
049038,66.95891571044922,22.27387237548828,-44.68504333496094,FFHQ
049038,66.95891571044922,10.862476348876953,-56.096439361572266,FFHQ
049038,66.95891571044922,11.992353439331055,-54.966562271118164,FFHQ
049038,66.95891571044922,13.523687362670898,-53.43522834777832,FFHQ
069645,60.66809844970703,22.3460693359375,-38.32202911376953,FFHQ
069645,60.66809844970703,31.750324249267578,-28.917774200439453,FFHQ
069645,60.66809844970703,19.256492614746094,-41.41160583496094,FFHQ
069645,60.66809844970703,27.464988708496094,-33.20310974121094,FFHQ
069645,60.66809844970703,23.318574905395508,-37.34952354431152,FFHQ
061809,2.963006019592285,2.5954480171203613,-0.36755800247192383,FFHQ
061809,2.963006019592285,1.474207878112793,-1.4887981414794922,FFHQ
061809,2.963006019592285,1.6191452741622925,-1.3438607454299927,FFHQ
061809,2.963006019592285,1.59476637840271,-1.3682396411895752,FFHQ
061809,2.963006019592285,1.9228529930114746,-1.0401530265808105,FFHQ
054170,7.406322002410889,18.0179386138916,10.611616611480713,FFHQ
054170,7.406322002410889,20.121627807617188,12.715305805206299,FFHQ
054170,7.406322002410889,10.098472595214844,2.692150592803955,FFHQ
054170,7.406322002410889,36.412940979003906,29.006618976593018,FFHQ
054170,7.406322002410889,13.30936050415039,5.903038501739502,FFHQ
004544,19.82387924194336,27.593154907226562,7.769275665283203,FFHQ
004544,19.82387924194336,22.137239456176758,2.3133602142333984,FFHQ
004544,19.82387924194336,26.15072250366211,6.32684326171875,FFHQ
004544,19.82387924194336,23.512014389038086,3.6881351470947266,FFHQ
004544,19.82387924194336,27.126108169555664,7.302228927612305,FFHQ
065311,23.974767684936523,28.232616424560547,4.257848739624023,FFHQ
065311,23.974767684936523,26.67053985595703,2.695772171020508,FFHQ
065311,23.974767684936523,14.601276397705078,-9.373491287231445,FFHQ
065311,23.974767684936523,20.133930206298828,-3.8408374786376953,FFHQ
065311,23.974767684936523,25.86226463317871,1.8874969482421875,FFHQ
027404,17.164003372192383,14.039497375488281,-3.1245059967041016,FFHQ
027404,17.164003372192383,16.65513801574707,-0.5088653564453125,FFHQ
027404,17.164003372192383,12.437152862548828,-4.726850509643555,FFHQ
027404,17.164003372192383,12.722644805908203,-4.44135856628418,FFHQ
027404,17.164003372192383,14.567998886108398,-2.5960044860839844,FFHQ
042965,41.19596481323242,19.84429931640625,-21.351665496826172,FFHQ
042965,41.19596481323242,22.821237564086914,-18.374727249145508,FFHQ
042965,41.19596481323242,23.199785232543945,-17.996179580688477,FFHQ
042965,41.19596481323242,23.79051971435547,-17.405445098876953,FFHQ
042965,41.19596481323242,24.382234573364258,-16.813730239868164,FFHQ
050332,24.941600799560547,35.52796936035156,10.586368560791016,FFHQ
050332,24.941600799560547,31.083995819091797,6.14239501953125,FFHQ
050332,24.941600799560547,18.556671142578125,-6.384929656982422,FFHQ
050332,24.941600799560547,40.64031219482422,15.698711395263672,FFHQ
050332,24.941600799560547,28.397167205810547,3.45556640625,FFHQ
063796,48.983951568603516,29.709449768066406,-19.27450180053711,FFHQ
063796,48.983951568603516,29.040355682373047,-19.94359588623047,FFHQ
063796,48.983951568603516,35.777584075927734,-13.206367492675781,FFHQ
063796,48.983951568603516,19.942846298217773,-29.041105270385742,FFHQ
063796,48.983951568603516,24.883838653564453,-24.100112915039062,FFHQ
035730,42.190399169921875,42.22010040283203,0.02970123291015625,FFHQ
035730,42.190399169921875,33.559776306152344,-8.630622863769531,FFHQ
035730,42.190399169921875,43.17205047607422,0.9816513061523438,FFHQ
035730,42.190399169921875,37.85569763183594,-4.3347015380859375,FFHQ
035730,42.190399169921875,36.46427917480469,-5.7261199951171875,FFHQ
018732,2.3476920127868652,5.5198073387146,3.1721153259277344,FFHQ
018732,2.3476920127868652,5.223798751831055,2.8761067390441895,FFHQ
018732,2.3476920127868652,3.987091064453125,1.6393990516662598,FFHQ
018732,2.3476920127868652,3.8364315032958984,1.4887394905090332,FFHQ
018732,2.3476920127868652,2.4564454555511475,0.10875344276428223,FFHQ
022233,59.28901290893555,11.948516845703125,-47.34049606323242,FFHQ
022233,59.28901290893555,15.363370895385742,-43.925642013549805,FFHQ
022233,59.28901290893555,17.675369262695312,-41.613643646240234,FFHQ
022233,59.28901290893555,28.4127197265625,-30.876293182373047,FFHQ
022233,59.28901290893555,14.363689422607422,-44.925323486328125,FFHQ
045536,46.703369140625,26.617040634155273,-20.086328506469727,FFHQ
045536,46.703369140625,19.790340423583984,-26.913028717041016,FFHQ
045536,46.703369140625,24.92679214477539,-21.77657699584961,FFHQ
045536,46.703369140625,19.555755615234375,-27.147613525390625,FFHQ
045536,46.703369140625,23.17409896850586,-23.52927017211914,FFHQ
009495,9.580259323120117,22.80634117126465,13.226081848144531,FFHQ
009495,9.580259323120117,26.043668746948242,16.463409423828125,FFHQ
009495,9.580259323120117,16.142284393310547,6.56202507019043,FFHQ
009495,9.580259323120117,18.872825622558594,9.292566299438477,FFHQ
009495,9.580259323120117,13.735836029052734,4.155576705932617,FFHQ
008212,81.85407257080078,58.8275146484375,-23.02655792236328,FFHQ
008212,81.85407257080078,39.81037139892578,-42.043701171875,FFHQ
008212,81.85407257080078,16.621503829956055,-65.23256874084473,FFHQ
008212,81.85407257080078,25.80547523498535,-56.04859733581543,FFHQ
008212,81.85407257080078,55.976993560791016,-25.877079010009766,FFHQ
015176,5.492358207702637,17.204063415527344,11.711705207824707,FFHQ
015176,5.492358207702637,9.124347686767578,3.6319894790649414,FFHQ
015176,5.492358207702637,10.47158432006836,4.979226112365723,FFHQ
015176,5.492358207702637,15.849693298339844,10.357335090637207,FFHQ
015176,5.492358207702637,10.782598495483398,5.290240287780762,FFHQ
038709,45.339412689208984,44.926849365234375,-0.4125633239746094,FFHQ
038709,45.339412689208984,45.48924255371094,0.14982986450195312,FFHQ
038709,45.339412689208984,41.20198059082031,-4.137432098388672,FFHQ
038709,45.339412689208984,41.775657653808594,-3.5637550354003906,FFHQ
038709,45.339412689208984,44.629371643066406,-0.7100410461425781,FFHQ
053724,54.259769439697266,32.69663619995117,-21.563133239746094,FFHQ
053724,54.259769439697266,18.187267303466797,-36.07250213623047,FFHQ
053724,54.259769439697266,28.154651641845703,-26.105117797851562,FFHQ
053724,54.259769439697266,38.38069152832031,-15.879077911376953,FFHQ
053724,54.259769439697266,17.560747146606445,-36.69902229309082,FFHQ
001522,30.857200622558594,22.914329528808594,-7.94287109375,FFHQ
001522,30.857200622558594,24.222476959228516,-6.634723663330078,FFHQ
001522,30.857200622558594,27.812713623046875,-3.0444869995117188,FFHQ
001522,30.857200622558594,19.411962509155273,-11.44523811340332,FFHQ
001522,30.857200622558594,22.560016632080078,-8.297183990478516,FFHQ
030656,38.08214569091797,26.76816177368164,-11.313983917236328,FFHQ
030656,38.08214569091797,18.003265380859375,-20.078880310058594,FFHQ
030656,38.08214569091797,18.359970092773438,-19.72217559814453,FFHQ
030656,38.08214569091797,18.370222091674805,-19.711923599243164,FFHQ
030656,38.08214569091797,25.14071273803711,-12.94143295288086,FFHQ
058172,56.66521453857422,44.82142639160156,-11.843788146972656,FFHQ
058172,56.66521453857422,31.317203521728516,-25.348011016845703,FFHQ
058172,56.66521453857422,34.26000213623047,-22.40521240234375,FFHQ
058172,56.66521453857422,35.61109924316406,-21.054115295410156,FFHQ
058172,56.66521453857422,29.00356101989746,-27.661653518676758,FFHQ
001328,6.937185764312744,11.199773788452148,4.262588024139404,FFHQ
001328,6.937185764312744,10.92003059387207,3.982844829559326,FFHQ
001328,6.937185764312744,11.815727233886719,4.878541469573975,FFHQ
001328,6.937185764312744,10.16415786743164,3.2269721031188965,FFHQ
001328,6.937185764312744,18.916845321655273,11.97965955734253,FFHQ
009925,26.189250946044922,26.229434967041016,0.04018402099609375,FFHQ
009925,26.189250946044922,11.755123138427734,-14.434127807617188,FFHQ
009925,26.189250946044922,10.701385498046875,-15.487865447998047,FFHQ
009925,26.189250946044922,16.9365177154541,-9.25273323059082,FFHQ
009925,26.189250946044922,25.244417190551758,-0.9448337554931641,FFHQ
050675,17.451887130737305,45.51226806640625,28.060380935668945,FFHQ
050675,17.451887130737305,32.146018981933594,14.694131851196289,FFHQ
050675,17.451887130737305,13.165122985839844,-4.286764144897461,FFHQ
050675,17.451887130737305,25.874122619628906,8.422235488891602,FFHQ
050675,17.451887130737305,32.006431579589844,14.554544448852539,FFHQ
014353,53.50090789794922,51.85953140258789,-1.6413764953613281,FFHQ
014353,53.50090789794922,45.73834228515625,-7.762565612792969,FFHQ
014353,53.50090789794922,50.951480865478516,-2.549427032470703,FFHQ
014353,53.50090789794922,40.29899597167969,-13.201911926269531,FFHQ
014353,53.50090789794922,43.59157180786133,-9.90933609008789,FFHQ
040631,58.21019744873047,51.867488861083984,-6.342708587646484,FFHQ
040631,58.21019744873047,52.82276916503906,-5.387428283691406,FFHQ
040631,58.21019744873047,47.565582275390625,-10.644615173339844,FFHQ
040631,58.21019744873047,59.65198516845703,1.4417877197265625,FFHQ
040631,58.21019744873047,51.53085708618164,-6.679340362548828,FFHQ
014819,3.150045394897461,10.123132705688477,6.973087310791016,FFHQ
014819,3.150045394897461,7.17349100112915,4.0234456062316895,FFHQ
014819,3.150045394897461,6.799002170562744,3.648956775665283,FFHQ
014819,3.150045394897461,6.340357303619385,3.190311908721924,FFHQ
014819,3.150045394897461,8.404422760009766,5.254377365112305,FFHQ
011178,26.043865203857422,20.77050018310547,-5.273365020751953,FFHQ
011178,26.043865203857422,34.567935943603516,8.524070739746094,FFHQ
011178,26.043865203857422,35.830955505371094,9.787090301513672,FFHQ
011178,26.043865203857422,27.268310546875,1.2244453430175781,FFHQ
011178,26.043865203857422,25.09463882446289,-0.9492263793945312,FFHQ
011333,42.10502624511719,25.80640983581543,-16.298616409301758,FFHQ
011333,42.10502624511719,27.59654998779297,-14.508476257324219,FFHQ
011333,42.10502624511719,33.18132781982422,-8.923698425292969,FFHQ
011333,42.10502624511719,23.91351318359375,-18.191513061523438,FFHQ
011333,42.10502624511719,31.19561195373535,-10.909414291381836,FFHQ
062657,53.389015197753906,27.961627960205078,-25.427387237548828,FFHQ
062657,53.389015197753906,18.905515670776367,-34.48349952697754,FFHQ
062657,53.389015197753906,21.273529052734375,-32.11548614501953,FFHQ
062657,53.389015197753906,26.44353485107422,-26.945480346679688,FFHQ
062657,53.389015197753906,21.10455322265625,-32.284461975097656,FFHQ
042078,15.707117080688477,22.21334457397461,6.506227493286133,FFHQ
042078,15.707117080688477,18.201580047607422,2.4944629669189453,FFHQ
042078,15.707117080688477,20.96192169189453,5.254804611206055,FFHQ
042078,15.707117080688477,23.950176239013672,8.243059158325195,FFHQ
042078,15.707117080688477,20.87836456298828,5.171247482299805,FFHQ
048462,33.40621566772461,24.38298988342285,-9.023225784301758,FFHQ
048462,33.40621566772461,20.664894104003906,-12.741321563720703,FFHQ
048462,33.40621566772461,19.43891143798828,-13.967304229736328,FFHQ
048462,33.40621566772461,22.55027198791504,-10.85594367980957,FFHQ
048462,33.40621566772461,18.948530197143555,-14.457685470581055,FFHQ
028319,1.7064826488494873,1.7954224348068237,0.08893978595733643,FFHQ
028319,1.7064826488494873,1.615670919418335,-0.09081172943115234,FFHQ
028319,1.7064826488494873,1.5847400426864624,-0.1217426061630249,FFHQ
028319,1.7064826488494873,1.7733685970306396,0.06688594818115234,FFHQ
028319,1.7064826488494873,2.4933643341064453,0.786881685256958,FFHQ
018282,21.162752151489258,17.81229591369629,-3.3504562377929688,FFHQ
018282,21.162752151489258,17.91653060913086,-3.2462215423583984,FFHQ
018282,21.162752151489258,19.857166290283203,-1.3055858612060547,FFHQ
018282,21.162752151489258,14.902570724487305,-6.260181427001953,FFHQ
018282,21.162752151489258,15.530744552612305,-5.632007598876953,FFHQ
036878,61.96718215942383,21.06139373779297,-40.90578842163086,FFHQ
036878,61.96718215942383,24.281932830810547,-37.68524932861328,FFHQ
036878,61.96718215942383,16.300277709960938,-45.66690444946289,FFHQ
036878,61.96718215942383,12.544075012207031,-49.4231071472168,FFHQ
036878,61.96718215942383,26.58329963684082,-35.38388252258301,FFHQ
049248,49.03730392456055,8.94923210144043,-40.08807182312012,FFHQ
049248,49.03730392456055,35.77783203125,-13.259471893310547,FFHQ
049248,49.03730392456055,10.113485336303711,-38.923818588256836,FFHQ
049248,49.03730392456055,18.196624755859375,-30.840679168701172,FFHQ
049248,49.03730392456055,8.443683624267578,-40.59362030029297,FFHQ
036711,48.65816879272461,29.67840003967285,-18.979768753051758,FFHQ
036711,48.65816879272461,40.732818603515625,-7.925350189208984,FFHQ
036711,48.65816879272461,32.37611389160156,-16.282054901123047,FFHQ
036711,48.65816879272461,43.10135269165039,-5.556816101074219,FFHQ
036711,48.65816879272461,21.708677291870117,-26.949491500854492,FFHQ
027732,15.372480392456055,12.344537734985352,-3.027942657470703,FFHQ
027732,15.372480392456055,11.851644515991211,-3.5208358764648438,FFHQ
027732,15.372480392456055,17.770116806030273,2.3976364135742188,FFHQ
027732,15.372480392456055,10.418697357177734,-4.95378303527832,FFHQ
027732,15.372480392456055,11.576223373413086,-3.7962570190429688,FFHQ
039370,25.766033172607422,28.17654037475586,2.4105072021484375,FFHQ
039370,25.766033172607422,22.573131561279297,-3.192901611328125,FFHQ
039370,25.766033172607422,25.948657989501953,0.18262481689453125,FFHQ
039370,25.766033172607422,25.487764358520508,-0.27826881408691406,FFHQ
039370,25.766033172607422,25.658172607421875,-0.10786056518554688,FFHQ
013754,43.85205078125,41.77508544921875,-2.07696533203125,FFHQ
013754,43.85205078125,14.704689025878906,-29.147361755371094,FFHQ
013754,43.85205078125,15.651115417480469,-28.20093536376953,FFHQ
013754,43.85205078125,11.80373764038086,-32.04831314086914,FFHQ
013754,43.85205078125,19.333017349243164,-24.519033432006836,FFHQ
063749,10.659034729003906,15.921915054321289,5.262880325317383,FFHQ
063749,10.659034729003906,13.480978012084961,2.8219432830810547,FFHQ
063749,10.659034729003906,12.975948333740234,2.316913604736328,FFHQ
063749,10.659034729003906,10.65492057800293,-0.0041141510009765625,FFHQ
063749,10.659034729003906,11.841209411621094,1.1821746826171875,FFHQ
004421,34.78984832763672,42.96598815917969,8.176139831542969,FFHQ
004421,34.78984832763672,23.049488067626953,-11.740360260009766,FFHQ
004421,34.78984832763672,20.483230590820312,-14.306617736816406,FFHQ
004421,34.78984832763672,21.42840576171875,-13.361442565917969,FFHQ
004421,34.78984832763672,39.65522003173828,4.8653717041015625,FFHQ
020447,32.389617919921875,27.99818992614746,-4.391427993774414,FFHQ
020447,32.389617919921875,27.885818481445312,-4.5037994384765625,FFHQ
020447,32.389617919921875,28.596595764160156,-3.7930221557617188,FFHQ
020447,32.389617919921875,27.569259643554688,-4.8203582763671875,FFHQ
020447,32.389617919921875,27.74246597290039,-4.647151947021484,FFHQ
004917,20.68666648864746,20.956653594970703,0.2699871063232422,FFHQ
004917,20.68666648864746,17.61166763305664,-3.0749988555908203,FFHQ
004917,20.68666648864746,19.167762756347656,-1.5189037322998047,FFHQ
004917,20.68666648864746,21.118011474609375,0.43134498596191406,FFHQ
004917,20.68666648864746,20.742382049560547,0.05571556091308594,FFHQ
011277,24.731674194335938,22.07561683654785,-2.656057357788086,FFHQ
011277,24.731674194335938,17.580150604248047,-7.151523590087891,FFHQ
011277,24.731674194335938,17.77972984313965,-6.951944351196289,FFHQ
011277,24.731674194335938,16.252582550048828,-8.47909164428711,FFHQ
011277,24.731674194335938,18.161075592041016,-6.570598602294922,FFHQ
051649,16.51743507385254,18.94548797607422,2.4280529022216797,FFHQ
051649,16.51743507385254,21.257823944091797,4.740388870239258,FFHQ
051649,16.51743507385254,22.8642578125,6.346822738647461,FFHQ
051649,16.51743507385254,28.649953842163086,12.132518768310547,FFHQ
051649,16.51743507385254,25.997549057006836,9.480113983154297,FFHQ
059388,20.316978454589844,43.666046142578125,23.34906768798828,FFHQ
059388,20.316978454589844,29.176616668701172,8.859638214111328,FFHQ
059388,20.316978454589844,18.643104553222656,-1.6738739013671875,FFHQ
059388,20.316978454589844,33.671142578125,13.354164123535156,FFHQ
059388,20.316978454589844,17.732568740844727,-2.584409713745117,FFHQ
062788,63.9210205078125,49.93666458129883,-13.984355926513672,FFHQ
062788,63.9210205078125,53.04756164550781,-10.873458862304688,FFHQ
062788,63.9210205078125,57.25177764892578,-6.669242858886719,FFHQ
062788,63.9210205078125,55.5380744934082,-8.382946014404297,FFHQ
062788,63.9210205078125,60.26451873779297,-3.6565017700195312,FFHQ
018300,58.71278381347656,33.01936721801758,-25.693416595458984,FFHQ
018300,58.71278381347656,28.80088233947754,-29.911901473999023,FFHQ
018300,58.71278381347656,41.406044006347656,-17.306739807128906,FFHQ
018300,58.71278381347656,32.50676727294922,-26.206016540527344,FFHQ
018300,58.71278381347656,28.931385040283203,-29.78139877319336,FFHQ
019819,18.299453735351562,23.830087661743164,5.530633926391602,FFHQ
019819,18.299453735351562,15.534807205200195,-2.764646530151367,FFHQ
019819,18.299453735351562,19.758041381835938,1.458587646484375,FFHQ
019819,18.299453735351562,23.226943969726562,4.927490234375,FFHQ
019819,18.299453735351562,25.11312484741211,6.813671112060547,FFHQ
040430,1.8728411197662354,8.266833305358887,6.393992185592651,FFHQ
040430,1.8728411197662354,7.5191521644592285,5.646311044692993,FFHQ
040430,1.8728411197662354,3.117532730102539,1.2446916103363037,FFHQ
040430,1.8728411197662354,3.709163188934326,1.8363220691680908,FFHQ
040430,1.8728411197662354,2.2594919204711914,0.38665080070495605,FFHQ
036231,39.85961151123047,30.51987648010254,-9.33973503112793,FFHQ
036231,39.85961151123047,41.184112548828125,1.3245010375976562,FFHQ
036231,39.85961151123047,29.654212951660156,-10.205398559570312,FFHQ
036231,39.85961151123047,23.875791549682617,-15.983819961547852,FFHQ
036231,39.85961151123047,29.912933349609375,-9.946678161621094,FFHQ
021970,22.99859046936035,23.24570083618164,0.24711036682128906,FFHQ
021970,22.99859046936035,19.988174438476562,-3.010416030883789,FFHQ
021970,22.99859046936035,20.292190551757812,-2.706399917602539,FFHQ
021970,22.99859046936035,21.307466506958008,-1.6911239624023438,FFHQ
021970,22.99859046936035,24.791927337646484,1.7933368682861328,FFHQ
007542,60.602386474609375,28.98260498046875,-31.619781494140625,FFHQ
007542,60.602386474609375,21.01273536682129,-39.589651107788086,FFHQ
007542,60.602386474609375,38.70677185058594,-21.895614624023438,FFHQ
007542,60.602386474609375,41.360660552978516,-19.24172592163086,FFHQ
007542,60.602386474609375,37.470767974853516,-23.13161849975586,FFHQ
054409,2.9158315658569336,4.166971683502197,1.2511401176452637,FFHQ
054409,2.9158315658569336,6.12307596206665,3.207244396209717,FFHQ
054409,2.9158315658569336,3.693275213241577,0.7774436473846436,FFHQ
054409,2.9158315658569336,6.242639064788818,3.3268074989318848,FFHQ
054409,2.9158315658569336,4.866782188415527,1.9509506225585938,FFHQ
042441,27.482847213745117,25.333850860595703,-2.148996353149414,FFHQ
042441,27.482847213745117,27.992267608642578,0.5094203948974609,FFHQ
042441,27.482847213745117,30.588577270507812,3.1057300567626953,FFHQ
042441,27.482847213745117,23.029415130615234,-4.453432083129883,FFHQ
042441,27.482847213745117,28.793312072753906,1.310464859008789,FFHQ
024128,22.884658813476562,20.29173469543457,-2.592924118041992,FFHQ
024128,22.884658813476562,16.421024322509766,-6.463634490966797,FFHQ
024128,22.884658813476562,18.701936721801758,-4.182722091674805,FFHQ
024128,22.884658813476562,19.956438064575195,-2.928220748901367,FFHQ
024128,22.884658813476562,31.780925750732422,8.89626693725586,FFHQ
055182,24.9404296875,23.234773635864258,-1.7056560516357422,FFHQ
055182,24.9404296875,19.140464782714844,-5.799964904785156,FFHQ
055182,24.9404296875,28.010154724121094,3.0697250366210938,FFHQ
055182,24.9404296875,31.562671661376953,6.622241973876953,FFHQ
055182,24.9404296875,33.09025955200195,8.149829864501953,FFHQ
016694,26.386856079101562,10.505205154418945,-15.881650924682617,FFHQ
016694,26.386856079101562,43.838134765625,17.451278686523438,FFHQ
016694,26.386856079101562,9.494464874267578,-16.892391204833984,FFHQ
016694,26.386856079101562,12.817085266113281,-13.569770812988281,FFHQ
016694,26.386856079101562,11.747806549072266,-14.639049530029297,FFHQ
062856,21.185901641845703,18.27958106994629,-2.906320571899414,FFHQ
062856,21.185901641845703,45.61260986328125,24.426708221435547,FFHQ
062856,21.185901641845703,24.877382278442383,3.6914806365966797,FFHQ
062856,21.185901641845703,19.89002227783203,-1.2958793640136719,FFHQ
062856,21.185901641845703,28.571531295776367,7.385629653930664,FFHQ
048981,27.956188201904297,19.64816665649414,-8.308021545410156,FFHQ
048981,27.956188201904297,18.022212982177734,-9.933975219726562,FFHQ
048981,27.956188201904297,17.818504333496094,-10.137683868408203,FFHQ
048981,27.956188201904297,21.483619689941406,-6.472568511962891,FFHQ
048981,27.956188201904297,17.419424057006836,-10.536764144897461,FFHQ
027770,36.173587799072266,17.78836441040039,-18.385223388671875,FFHQ
027770,36.173587799072266,15.385833740234375,-20.78775405883789,FFHQ
027770,36.173587799072266,8.716424942016602,-27.457162857055664,FFHQ
027770,36.173587799072266,17.495454788208008,-18.678133010864258,FFHQ
027770,36.173587799072266,16.625009536743164,-19.5485782623291,FFHQ
012954,38.78044891357422,26.193214416503906,-12.587234497070312,FFHQ
012954,38.78044891357422,11.32204818725586,-27.45840072631836,FFHQ
012954,38.78044891357422,16.05558204650879,-22.72486686706543,FFHQ
012954,38.78044891357422,12.198373794555664,-26.582075119018555,FFHQ
012954,38.78044891357422,8.76521110534668,-30.01523780822754,FFHQ
067285,57.915443420410156,48.96692657470703,-8.948516845703125,FFHQ
067285,57.915443420410156,14.445314407348633,-43.47012901306152,FFHQ
067285,57.915443420410156,45.164371490478516,-12.75107192993164,FFHQ
067285,57.915443420410156,16.547985076904297,-41.36745834350586,FFHQ
067285,57.915443420410156,28.679182052612305,-29.23626136779785,FFHQ
001517,29.018962860107422,36.69413375854492,7.6751708984375,FFHQ
001517,29.018962860107422,30.50658416748047,1.4876213073730469,FFHQ
001517,29.018962860107422,24.48175048828125,-4.537212371826172,FFHQ
001517,29.018962860107422,27.739917755126953,-1.2790451049804688,FFHQ
001517,29.018962860107422,26.075637817382812,-2.9433250427246094,FFHQ
034264,38.29656219482422,24.517410278320312,-13.779151916503906,FFHQ
034264,38.29656219482422,17.97988510131836,-20.31667709350586,FFHQ
034264,38.29656219482422,25.997539520263672,-12.299022674560547,FFHQ
034264,38.29656219482422,19.226070404052734,-19.070491790771484,FFHQ
034264,38.29656219482422,42.311466217041016,4.014904022216797,FFHQ
037181,18.18366241455078,30.07131576538086,11.887653350830078,FFHQ
037181,18.18366241455078,22.919090270996094,4.7354278564453125,FFHQ
037181,18.18366241455078,28.95509147644043,10.771429061889648,FFHQ
037181,18.18366241455078,23.303951263427734,5.120288848876953,FFHQ
037181,18.18366241455078,28.463966369628906,10.280303955078125,FFHQ
014777,42.02284240722656,35.61176300048828,-6.411079406738281,FFHQ
014777,42.02284240722656,38.557655334472656,-3.4651870727539062,FFHQ
014777,42.02284240722656,42.871273040771484,0.8484306335449219,FFHQ
014777,42.02284240722656,17.139015197753906,-24.883827209472656,FFHQ
014777,42.02284240722656,25.71323013305664,-16.309612274169922,FFHQ
006024,20.961196899414062,33.53150177001953,12.570304870605469,FFHQ
006024,20.961196899414062,15.620946884155273,-5.340250015258789,FFHQ
006024,20.961196899414062,24.076396942138672,3.1152000427246094,FFHQ
006024,20.961196899414062,16.501422882080078,-4.459774017333984,FFHQ
006024,20.961196899414062,15.130996704101562,-5.8302001953125,FFHQ
010689,41.440826416015625,41.85409927368164,0.4132728576660156,FFHQ
010689,41.440826416015625,46.173065185546875,4.73223876953125,FFHQ
010689,41.440826416015625,30.436914443969727,-11.003911972045898,FFHQ
010689,41.440826416015625,32.480567932128906,-8.960258483886719,FFHQ
010689,41.440826416015625,40.598976135253906,-0.8418502807617188,FFHQ
063459,64.07736206054688,17.028106689453125,-47.04925537109375,FFHQ
063459,64.07736206054688,18.783172607421875,-45.294189453125,FFHQ
063459,64.07736206054688,15.230470657348633,-48.84689140319824,FFHQ
063459,64.07736206054688,20.30260467529297,-43.774757385253906,FFHQ
063459,64.07736206054688,15.499807357788086,-48.57755470275879,FFHQ
030655,13.565633773803711,16.11546516418457,2.5498313903808594,FFHQ
030655,13.565633773803711,25.11240577697754,11.546772003173828,FFHQ
030655,13.565633773803711,11.262777328491211,-2.3028564453125,FFHQ
030655,13.565633773803711,10.404489517211914,-3.161144256591797,FFHQ
030655,13.565633773803711,13.080364227294922,-0.48526954650878906,FFHQ
049033,29.770313262939453,33.242218017578125,3.471904754638672,FFHQ
049033,29.770313262939453,24.3456974029541,-5.424615859985352,FFHQ
049033,29.770313262939453,27.128952026367188,-2.6413612365722656,FFHQ
049033,29.770313262939453,25.752687454223633,-4.01762580871582,FFHQ
049033,29.770313262939453,27.070249557495117,-2.700063705444336,FFHQ
028553,61.39119338989258,58.554203033447266,-2.8369903564453125,FFHQ
028553,61.39119338989258,52.97399139404297,-8.41720199584961,FFHQ
028553,61.39119338989258,46.82557678222656,-14.565616607666016,FFHQ
028553,61.39119338989258,52.200889587402344,-9.190303802490234,FFHQ
028553,61.39119338989258,49.982261657714844,-11.408931732177734,FFHQ
015276,36.808258056640625,43.686824798583984,6.878566741943359,FFHQ
015276,36.808258056640625,41.79288864135742,4.984630584716797,FFHQ
015276,36.808258056640625,30.787290573120117,-6.020967483520508,FFHQ
015276,36.808258056640625,42.05608367919922,5.247825622558594,FFHQ
015276,36.808258056640625,43.12330627441406,6.3150482177734375,FFHQ
051779,1.6921228170394897,6.440463066101074,4.7483402490615845,FFHQ
051779,1.6921228170394897,5.353606700897217,3.661483883857727,FFHQ
051779,1.6921228170394897,1.2986871004104614,-0.3934357166290283,FFHQ
051779,1.6921228170394897,5.674533367156982,3.9824105501174927,FFHQ
051779,1.6921228170394897,3.4924964904785156,1.8003736734390259,FFHQ
042253,28.79229164123535,21.868343353271484,-6.923948287963867,FFHQ
042253,28.79229164123535,24.829498291015625,-3.9627933502197266,FFHQ
042253,28.79229164123535,21.770179748535156,-7.022111892700195,FFHQ
042253,28.79229164123535,24.269393920898438,-4.522897720336914,FFHQ
042253,28.79229164123535,19.604928970336914,-9.187362670898438,FFHQ
010886,31.533958435058594,21.321163177490234,-10.21279525756836,FFHQ
010886,31.533958435058594,19.4935359954834,-12.040422439575195,FFHQ
010886,31.533958435058594,18.628875732421875,-12.905082702636719,FFHQ
010886,31.533958435058594,16.377214431762695,-15.156744003295898,FFHQ
010886,31.533958435058594,17.694435119628906,-13.839523315429688,FFHQ
066210,1.559943437576294,5.865570545196533,4.305627107620239,FFHQ
066210,1.559943437576294,4.076321601867676,2.516378164291382,FFHQ
066210,1.559943437576294,3.76088809967041,2.200944662094116,FFHQ
066210,1.559943437576294,3.2998273372650146,1.7398838996887207,FFHQ
066210,1.559943437576294,7.433156490325928,5.873213052749634,FFHQ
023772,40.42975616455078,24.996416091918945,-15.433340072631836,FFHQ
023772,40.42975616455078,32.55826950073242,-7.871486663818359,FFHQ
023772,40.42975616455078,28.259000778198242,-12.170755386352539,FFHQ
023772,40.42975616455078,26.031150817871094,-14.398605346679688,FFHQ
023772,40.42975616455078,28.149486541748047,-12.280269622802734,FFHQ
039864,18.69586181640625,17.879146575927734,-0.8167152404785156,FFHQ
039864,18.69586181640625,29.132349014282227,10.436487197875977,FFHQ
039864,18.69586181640625,26.026121139526367,7.330259323120117,FFHQ
039864,18.69586181640625,23.145835876464844,4.449974060058594,FFHQ
039864,18.69586181640625,20.671878814697266,1.9760169982910156,FFHQ
057805,7.56746768951416,10.695945739746094,3.1284780502319336,FFHQ
057805,7.56746768951416,17.179983139038086,9.612515449523926,FFHQ
057805,7.56746768951416,10.8675537109375,3.30008602142334,FFHQ
057805,7.56746768951416,10.445249557495117,2.877781867980957,FFHQ
057805,7.56746768951416,10.843639373779297,3.2761716842651367,FFHQ
062500,30.977130889892578,30.157302856445312,-0.8198280334472656,FFHQ
062500,30.977130889892578,28.888286590576172,-2.0888442993164062,FFHQ
062500,30.977130889892578,26.142894744873047,-4.834236145019531,FFHQ
062500,30.977130889892578,27.55227279663086,-3.4248580932617188,FFHQ
062500,30.977130889892578,25.516357421875,-5.460773468017578,FFHQ
007228,47.88338851928711,43.608158111572266,-4.275230407714844,FFHQ
007228,47.88338851928711,30.789941787719727,-17.093446731567383,FFHQ
007228,47.88338851928711,24.056028366088867,-23.827360153198242,FFHQ
007228,47.88338851928711,26.697444915771484,-21.185943603515625,FFHQ
007228,47.88338851928711,26.51964569091797,-21.36374282836914,FFHQ
007053,13.141368865966797,32.96189498901367,19.820526123046875,FFHQ
007053,13.141368865966797,28.23026466369629,15.088895797729492,FFHQ
007053,13.141368865966797,25.491558074951172,12.350189208984375,FFHQ
007053,13.141368865966797,29.187664031982422,16.046295166015625,FFHQ
007053,13.141368865966797,21.631977081298828,8.490608215332031,FFHQ
064500,17.443801879882812,21.9837589263916,4.539957046508789,FFHQ
064500,17.443801879882812,18.728347778320312,1.2845458984375,FFHQ
064500,17.443801879882812,17.31595802307129,-0.12784385681152344,FFHQ
064500,17.443801879882812,17.205841064453125,-0.2379608154296875,FFHQ
064500,17.443801879882812,19.576805114746094,2.1330032348632812,FFHQ
037550,24.260284423828125,26.381277084350586,2.120992660522461,FFHQ
037550,24.260284423828125,20.701871871948242,-3.558412551879883,FFHQ
037550,24.260284423828125,18.005796432495117,-6.254487991333008,FFHQ
037550,24.260284423828125,13.626577377319336,-10.633707046508789,FFHQ
037550,24.260284423828125,27.66779327392578,3.4075088500976562,FFHQ
026170,13.225959777832031,29.99610137939453,16.7701416015625,FFHQ
026170,13.225959777832031,17.94729232788086,4.721332550048828,FFHQ
026170,13.225959777832031,26.74957275390625,13.523612976074219,FFHQ
026170,13.225959777832031,23.470985412597656,10.245025634765625,FFHQ
026170,13.225959777832031,26.760526657104492,13.534566879272461,FFHQ
003926,9.185535430908203,9.01689338684082,-0.1686420440673828,FFHQ
003926,9.185535430908203,9.956588745117188,0.7710533142089844,FFHQ
003926,9.185535430908203,10.236871719360352,1.0513362884521484,FFHQ
003926,9.185535430908203,12.53133773803711,3.3458023071289062,FFHQ
003926,9.185535430908203,11.566778182983398,2.3812427520751953,FFHQ
001346,68.84722137451172,54.66352081298828,-14.183700561523438,FFHQ
001346,68.84722137451172,25.49445343017578,-43.35276794433594,FFHQ
001346,68.84722137451172,13.511507034301758,-55.33571434020996,FFHQ
001346,68.84722137451172,16.02918243408203,-52.81803894042969,FFHQ
001346,68.84722137451172,25.790470123291016,-43.0567512512207,FFHQ
060139,28.242172241210938,17.898643493652344,-10.343528747558594,FFHQ
060139,28.242172241210938,13.280952453613281,-14.961219787597656,FFHQ
060139,28.242172241210938,14.50172233581543,-13.740449905395508,FFHQ
060139,28.242172241210938,22.582279205322266,-5.659893035888672,FFHQ
060139,28.242172241210938,16.93706512451172,-11.305107116699219,FFHQ
007563,49.442466735839844,30.369552612304688,-19.072914123535156,FFHQ
007563,49.442466735839844,41.428619384765625,-8.013847351074219,FFHQ
007563,49.442466735839844,36.713836669921875,-12.728630065917969,FFHQ
007563,49.442466735839844,23.383403778076172,-26.059062957763672,FFHQ
007563,49.442466735839844,36.625877380371094,-12.81658935546875,FFHQ
001282,58.09819030761719,12.68520736694336,-45.41298294067383,FFHQ
001282,58.09819030761719,11.708202362060547,-46.38998794555664,FFHQ
001282,58.09819030761719,13.345325469970703,-44.752864837646484,FFHQ
001282,58.09819030761719,12.385499954223633,-45.712690353393555,FFHQ
001282,58.09819030761719,10.894609451293945,-47.20358085632324,FFHQ
002098,30.32834815979004,20.984121322631836,-9.344226837158203,FFHQ
002098,30.32834815979004,20.093528747558594,-10.234819412231445,FFHQ
002098,30.32834815979004,13.852376937866211,-16.475971221923828,FFHQ
002098,30.32834815979004,19.43724822998047,-10.89109992980957,FFHQ
002098,30.32834815979004,19.156373977661133,-11.171974182128906,FFHQ
004940,1.1273218393325806,1.1463087797164917,0.018986940383911133,FFHQ
004940,1.1273218393325806,1.3785183429718018,0.2511965036392212,FFHQ
004940,1.1273218393325806,1.2271217107772827,0.09979987144470215,FFHQ
004940,1.1273218393325806,1.1566529273986816,0.029331088066101074,FFHQ
004940,1.1273218393325806,1.223158597946167,0.09583675861358643,FFHQ
009637,31.240718841552734,27.332448959350586,-3.9082698822021484,FFHQ
009637,31.240718841552734,25.9312686920166,-5.309450149536133,FFHQ
009637,31.240718841552734,27.699249267578125,-3.5414695739746094,FFHQ
009637,31.240718841552734,29.161964416503906,-2.078754425048828,FFHQ
009637,31.240718841552734,25.281496047973633,-5.959222793579102,FFHQ
012399,26.04506492614746,19.708450317382812,-6.336614608764648,FFHQ
012399,26.04506492614746,27.930526733398438,1.8854618072509766,FFHQ
012399,26.04506492614746,22.595151901245117,-3.4499130249023438,FFHQ
012399,26.04506492614746,24.769365310668945,-1.2756996154785156,FFHQ
012399,26.04506492614746,23.03702163696289,-3.0080432891845703,FFHQ
006929,1.280922770500183,5.282835483551025,4.001912713050842,FFHQ
006929,1.280922770500183,18.729778289794922,17.44885551929474,FFHQ
006929,1.280922770500183,4.019010543823242,2.738087773323059,FFHQ
006929,1.280922770500183,1.6623002290725708,0.3813774585723877,FFHQ
006929,1.280922770500183,3.50726056098938,2.2263377904891968,FFHQ
031012,41.158626556396484,41.428497314453125,0.2698707580566406,FFHQ
031012,41.158626556396484,28.259132385253906,-12.899494171142578,FFHQ
031012,41.158626556396484,40.19041061401367,-0.9682159423828125,FFHQ
031012,41.158626556396484,42.501197814941406,1.3425712585449219,FFHQ
031012,41.158626556396484,34.79547882080078,-6.363147735595703,FFHQ
005458,49.91056823730469,36.986873626708984,-12.923694610595703,FFHQ
005458,49.91056823730469,30.911128997802734,-18.999439239501953,FFHQ
005458,49.91056823730469,35.01287841796875,-14.897689819335938,FFHQ
005458,49.91056823730469,41.535343170166016,-8.375225067138672,FFHQ
005458,49.91056823730469,34.52275085449219,-15.3878173828125,FFHQ
057568,35.99809265136719,27.537002563476562,-8.461090087890625,FFHQ
057568,35.99809265136719,26.625194549560547,-9.37289810180664,FFHQ
057568,35.99809265136719,25.759109497070312,-10.238983154296875,FFHQ
057568,35.99809265136719,27.188541412353516,-8.809551239013672,FFHQ
057568,35.99809265136719,28.26473617553711,-7.733356475830078,FFHQ
018775,28.222047805786133,28.471202850341797,0.24915504455566406,FFHQ
018775,28.222047805786133,24.215065002441406,-4.006982803344727,FFHQ
018775,28.222047805786133,26.321557998657227,-1.9004898071289062,FFHQ
018775,28.222047805786133,21.750484466552734,-6.471563339233398,FFHQ
018775,28.222047805786133,25.088977813720703,-3.1330699920654297,FFHQ
048751,27.298730850219727,19.50847625732422,-7.790254592895508,FFHQ
048751,27.298730850219727,24.202714920043945,-3.0960159301757812,FFHQ
048751,27.298730850219727,25.584087371826172,-1.7146434783935547,FFHQ
048751,27.298730850219727,24.396556854248047,-2.9021739959716797,FFHQ
048751,27.298730850219727,24.58040428161621,-2.7183265686035156,FFHQ
010192,42.81768035888672,31.31966781616211,-11.49801254272461,FFHQ
010192,42.81768035888672,25.983720779418945,-16.833959579467773,FFHQ
010192,42.81768035888672,15.948209762573242,-26.869470596313477,FFHQ
010192,42.81768035888672,31.224517822265625,-11.593162536621094,FFHQ
010192,42.81768035888672,17.458444595336914,-25.359235763549805,FFHQ
064910,36.616180419921875,26.857276916503906,-9.758903503417969,FFHQ
064910,36.616180419921875,27.255897521972656,-9.360282897949219,FFHQ
064910,36.616180419921875,32.2130012512207,-4.403179168701172,FFHQ
064910,36.616180419921875,25.849651336669922,-10.766529083251953,FFHQ
064910,36.616180419921875,24.556529998779297,-12.059650421142578,FFHQ
052401,60.33549499511719,17.788114547729492,-42.547380447387695,FFHQ
052401,60.33549499511719,22.798782348632812,-37.536712646484375,FFHQ
052401,60.33549499511719,23.212284088134766,-37.12321090698242,FFHQ
052401,60.33549499511719,15.751432418823242,-44.584062576293945,FFHQ
052401,60.33549499511719,17.343711853027344,-42.991783142089844,FFHQ
011487,25.383316040039062,21.51395034790039,-3.869365692138672,FFHQ
011487,25.383316040039062,22.5692138671875,-2.8141021728515625,FFHQ
011487,25.383316040039062,18.94611358642578,-6.437202453613281,FFHQ
011487,25.383316040039062,25.28060531616211,-0.10271072387695312,FFHQ
011487,25.383316040039062,21.583772659301758,-3.7995433807373047,FFHQ
051158,59.23053741455078,27.189254760742188,-32.041282653808594,FFHQ
051158,59.23053741455078,47.653038024902344,-11.577499389648438,FFHQ
051158,59.23053741455078,48.96943664550781,-10.261100769042969,FFHQ
051158,59.23053741455078,32.513797760009766,-26.716739654541016,FFHQ
051158,59.23053741455078,24.991369247436523,-34.23916816711426,FFHQ
031504,20.15313720703125,43.14785385131836,22.99471664428711,FFHQ
031504,20.15313720703125,37.64506149291992,17.491924285888672,FFHQ
031504,20.15313720703125,34.75873565673828,14.605598449707031,FFHQ
031504,20.15313720703125,27.785045623779297,7.631908416748047,FFHQ
031504,20.15313720703125,54.947147369384766,34.794010162353516,FFHQ
043752,36.0654182434082,36.47407913208008,0.408660888671875,FFHQ
043752,36.0654182434082,29.668071746826172,-6.397346496582031,FFHQ
043752,36.0654182434082,34.359413146972656,-1.7060050964355469,FFHQ
043752,36.0654182434082,24.412471771240234,-11.652946472167969,FFHQ
043752,36.0654182434082,39.1217041015625,3.056285858154297,FFHQ
011963,69.52354431152344,36.78443145751953,-32.739112854003906,FFHQ
011963,69.52354431152344,26.85677146911621,-42.66677284240723,FFHQ
011963,69.52354431152344,19.788230895996094,-49.735313415527344,FFHQ
011963,69.52354431152344,13.060554504394531,-56.462989807128906,FFHQ
011963,69.52354431152344,18.898582458496094,-50.624961853027344,FFHQ
008318,32.48577117919922,25.11020851135254,-7.37556266784668,FFHQ
008318,32.48577117919922,39.848567962646484,7.362796783447266,FFHQ
008318,32.48577117919922,24.373931884765625,-8.111839294433594,FFHQ
008318,32.48577117919922,13.400886535644531,-19.084884643554688,FFHQ
008318,32.48577117919922,26.16095733642578,-6.3248138427734375,FFHQ
027775,60.92346954345703,56.611572265625,-4.311897277832031,FFHQ
027775,60.92346954345703,55.29364013671875,-5.629829406738281,FFHQ
027775,60.92346954345703,56.86570739746094,-4.057762145996094,FFHQ
027775,60.92346954345703,37.287681579589844,-23.635787963867188,FFHQ
027775,60.92346954345703,18.146150588989258,-42.77731895446777,FFHQ
032618,1.683574914932251,4.47707986831665,2.7935049533843994,FFHQ
032618,1.683574914932251,5.867198467254639,4.183623552322388,FFHQ
032618,1.683574914932251,5.849128246307373,4.165553331375122,FFHQ
032618,1.683574914932251,6.222870349884033,4.539295434951782,FFHQ
032618,1.683574914932251,8.297981262207031,6.61440634727478,FFHQ
021597,1.3187891244888306,16.866771697998047,15.547982573509216,FFHQ
021597,1.3187891244888306,2.824678421020508,1.5058892965316772,FFHQ
021597,1.3187891244888306,3.2673444747924805,1.94855535030365,FFHQ
021597,1.3187891244888306,2.412792205810547,1.0940030813217163,FFHQ
021597,1.3187891244888306,3.148038387298584,1.8292492628097534,FFHQ
001125,22.779644012451172,24.659425735473633,1.879781723022461,FFHQ
001125,22.779644012451172,15.993640899658203,-6.786003112792969,FFHQ
001125,22.779644012451172,23.539331436157227,0.7596874237060547,FFHQ
001125,22.779644012451172,19.671886444091797,-3.107757568359375,FFHQ
001125,22.779644012451172,17.795406341552734,-4.9842376708984375,FFHQ
037058,65.20380401611328,52.11305236816406,-13.090751647949219,FFHQ
037058,65.20380401611328,52.034034729003906,-13.169769287109375,FFHQ
037058,65.20380401611328,56.69371795654297,-8.510086059570312,FFHQ
037058,65.20380401611328,59.50281524658203,-5.70098876953125,FFHQ
037058,65.20380401611328,59.089454650878906,-6.114349365234375,FFHQ
048670,10.116928100585938,36.655765533447266,26.538837432861328,FFHQ
048670,10.116928100585938,22.324607849121094,12.207679748535156,FFHQ
048670,10.116928100585938,23.83679962158203,13.719871520996094,FFHQ
048670,10.116928100585938,22.102577209472656,11.985649108886719,FFHQ
048670,10.116928100585938,18.18756866455078,8.070640563964844,FFHQ
014303,40.89971923828125,43.52020263671875,2.6204833984375,FFHQ
014303,40.89971923828125,43.10047149658203,2.2007522583007812,FFHQ
014303,40.89971923828125,13.582427978515625,-27.317291259765625,FFHQ
014303,40.89971923828125,40.670310974121094,-0.22940826416015625,FFHQ
014303,40.89971923828125,37.524925231933594,-3.3747940063476562,FFHQ
064177,35.37207794189453,44.71846008300781,9.346382141113281,FFHQ
064177,35.37207794189453,37.98023223876953,2.608154296875,FFHQ
064177,35.37207794189453,42.47880554199219,7.106727600097656,FFHQ
064177,35.37207794189453,38.33342742919922,2.9613494873046875,FFHQ
064177,35.37207794189453,31.558792114257812,-3.8132858276367188,FFHQ
001196,9.526937484741211,16.630813598632812,7.103876113891602,FFHQ
001196,9.526937484741211,19.94416046142578,10.41722297668457,FFHQ
001196,9.526937484741211,14.818058013916016,5.291120529174805,FFHQ
001196,9.526937484741211,16.25442123413086,6.727483749389648,FFHQ
001196,9.526937484741211,22.96915054321289,13.44221305847168,FFHQ
005684,15.30702018737793,8.674121856689453,-6.632898330688477,FFHQ
005684,15.30702018737793,12.863395690917969,-2.443624496459961,FFHQ
005684,15.30702018737793,12.93514633178711,-2.3718738555908203,FFHQ
005684,15.30702018737793,13.551153182983398,-1.7558670043945312,FFHQ
005684,15.30702018737793,17.219799041748047,1.9127788543701172,FFHQ
068837,7.619472503662109,24.54277229309082,16.92329978942871,FFHQ
068837,7.619472503662109,24.98883628845215,17.36936378479004,FFHQ
068837,7.619472503662109,23.252655029296875,15.633182525634766,FFHQ
068837,7.619472503662109,25.28812599182129,17.66865348815918,FFHQ
068837,7.619472503662109,22.89313507080078,15.273662567138672,FFHQ
031921,22.37637710571289,24.53043556213379,2.1540584564208984,FFHQ
031921,22.37637710571289,30.719892501831055,8.343515396118164,FFHQ
031921,22.37637710571289,22.94945526123047,0.5730781555175781,FFHQ
031921,22.37637710571289,21.01148796081543,-1.364889144897461,FFHQ
031921,22.37637710571289,19.499759674072266,-2.876617431640625,FFHQ
044881,15.947286605834961,35.03337860107422,19.086091995239258,FFHQ
044881,15.947286605834961,24.260391235351562,8.313104629516602,FFHQ
044881,15.947286605834961,34.2738037109375,18.32651710510254,FFHQ
044881,15.947286605834961,28.259788513183594,12.312501907348633,FFHQ
044881,15.947286605834961,30.613571166992188,14.666284561157227,FFHQ
001467,34.946067810058594,28.58102798461914,-6.365039825439453,FFHQ
001467,34.946067810058594,25.48610496520996,-9.459962844848633,FFHQ
001467,34.946067810058594,27.190513610839844,-7.75555419921875,FFHQ
001467,34.946067810058594,28.633583068847656,-6.3124847412109375,FFHQ
001467,34.946067810058594,28.30986213684082,-6.636205673217773,FFHQ
052515,2.4594740867614746,4.265902519226074,1.8064284324645996,FFHQ
052515,2.4594740867614746,6.326559543609619,3.8670854568481445,FFHQ
052515,2.4594740867614746,4.504029273986816,2.044555187225342,FFHQ
052515,2.4594740867614746,5.343687057495117,2.8842129707336426,FFHQ
052515,2.4594740867614746,6.966648578643799,4.507174491882324,FFHQ
051168,14.407707214355469,19.275663375854492,4.867956161499023,FFHQ
051168,14.407707214355469,21.85092544555664,7.443218231201172,FFHQ
051168,14.407707214355469,21.597095489501953,7.189388275146484,FFHQ
051168,14.407707214355469,20.78481101989746,6.377103805541992,FFHQ
051168,14.407707214355469,21.802541732788086,7.394834518432617,FFHQ
003588,42.961387634277344,27.457242965698242,-15.504144668579102,FFHQ
003588,42.961387634277344,36.117191314697266,-6.844196319580078,FFHQ
003588,42.961387634277344,23.990610122680664,-18.97077751159668,FFHQ
003588,42.961387634277344,24.785545349121094,-18.17584228515625,FFHQ
003588,42.961387634277344,23.226194381713867,-19.735193252563477,FFHQ
062453,34.505435943603516,44.080162048339844,9.574726104736328,FFHQ
062453,34.505435943603516,36.007652282714844,1.5022163391113281,FFHQ
062453,34.505435943603516,33.43515396118164,-1.070281982421875,FFHQ
062453,34.505435943603516,28.964046478271484,-5.541389465332031,FFHQ
062453,34.505435943603516,24.970401763916016,-9.5350341796875,FFHQ
037860,18.310895919799805,13.112218856811523,-5.198677062988281,FFHQ
037860,18.310895919799805,16.11298370361328,-2.1979122161865234,FFHQ
037860,18.310895919799805,16.2674503326416,-2.043445587158203,FFHQ
037860,18.310895919799805,11.87506103515625,-6.435834884643555,FFHQ
037860,18.310895919799805,11.840864181518555,-6.47003173828125,FFHQ
001291,39.76689910888672,41.599853515625,1.8329544067382812,FFHQ
001291,39.76689910888672,48.761959075927734,8.995059967041016,FFHQ
001291,39.76689910888672,34.96482849121094,-4.802070617675781,FFHQ
001291,39.76689910888672,31.368375778198242,-8.398523330688477,FFHQ
001291,39.76689910888672,34.243160247802734,-5.523738861083984,FFHQ
003804,47.0694580078125,24.183094024658203,-22.886363983154297,FFHQ
003804,47.0694580078125,22.33791732788086,-24.73154067993164,FFHQ
003804,47.0694580078125,32.9902458190918,-14.079212188720703,FFHQ
003804,47.0694580078125,27.944271087646484,-19.125186920166016,FFHQ
003804,47.0694580078125,31.223979949951172,-15.845478057861328,FFHQ
032115,17.55350112915039,16.126930236816406,-1.4265708923339844,FFHQ
032115,17.55350112915039,16.27968406677246,-1.2738170623779297,FFHQ
032115,17.55350112915039,15.968147277832031,-1.5853538513183594,FFHQ
032115,17.55350112915039,16.08148765563965,-1.4720134735107422,FFHQ
032115,17.55350112915039,14.722665786743164,-2.8308353424072266,FFHQ
004214,59.36363220214844,51.8427734375,-7.5208587646484375,FFHQ
004214,59.36363220214844,53.91851043701172,-5.445121765136719,FFHQ
004214,59.36363220214844,50.081790924072266,-9.281841278076172,FFHQ
004214,59.36363220214844,48.71049499511719,-10.65313720703125,FFHQ
004214,59.36363220214844,39.68096160888672,-19.68267059326172,FFHQ
014408,52.357627868652344,43.467262268066406,-8.890365600585938,FFHQ
014408,52.357627868652344,47.722572326660156,-4.6350555419921875,FFHQ
014408,52.357627868652344,27.607723236083984,-24.74990463256836,FFHQ
014408,52.357627868652344,36.92060470581055,-15.437023162841797,FFHQ
014408,52.357627868652344,34.846336364746094,-17.51129150390625,FFHQ
022319,49.67840576171875,18.7811222076416,-30.89728355407715,FFHQ
022319,49.67840576171875,32.67513656616211,-17.00326919555664,FFHQ
022319,49.67840576171875,37.224884033203125,-12.453521728515625,FFHQ
022319,49.67840576171875,22.226211547851562,-27.452194213867188,FFHQ
022319,49.67840576171875,23.901870727539062,-25.776535034179688,FFHQ
022841,28.317668914794922,31.199115753173828,2.8814468383789062,FFHQ
022841,28.317668914794922,41.60371398925781,13.28604507446289,FFHQ
022841,28.317668914794922,22.68828582763672,-5.629383087158203,FFHQ
022841,28.317668914794922,23.21536636352539,-5.102302551269531,FFHQ
022841,28.317668914794922,41.38893127441406,13.07126235961914,FFHQ
038896,20.865123748779297,25.79257583618164,4.927452087402344,FFHQ
038896,20.865123748779297,23.355064392089844,2.489940643310547,FFHQ
038896,20.865123748779297,23.050960540771484,2.1858367919921875,FFHQ
038896,20.865123748779297,27.338096618652344,6.472972869873047,FFHQ
038896,20.865123748779297,20.04431915283203,-0.8208045959472656,FFHQ
000591,30.04770851135254,9.983682632446289,-20.06402587890625,FFHQ
000591,30.04770851135254,22.784595489501953,-7.263113021850586,FFHQ
000591,30.04770851135254,23.148923873901367,-6.898784637451172,FFHQ
000591,30.04770851135254,9.528905868530273,-20.518802642822266,FFHQ
000591,30.04770851135254,7.098592281341553,-22.949116230010986,FFHQ
060437,20.034019470214844,25.77086639404297,5.736846923828125,FFHQ
060437,20.034019470214844,22.234481811523438,2.2004623413085938,FFHQ
060437,20.034019470214844,21.15091323852539,1.1168937683105469,FFHQ
060437,20.034019470214844,20.27300453186035,0.2389850616455078,FFHQ
060437,20.034019470214844,19.972604751586914,-0.06141471862792969,FFHQ
043108,29.008438110351562,28.719579696655273,-0.28885841369628906,FFHQ
043108,29.008438110351562,26.956697463989258,-2.0517406463623047,FFHQ
043108,29.008438110351562,32.5861930847168,3.5777549743652344,FFHQ
043108,29.008438110351562,29.061607360839844,0.05316925048828125,FFHQ
043108,29.008438110351562,30.00151824951172,0.9930801391601562,FFHQ
049581,49.539215087890625,33.50421905517578,-16.034996032714844,FFHQ
049581,49.539215087890625,31.536407470703125,-18.0028076171875,FFHQ
049581,49.539215087890625,25.801570892333984,-23.73764419555664,FFHQ
049581,49.539215087890625,29.731924057006836,-19.80729103088379,FFHQ
049581,49.539215087890625,37.053916931152344,-12.485298156738281,FFHQ
019576,21.296234130859375,10.920604705810547,-10.375629425048828,FFHQ
019576,21.296234130859375,11.810199737548828,-9.486034393310547,FFHQ
019576,21.296234130859375,17.430118560791016,-3.8661155700683594,FFHQ
019576,21.296234130859375,14.342645645141602,-6.953588485717773,FFHQ
019576,21.296234130859375,12.586437225341797,-8.709796905517578,FFHQ
013314,26.888668060302734,19.77956771850586,-7.109100341796875,FFHQ
013314,26.888668060302734,22.335575103759766,-4.553092956542969,FFHQ
013314,26.888668060302734,26.089052200317383,-0.7996158599853516,FFHQ
013314,26.888668060302734,22.693572998046875,-4.195095062255859,FFHQ
013314,26.888668060302734,22.90767478942871,-3.9809932708740234,FFHQ
046624,64.52803802490234,32.172489166259766,-32.35554885864258,FFHQ
046624,64.52803802490234,16.549104690551758,-47.978933334350586,FFHQ
046624,64.52803802490234,19.528400421142578,-44.999637603759766,FFHQ
046624,64.52803802490234,16.25196647644043,-48.276071548461914,FFHQ
046624,64.52803802490234,15.59221076965332,-48.93582725524902,FFHQ
000065,40.16787338256836,15.566263198852539,-24.60161018371582,FFHQ
000065,40.16787338256836,15.803228378295898,-24.36464500427246,FFHQ
000065,40.16787338256836,37.34645080566406,-2.821422576904297,FFHQ
000065,40.16787338256836,42.787845611572266,2.6199722290039062,FFHQ
000065,40.16787338256836,17.884729385375977,-22.283143997192383,FFHQ
052426,49.751487731933594,14.48468017578125,-35.266807556152344,FFHQ
052426,49.751487731933594,17.87749481201172,-31.873992919921875,FFHQ
052426,49.751487731933594,14.462127685546875,-35.28936004638672,FFHQ
052426,49.751487731933594,19.66675567626953,-30.084732055664062,FFHQ
052426,49.751487731933594,14.963052749633789,-34.788434982299805,FFHQ
034891,16.770662307739258,20.815093994140625,4.044431686401367,FFHQ
034891,16.770662307739258,19.23812484741211,2.4674625396728516,FFHQ
034891,16.770662307739258,18.50992202758789,1.7392597198486328,FFHQ
034891,16.770662307739258,20.155351638793945,3.3846893310546875,FFHQ
034891,16.770662307739258,18.45309066772461,1.6824283599853516,FFHQ
010691,21.140750885009766,23.64114761352539,2.500396728515625,FFHQ
010691,21.140750885009766,28.915693283081055,7.774942398071289,FFHQ
010691,21.140750885009766,21.336341857910156,0.19559097290039062,FFHQ
010691,21.140750885009766,22.844646453857422,1.7038955688476562,FFHQ
010691,21.140750885009766,21.13562774658203,-0.005123138427734375,FFHQ
030965,23.992443084716797,25.38517189025879,1.3927288055419922,FFHQ
030965,23.992443084716797,26.511394500732422,2.518951416015625,FFHQ
030965,23.992443084716797,25.8370361328125,1.8445930480957031,FFHQ
030965,23.992443084716797,21.791275024414062,-2.2011680603027344,FFHQ
030965,23.992443084716797,25.692684173583984,1.7002410888671875,FFHQ
016040,32.06945037841797,17.007923126220703,-15.061527252197266,FFHQ
016040,32.06945037841797,14.879888534545898,-17.18956184387207,FFHQ
016040,32.06945037841797,18.00151252746582,-14.067937850952148,FFHQ
016040,32.06945037841797,25.115276336669922,-6.954174041748047,FFHQ
016040,32.06945037841797,20.38790512084961,-11.68154525756836,FFHQ
063140,14.735675811767578,15.87356185913086,1.1378860473632812,FFHQ
063140,14.735675811767578,18.32322883605957,3.587553024291992,FFHQ
063140,14.735675811767578,16.943763732910156,2.208087921142578,FFHQ
063140,14.735675811767578,12.81903076171875,-1.9166450500488281,FFHQ
063140,14.735675811767578,12.542535781860352,-2.1931400299072266,FFHQ
019383,20.52364730834961,22.3122615814209,1.788614273071289,FFHQ
019383,20.52364730834961,20.24901580810547,-0.2746315002441406,FFHQ
019383,20.52364730834961,22.450477600097656,1.9268302917480469,FFHQ
019383,20.52364730834961,18.768413543701172,-1.7552337646484375,FFHQ
019383,20.52364730834961,20.16124725341797,-0.3624000549316406,FFHQ
000914,18.12227439880371,24.076345443725586,5.954071044921875,FFHQ
000914,18.12227439880371,42.40565872192383,24.283384323120117,FFHQ
000914,18.12227439880371,44.07521057128906,25.95293617248535,FFHQ
000914,18.12227439880371,36.85386657714844,18.731592178344727,FFHQ
000914,18.12227439880371,32.31502151489258,14.192747116088867,FFHQ
047831,19.54509735107422,22.25259780883789,2.707500457763672,FFHQ
047831,19.54509735107422,22.22496223449707,2.6798648834228516,FFHQ
047831,19.54509735107422,23.348220825195312,3.8031234741210938,FFHQ
047831,19.54509735107422,25.478591918945312,5.933494567871094,FFHQ
047831,19.54509735107422,22.02528190612793,2.480184555053711,FFHQ
022195,31.378448486328125,22.069358825683594,-9.309089660644531,FFHQ
022195,31.378448486328125,31.431495666503906,0.05304718017578125,FFHQ
022195,31.378448486328125,28.906299591064453,-2.472148895263672,FFHQ
022195,31.378448486328125,21.593402862548828,-9.785045623779297,FFHQ
022195,31.378448486328125,25.464481353759766,-5.913967132568359,FFHQ
051470,14.796520233154297,21.045434951782227,6.24891471862793,FFHQ
051470,14.796520233154297,17.356971740722656,2.5604515075683594,FFHQ
051470,14.796520233154297,19.607662200927734,4.8111419677734375,FFHQ
051470,14.796520233154297,16.42949676513672,1.6329765319824219,FFHQ
051470,14.796520233154297,18.19759178161621,3.401071548461914,FFHQ
003602,47.08184051513672,48.968841552734375,1.8870010375976562,FFHQ
003602,47.08184051513672,45.44864273071289,-1.6331977844238281,FFHQ
003602,47.08184051513672,37.5318489074707,-9.549991607666016,FFHQ
003602,47.08184051513672,22.718585968017578,-24.36325454711914,FFHQ
003602,47.08184051513672,46.97937774658203,-0.1024627685546875,FFHQ
018260,44.75074768066406,41.447479248046875,-3.3032684326171875,FFHQ
018260,44.75074768066406,38.74803924560547,-6.002708435058594,FFHQ
018260,44.75074768066406,32.28007507324219,-12.470672607421875,FFHQ
018260,44.75074768066406,27.579769134521484,-17.170978546142578,FFHQ
018260,44.75074768066406,38.639225006103516,-6.111522674560547,FFHQ
062248,19.71578598022461,37.91819763183594,18.202411651611328,FFHQ
062248,19.71578598022461,30.575069427490234,10.859283447265625,FFHQ
062248,19.71578598022461,25.838499069213867,6.122713088989258,FFHQ
062248,19.71578598022461,24.805593490600586,5.089807510375977,FFHQ
062248,19.71578598022461,23.111536026000977,3.395750045776367,FFHQ
003230,2.7832748889923096,2.5568642616271973,-0.2264106273651123,FFHQ
003230,2.7832748889923096,3.185342788696289,0.4020678997039795,FFHQ
003230,2.7832748889923096,2.2690861225128174,-0.5141887664794922,FFHQ
003230,2.7832748889923096,2.0644145011901855,-0.718860387802124,FFHQ
003230,2.7832748889923096,2.1180591583251953,-0.6652157306671143,FFHQ
040869,24.488393783569336,26.118976593017578,1.6305828094482422,FFHQ
040869,24.488393783569336,26.19196128845215,1.7035675048828125,FFHQ
040869,24.488393783569336,26.395097732543945,1.9067039489746094,FFHQ
040869,24.488393783569336,21.21541976928711,-3.2729740142822266,FFHQ
040869,24.488393783569336,25.934167861938477,1.4457740783691406,FFHQ
068857,23.78893280029297,9.843450546264648,-13.94548225402832,FFHQ
068857,23.78893280029297,16.497844696044922,-7.291088104248047,FFHQ
068857,23.78893280029297,10.285598754882812,-13.503334045410156,FFHQ
068857,23.78893280029297,10.740581512451172,-13.048351287841797,FFHQ
068857,23.78893280029297,15.203191757202148,-8.58574104309082,FFHQ
001192,49.87391662597656,52.88331604003906,3.0093994140625,FFHQ
001192,49.87391662597656,55.15864181518555,5.284725189208984,FFHQ
001192,49.87391662597656,37.47261047363281,-12.40130615234375,FFHQ
001192,49.87391662597656,34.96296310424805,-14.910953521728516,FFHQ
001192,49.87391662597656,49.55712890625,-0.3167877197265625,FFHQ
022276,17.69075584411621,15.834686279296875,-1.856069564819336,FFHQ
022276,17.69075584411621,14.961029052734375,-2.729726791381836,FFHQ
022276,17.69075584411621,13.995256423950195,-3.6954994201660156,FFHQ
022276,17.69075584411621,13.802539825439453,-3.888216018676758,FFHQ
022276,17.69075584411621,13.359933853149414,-4.330821990966797,FFHQ
013767,15.851570129394531,25.013193130493164,9.161623001098633,FFHQ
013767,15.851570129394531,25.17830467224121,9.32673454284668,FFHQ
013767,15.851570129394531,24.34588623046875,8.494316101074219,FFHQ
013767,15.851570129394531,21.782318115234375,5.930747985839844,FFHQ
013767,15.851570129394531,25.37793731689453,9.5263671875,FFHQ
063527,20.45966339111328,25.0124568939209,4.552793502807617,FFHQ
063527,20.45966339111328,22.38497543334961,1.9253120422363281,FFHQ
063527,20.45966339111328,25.426284790039062,4.966621398925781,FFHQ
063527,20.45966339111328,25.162269592285156,4.702606201171875,FFHQ
063527,20.45966339111328,26.951984405517578,6.492321014404297,FFHQ
024731,39.17802810668945,31.217153549194336,-7.960874557495117,FFHQ
024731,39.17802810668945,22.77520179748535,-16.4028263092041,FFHQ
024731,39.17802810668945,21.35125732421875,-17.826770782470703,FFHQ
024731,39.17802810668945,22.903667449951172,-16.27436065673828,FFHQ
024731,39.17802810668945,24.821382522583008,-14.356645584106445,FFHQ
025591,36.932594299316406,38.91255187988281,1.9799575805664062,FFHQ
025591,36.932594299316406,30.85881233215332,-6.073781967163086,FFHQ
025591,36.932594299316406,30.716833114624023,-6.215761184692383,FFHQ
025591,36.932594299316406,27.71373748779297,-9.218856811523438,FFHQ
025591,36.932594299316406,31.21584129333496,-5.716753005981445,FFHQ
038257,15.499937057495117,29.895584106445312,14.395647048950195,FFHQ
038257,15.499937057495117,26.306739807128906,10.806802749633789,FFHQ
038257,15.499937057495117,29.535823822021484,14.035886764526367,FFHQ
038257,15.499937057495117,27.087995529174805,11.588058471679688,FFHQ
038257,15.499937057495117,23.242271423339844,7.742334365844727,FFHQ
059972,7.790182113647461,21.41714859008789,13.62696647644043,FFHQ
059972,7.790182113647461,10.641469955444336,2.851287841796875,FFHQ
059972,7.790182113647461,7.4783711433410645,-0.3118109703063965,FFHQ
059972,7.790182113647461,16.8603572845459,9.070175170898438,FFHQ
059972,7.790182113647461,9.40725326538086,1.6170711517333984,FFHQ
060929,15.600751876831055,23.972976684570312,8.372224807739258,FFHQ
060929,15.600751876831055,19.932697296142578,4.331945419311523,FFHQ
060929,15.600751876831055,20.797454833984375,5.19670295715332,FFHQ
060929,15.600751876831055,14.420839309692383,-1.1799125671386719,FFHQ
060929,15.600751876831055,33.3469123840332,17.74616050720215,FFHQ
005499,1.4171760082244873,3.3436660766601562,1.926490068435669,FFHQ
005499,1.4171760082244873,2.8500754833221436,1.4328994750976562,FFHQ
005499,1.4171760082244873,2.558420181274414,1.1412441730499268,FFHQ
005499,1.4171760082244873,3.131103992462158,1.713927984237671,FFHQ
005499,1.4171760082244873,2.3071839809417725,0.8900079727172852,FFHQ
060252,59.731353759765625,46.08496856689453,-13.646385192871094,FFHQ
060252,59.731353759765625,55.728214263916016,-4.003139495849609,FFHQ
060252,59.731353759765625,15.741222381591797,-43.99013137817383,FFHQ
060252,59.731353759765625,20.94804573059082,-38.783308029174805,FFHQ
060252,59.731353759765625,16.331382751464844,-43.39997100830078,FFHQ
008450,14.367908477783203,11.175487518310547,-3.1924209594726562,FFHQ
008450,14.367908477783203,14.475008010864258,0.10709953308105469,FFHQ
008450,14.367908477783203,11.846719741821289,-2.521188735961914,FFHQ
008450,14.367908477783203,16.007080078125,1.6391716003417969,FFHQ
008450,14.367908477783203,16.062963485717773,1.6950550079345703,FFHQ
027236,28.24936294555664,23.463285446166992,-4.786077499389648,FFHQ
027236,28.24936294555664,25.342506408691406,-2.9068565368652344,FFHQ
027236,28.24936294555664,25.46685791015625,-2.7825050354003906,FFHQ
027236,28.24936294555664,21.139659881591797,-7.109703063964844,FFHQ
027236,28.24936294555664,17.830768585205078,-10.418594360351562,FFHQ
058755,66.67540740966797,55.142120361328125,-11.533287048339844,FFHQ
058755,66.67540740966797,53.846099853515625,-12.829307556152344,FFHQ
058755,66.67540740966797,50.590614318847656,-16.084793090820312,FFHQ
058755,66.67540740966797,58.15777587890625,-8.517631530761719,FFHQ
058755,66.67540740966797,50.24091339111328,-16.434494018554688,FFHQ
016295,43.99063491821289,15.718692779541016,-28.271942138671875,FFHQ
016295,43.99063491821289,21.527759552001953,-22.462875366210938,FFHQ
016295,43.99063491821289,15.25724983215332,-28.73338508605957,FFHQ
016295,43.99063491821289,39.457481384277344,-4.533153533935547,FFHQ
016295,43.99063491821289,39.265716552734375,-4.724918365478516,FFHQ
059652,39.28080749511719,37.892887115478516,-1.3879203796386719,FFHQ
059652,39.28080749511719,28.54482078552246,-10.735986709594727,FFHQ
059652,39.28080749511719,44.06292724609375,4.7821197509765625,FFHQ
059652,39.28080749511719,15.799823760986328,-23.48098373413086,FFHQ
059652,39.28080749511719,40.34341812133789,1.0626106262207031,FFHQ
032536,48.760353088378906,29.848281860351562,-18.912071228027344,FFHQ
032536,48.760353088378906,17.27536392211914,-31.484989166259766,FFHQ
032536,48.760353088378906,30.80579376220703,-17.954559326171875,FFHQ
032536,48.760353088378906,14.586587905883789,-34.17376518249512,FFHQ
032536,48.760353088378906,15.907329559326172,-32.853023529052734,FFHQ
051162,58.823577880859375,32.4360466003418,-26.387531280517578,FFHQ
051162,58.823577880859375,28.45488739013672,-30.368690490722656,FFHQ
051162,58.823577880859375,24.293930053710938,-34.52964782714844,FFHQ
051162,58.823577880859375,42.47770309448242,-16.345874786376953,FFHQ
051162,58.823577880859375,43.86453628540039,-14.959041595458984,FFHQ
022162,1.420556902885437,2.965747117996216,1.5451902151107788,FFHQ
022162,1.420556902885437,2.650196075439453,1.2296391725540161,FFHQ
022162,1.420556902885437,4.428012847900391,3.0074559450149536,FFHQ
022162,1.420556902885437,3.0647776126861572,1.6442207098007202,FFHQ
022162,1.420556902885437,1.9163135290145874,0.4957566261291504,FFHQ
013336,3.2718818187713623,4.157168388366699,0.8852865695953369,FFHQ
013336,3.2718818187713623,6.004438400268555,2.7325565814971924,FFHQ
013336,3.2718818187713623,9.522747039794922,6.25086522102356,FFHQ
013336,3.2718818187713623,10.698314666748047,7.426432847976685,FFHQ
013336,3.2718818187713623,4.276854038238525,1.004972219467163,FFHQ
001460,7.806760311126709,13.442096710205078,5.635336399078369,FFHQ
001460,7.806760311126709,25.62489891052246,17.818138599395752,FFHQ
001460,7.806760311126709,11.030996322631836,3.224236011505127,FFHQ
001460,7.806760311126709,18.486539840698242,10.679779529571533,FFHQ
001460,7.806760311126709,11.396842956542969,3.5900826454162598,FFHQ
007339,15.84268569946289,19.23331069946289,3.390625,FFHQ
007339,15.84268569946289,20.22332000732422,4.380634307861328,FFHQ
007339,15.84268569946289,24.347232818603516,8.504547119140625,FFHQ
007339,15.84268569946289,17.641433715820312,1.7987480163574219,FFHQ
007339,15.84268569946289,19.947296142578125,4.104610443115234,FFHQ
005080,16.323503494262695,20.12874984741211,3.805246353149414,FFHQ
005080,16.323503494262695,17.562829971313477,1.2393264770507812,FFHQ
005080,16.323503494262695,19.98916244506836,3.665658950805664,FFHQ
005080,16.323503494262695,19.734325408935547,3.4108219146728516,FFHQ
005080,16.323503494262695,18.99428939819336,2.670785903930664,FFHQ
064870,17.137964248657227,16.18224334716797,-0.9557209014892578,FFHQ
064870,17.137964248657227,13.154855728149414,-3.9831085205078125,FFHQ
064870,17.137964248657227,13.157976150512695,-3.9799880981445312,FFHQ
064870,17.137964248657227,14.57125473022461,-2.566709518432617,FFHQ
064870,17.137964248657227,15.425861358642578,-1.7121028900146484,FFHQ
004484,38.29686737060547,14.148496627807617,-24.14837074279785,FFHQ
004484,38.29686737060547,18.70439910888672,-19.59246826171875,FFHQ
004484,38.29686737060547,15.881124496459961,-22.415742874145508,FFHQ
004484,38.29686737060547,15.117757797241211,-23.179109573364258,FFHQ
004484,38.29686737060547,30.937702178955078,-7.359165191650391,FFHQ
053877,61.92866134643555,31.619300842285156,-30.30936050415039,FFHQ
053877,61.92866134643555,52.09648513793945,-9.832176208496094,FFHQ
053877,61.92866134643555,42.66090393066406,-19.267757415771484,FFHQ
053877,61.92866134643555,36.11537170410156,-25.813289642333984,FFHQ
053877,61.92866134643555,48.04527282714844,-13.88338851928711,FFHQ
020442,31.47088050842285,21.410614013671875,-10.060266494750977,FFHQ
020442,31.47088050842285,20.979633331298828,-10.491247177124023,FFHQ
020442,31.47088050842285,20.418222427368164,-11.052658081054688,FFHQ
020442,31.47088050842285,14.967012405395508,-16.503868103027344,FFHQ
020442,31.47088050842285,18.417686462402344,-13.053194046020508,FFHQ
065985,14.27298355102539,17.692838668823242,3.4198551177978516,FFHQ
065985,14.27298355102539,15.25413703918457,0.9811534881591797,FFHQ
065985,14.27298355102539,12.84158706665039,-1.431396484375,FFHQ
065985,14.27298355102539,17.4677734375,3.1947898864746094,FFHQ
065985,14.27298355102539,15.557479858398438,1.2844963073730469,FFHQ
065223,82.36954498291016,49.48774719238281,-32.881797790527344,FFHQ
065223,82.36954498291016,55.427940368652344,-26.941604614257812,FFHQ
065223,82.36954498291016,40.470237731933594,-41.89930725097656,FFHQ
065223,82.36954498291016,37.53467559814453,-44.834869384765625,FFHQ
065223,82.36954498291016,50.48627471923828,-31.883270263671875,FFHQ
013115,42.327457427978516,32.88184356689453,-9.445613861083984,FFHQ
013115,42.327457427978516,36.95296096801758,-5.3744964599609375,FFHQ
013115,42.327457427978516,33.341575622558594,-8.985881805419922,FFHQ
013115,42.327457427978516,37.2603759765625,-5.067081451416016,FFHQ
013115,42.327457427978516,31.563358306884766,-10.76409912109375,FFHQ
065490,59.468544006347656,52.454898834228516,-7.013645172119141,FFHQ
065490,59.468544006347656,46.26081848144531,-13.207725524902344,FFHQ
065490,59.468544006347656,49.029579162597656,-10.43896484375,FFHQ
065490,59.468544006347656,45.15065002441406,-14.317893981933594,FFHQ
065490,59.468544006347656,54.66087341308594,-4.807670593261719,FFHQ
016065,50.56836700439453,44.30560302734375,-6.262763977050781,FFHQ
016065,50.56836700439453,13.280019760131836,-37.288347244262695,FFHQ
016065,50.56836700439453,13.594669342041016,-36.973697662353516,FFHQ
016065,50.56836700439453,18.059722900390625,-32.508644104003906,FFHQ
016065,50.56836700439453,33.21601104736328,-17.35235595703125,FFHQ
032038,57.64542007446289,37.799415588378906,-19.846004486083984,FFHQ
032038,57.64542007446289,28.867319107055664,-28.778100967407227,FFHQ
032038,57.64542007446289,32.17610168457031,-25.469318389892578,FFHQ
032038,57.64542007446289,32.01356887817383,-25.631851196289062,FFHQ
032038,57.64542007446289,34.41957092285156,-23.225849151611328,FFHQ
050366,28.62796401977539,19.489309310913086,-9.138654708862305,FFHQ
050366,28.62796401977539,18.502296447753906,-10.125667572021484,FFHQ
050366,28.62796401977539,46.88976287841797,18.261798858642578,FFHQ
050366,28.62796401977539,45.256317138671875,16.628353118896484,FFHQ
050366,28.62796401977539,20.927967071533203,-7.6999969482421875,FFHQ
067141,5.911802768707275,29.143117904663086,23.23131513595581,FFHQ
067141,5.911802768707275,29.048851013183594,23.13704824447632,FFHQ
067141,5.911802768707275,24.93423080444336,19.022428035736084,FFHQ
067141,5.911802768707275,24.076396942138672,18.164594173431396,FFHQ
067141,5.911802768707275,26.29827880859375,20.386476039886475,FFHQ
048971,35.00221252441406,6.347813129425049,-28.654399394989014,FFHQ
048971,35.00221252441406,7.539600372314453,-27.46261215209961,FFHQ
048971,35.00221252441406,8.66944408416748,-26.332768440246582,FFHQ
048971,35.00221252441406,9.494909286499023,-25.50730323791504,FFHQ
048971,35.00221252441406,25.24372100830078,-9.758491516113281,FFHQ
029467,52.90685272216797,35.72319030761719,-17.18366241455078,FFHQ
029467,52.90685272216797,46.59820556640625,-6.308647155761719,FFHQ
029467,52.90685272216797,35.22356414794922,-17.68328857421875,FFHQ
029467,52.90685272216797,46.587467193603516,-6.319385528564453,FFHQ
029467,52.90685272216797,40.119327545166016,-12.787525177001953,FFHQ
018719,30.171634674072266,17.77297592163086,-12.398658752441406,FFHQ
018719,30.171634674072266,15.56890869140625,-14.602725982666016,FFHQ
018719,30.171634674072266,15.260980606079102,-14.910654067993164,FFHQ
018719,30.171634674072266,19.26184844970703,-10.909786224365234,FFHQ
018719,30.171634674072266,15.909931182861328,-14.261703491210938,FFHQ
021265,34.63896560668945,23.93524169921875,-10.703723907470703,FFHQ
021265,34.63896560668945,23.465375900268555,-11.173589706420898,FFHQ
021265,34.63896560668945,18.381380081176758,-16.257585525512695,FFHQ
021265,34.63896560668945,18.327468872070312,-16.31149673461914,FFHQ
021265,34.63896560668945,14.770845413208008,-19.868120193481445,FFHQ
041696,20.580110549926758,27.68508529663086,7.104974746704102,FFHQ
041696,20.580110549926758,22.675025939941406,2.0949153900146484,FFHQ
041696,20.580110549926758,23.801456451416016,3.221345901489258,FFHQ
041696,20.580110549926758,27.960582733154297,7.380472183227539,FFHQ
041696,20.580110549926758,25.831501007080078,5.25139045715332,FFHQ
067381,48.205142974853516,31.51272964477539,-16.692413330078125,FFHQ
067381,48.205142974853516,17.97635841369629,-30.228784561157227,FFHQ
067381,48.205142974853516,18.425947189331055,-29.77919578552246,FFHQ
067381,48.205142974853516,17.543121337890625,-30.66202163696289,FFHQ
067381,48.205142974853516,17.296783447265625,-30.90835952758789,FFHQ
056826,17.5505428314209,14.590423583984375,-2.9601192474365234,FFHQ
056826,17.5505428314209,11.108762741088867,-6.441780090332031,FFHQ
056826,17.5505428314209,15.179464340209961,-2.3710784912109375,FFHQ
056826,17.5505428314209,21.330322265625,3.7797794342041016,FFHQ
056826,17.5505428314209,24.40205192565918,6.851509094238281,FFHQ
058405,19.96518325805664,39.61112976074219,19.645946502685547,FFHQ
058405,19.96518325805664,51.42511749267578,31.45993423461914,FFHQ
058405,19.96518325805664,18.119834899902344,-1.8453483581542969,FFHQ
058405,19.96518325805664,26.37305450439453,6.407871246337891,FFHQ
058405,19.96518325805664,20.044979095458984,0.07979583740234375,FFHQ
022472,16.053125381469727,16.005516052246094,-0.04760932922363281,FFHQ
022472,16.053125381469727,14.004892349243164,-2.0482330322265625,FFHQ
022472,16.053125381469727,14.368852615356445,-1.6842727661132812,FFHQ
022472,16.053125381469727,13.688474655151367,-2.3646507263183594,FFHQ
022472,16.053125381469727,15.337554931640625,-0.7155704498291016,FFHQ
058053,3.0555453300476074,2.3573708534240723,-0.6981744766235352,FFHQ
058053,3.0555453300476074,4.956988334655762,1.9014430046081543,FFHQ
058053,3.0555453300476074,4.798586845397949,1.7430415153503418,FFHQ
058053,3.0555453300476074,4.494734287261963,1.4391889572143555,FFHQ
058053,3.0555453300476074,4.284946918487549,1.2294015884399414,FFHQ
053186,20.620759963989258,26.059337615966797,5.438577651977539,FFHQ
053186,20.620759963989258,22.53279685974121,1.9120368957519531,FFHQ
053186,20.620759963989258,24.15430450439453,3.5335445404052734,FFHQ
053186,20.620759963989258,23.881393432617188,3.2606334686279297,FFHQ
053186,20.620759963989258,20.30004119873047,-0.32071876525878906,FFHQ
060334,39.109458923339844,29.827007293701172,-9.282451629638672,FFHQ
060334,39.109458923339844,26.827552795410156,-12.281906127929688,FFHQ
060334,39.109458923339844,28.302549362182617,-10.806909561157227,FFHQ
060334,39.109458923339844,27.950786590576172,-11.158672332763672,FFHQ
060334,39.109458923339844,23.182470321655273,-15.92698860168457,FFHQ
025886,53.88987731933594,48.13896942138672,-5.750907897949219,FFHQ
025886,53.88987731933594,48.509788513183594,-5.380088806152344,FFHQ
025886,53.88987731933594,45.867034912109375,-8.022842407226562,FFHQ
025886,53.88987731933594,47.05868911743164,-6.831188201904297,FFHQ
025886,53.88987731933594,49.557838439941406,-4.332038879394531,FFHQ
023809,51.940773010253906,26.687515258789062,-25.253257751464844,FFHQ
023809,51.940773010253906,41.669639587402344,-10.271133422851562,FFHQ
023809,51.940773010253906,26.60268783569336,-25.338085174560547,FFHQ
023809,51.940773010253906,42.86759948730469,-9.073173522949219,FFHQ
023809,51.940773010253906,37.95220947265625,-13.988563537597656,FFHQ
012193,26.98383331298828,23.76631736755371,-3.2175159454345703,FFHQ
012193,26.98383331298828,21.298376083374023,-5.685457229614258,FFHQ
012193,26.98383331298828,20.001182556152344,-6.9826507568359375,FFHQ
012193,26.98383331298828,17.141521453857422,-9.84231185913086,FFHQ
012193,26.98383331298828,20.288637161254883,-6.695196151733398,FFHQ
059091,14.920112609863281,14.575994491577148,-0.3441181182861328,FFHQ
059091,14.920112609863281,12.47572135925293,-2.4443912506103516,FFHQ
059091,14.920112609863281,10.30534553527832,-4.614767074584961,FFHQ
059091,14.920112609863281,8.556499481201172,-6.363613128662109,FFHQ
059091,14.920112609863281,10.767694473266602,-4.15241813659668,FFHQ
059996,47.279788970947266,33.65351867675781,-13.626270294189453,FFHQ
059996,47.279788970947266,16.651512145996094,-30.628276824951172,FFHQ
059996,47.279788970947266,20.977306365966797,-26.30248260498047,FFHQ
059996,47.279788970947266,15.286710739135742,-31.993078231811523,FFHQ
059996,47.279788970947266,35.24024200439453,-12.039546966552734,FFHQ
003990,46.49875259399414,29.264381408691406,-17.234371185302734,FFHQ
003990,46.49875259399414,44.79505157470703,-1.7037010192871094,FFHQ
003990,46.49875259399414,37.48615264892578,-9.01259994506836,FFHQ
003990,46.49875259399414,47.05885314941406,0.5601005554199219,FFHQ
003990,46.49875259399414,25.707273483276367,-20.791479110717773,FFHQ
034496,53.7557373046875,22.920740127563477,-30.834997177124023,FFHQ
034496,53.7557373046875,24.73291778564453,-29.02281951904297,FFHQ
034496,53.7557373046875,38.049652099609375,-15.706085205078125,FFHQ
034496,53.7557373046875,3.972588300704956,-49.783149003982544,FFHQ
034496,53.7557373046875,51.314308166503906,-2.4414291381835938,FFHQ
012202,52.26868438720703,47.947364807128906,-4.321319580078125,FFHQ
012202,52.26868438720703,55.88670349121094,3.6180191040039062,FFHQ
012202,52.26868438720703,47.45136260986328,-4.81732177734375,FFHQ
012202,52.26868438720703,38.41720199584961,-13.851482391357422,FFHQ
012202,52.26868438720703,42.903648376464844,-9.365036010742188,FFHQ
031856,62.605796813964844,51.15996551513672,-11.445831298828125,FFHQ
031856,62.605796813964844,59.41986846923828,-3.1859283447265625,FFHQ
031856,62.605796813964844,43.27436447143555,-19.331432342529297,FFHQ
031856,62.605796813964844,47.49256134033203,-15.113235473632812,FFHQ
031856,62.605796813964844,14.638364791870117,-47.96743202209473,FFHQ
034235,38.747100830078125,28.020002365112305,-10.72709846496582,FFHQ
034235,38.747100830078125,26.29703712463379,-12.450063705444336,FFHQ
034235,38.747100830078125,25.439075469970703,-13.308025360107422,FFHQ
034235,38.747100830078125,33.897308349609375,-4.84979248046875,FFHQ
034235,38.747100830078125,37.17076110839844,-1.5763397216796875,FFHQ
042021,71.3119888305664,62.712364196777344,-8.599624633789062,FFHQ
042021,71.3119888305664,50.376502990722656,-20.93548583984375,FFHQ
042021,71.3119888305664,57.31922912597656,-13.992759704589844,FFHQ
042021,71.3119888305664,43.76207733154297,-27.549911499023438,FFHQ
042021,71.3119888305664,59.02173614501953,-12.290252685546875,FFHQ
064660,5.358737945556641,15.315166473388672,9.956428527832031,FFHQ
064660,5.358737945556641,13.025907516479492,7.667169570922852,FFHQ
064660,5.358737945556641,14.54018783569336,9.181449890136719,FFHQ
064660,5.358737945556641,13.235658645629883,7.876920700073242,FFHQ
064660,5.358737945556641,15.603918075561523,10.245180130004883,FFHQ
066537,14.137714385986328,49.173397064208984,35.035682678222656,FFHQ
066537,14.137714385986328,43.94784164428711,29.81012725830078,FFHQ
066537,14.137714385986328,14.312009811401367,0.17429542541503906,FFHQ
066537,14.137714385986328,38.59923553466797,24.46152114868164,FFHQ
066537,14.137714385986328,23.743366241455078,9.60565185546875,FFHQ
049373,51.37875747680664,49.914512634277344,-1.4642448425292969,FFHQ
049373,51.37875747680664,50.27621841430664,-1.1025390625,FFHQ
049373,51.37875747680664,32.48482131958008,-18.893936157226562,FFHQ
049373,51.37875747680664,46.37305450439453,-5.005702972412109,FFHQ
049373,51.37875747680664,19.454641342163086,-31.924116134643555,FFHQ
006566,33.88538360595703,29.370216369628906,-4.515167236328125,FFHQ
006566,33.88538360595703,53.81010437011719,19.924720764160156,FFHQ
006566,33.88538360595703,27.361053466796875,-6.524330139160156,FFHQ
006566,33.88538360595703,29.996261596679688,-3.8891220092773438,FFHQ
006566,33.88538360595703,29.707500457763672,-4.177883148193359,FFHQ
002810,58.42924499511719,47.18259048461914,-11.246654510498047,FFHQ
002810,58.42924499511719,17.026762008666992,-41.402482986450195,FFHQ
002810,58.42924499511719,26.94524383544922,-31.48400115966797,FFHQ
002810,58.42924499511719,32.187740325927734,-26.241504669189453,FFHQ
002810,58.42924499511719,21.08731460571289,-37.3419303894043,FFHQ
029508,10.327407836914062,10.451593399047852,0.12418556213378906,FFHQ
029508,10.327407836914062,10.607446670532227,0.28003883361816406,FFHQ
029508,10.327407836914062,19.53582000732422,9.208412170410156,FFHQ
029508,10.327407836914062,17.098899841308594,6.771492004394531,FFHQ
029508,10.327407836914062,24.089916229248047,13.762508392333984,FFHQ
006845,48.97175598144531,53.60188293457031,4.630126953125,FFHQ
006845,48.97175598144531,57.84761047363281,8.8758544921875,FFHQ
006845,48.97175598144531,52.48041534423828,3.5086593627929688,FFHQ
006845,48.97175598144531,52.452857971191406,3.4811019897460938,FFHQ
006845,48.97175598144531,53.56777572631836,4.596019744873047,FFHQ
001470,27.467668533325195,19.280391693115234,-8.187276840209961,FFHQ
001470,27.467668533325195,17.30827522277832,-10.159393310546875,FFHQ
001470,27.467668533325195,19.75489044189453,-7.712778091430664,FFHQ
001470,27.467668533325195,18.521793365478516,-8.94587516784668,FFHQ
001470,27.467668533325195,18.991920471191406,-8.475748062133789,FFHQ
007907,11.129739761352539,21.641708374023438,10.511968612670898,FFHQ
007907,11.129739761352539,25.419998168945312,14.290258407592773,FFHQ
007907,11.129739761352539,22.65425682067871,11.524517059326172,FFHQ
007907,11.129739761352539,26.42139434814453,15.291654586791992,FFHQ
007907,11.129739761352539,26.9676456451416,15.837905883789062,FFHQ
032957,13.25196647644043,21.897918701171875,8.645952224731445,FFHQ
032957,13.25196647644043,20.211336135864258,6.959369659423828,FFHQ
032957,13.25196647644043,12.777475357055664,-0.4744911193847656,FFHQ
032957,13.25196647644043,25.98749351501465,12.735527038574219,FFHQ
032957,13.25196647644043,14.623458862304688,1.3714923858642578,FFHQ
047274,22.205400466918945,23.654170989990234,1.448770523071289,FFHQ
047274,22.205400466918945,24.141101837158203,1.9357013702392578,FFHQ
047274,22.205400466918945,35.303890228271484,13.098489761352539,FFHQ
047274,22.205400466918945,29.680419921875,7.475019454956055,FFHQ
047274,22.205400466918945,28.557079315185547,6.351678848266602,FFHQ
060333,26.65685272216797,12.02806282043457,-14.628789901733398,FFHQ
060333,26.65685272216797,11.764425277709961,-14.892427444458008,FFHQ
060333,26.65685272216797,13.33823013305664,-13.318622589111328,FFHQ
060333,26.65685272216797,18.568191528320312,-8.088661193847656,FFHQ
060333,26.65685272216797,12.23434829711914,-14.422504425048828,FFHQ
030104,13.203912734985352,23.25466537475586,10.050752639770508,FFHQ
030104,13.203912734985352,31.616138458251953,18.4122257232666,FFHQ
030104,13.203912734985352,29.46308135986328,16.25916862487793,FFHQ
030104,13.203912734985352,28.97719955444336,15.773286819458008,FFHQ
030104,13.203912734985352,18.370519638061523,5.166606903076172,FFHQ
035794,51.165374755859375,47.10518264770508,-4.060192108154297,FFHQ
035794,51.165374755859375,47.12818908691406,-4.0371856689453125,FFHQ
035794,51.165374755859375,36.936302185058594,-14.229072570800781,FFHQ
035794,51.165374755859375,54.189762115478516,3.0243873596191406,FFHQ
035794,51.165374755859375,52.58063507080078,1.4152603149414062,FFHQ
037251,59.04521942138672,41.27330780029297,-17.77191162109375,FFHQ
037251,59.04521942138672,38.801177978515625,-20.244041442871094,FFHQ
037251,59.04521942138672,41.35649108886719,-17.68872833251953,FFHQ
037251,59.04521942138672,31.890579223632812,-27.154640197753906,FFHQ
037251,59.04521942138672,37.365535736083984,-21.679683685302734,FFHQ
004249,21.95366668701172,22.394092559814453,0.4404258728027344,FFHQ
004249,21.95366668701172,24.333770751953125,2.3801040649414062,FFHQ
004249,21.95366668701172,24.82587432861328,2.8722076416015625,FFHQ
004249,21.95366668701172,24.007938385009766,2.054271697998047,FFHQ
004249,21.95366668701172,23.6707820892334,1.7171154022216797,FFHQ
031195,16.33210563659668,19.459217071533203,3.1271114349365234,FFHQ
031195,16.33210563659668,26.823163986206055,10.491058349609375,FFHQ
031195,16.33210563659668,14.23682975769043,-2.09527587890625,FFHQ
031195,16.33210563659668,30.305171966552734,13.973066329956055,FFHQ
031195,16.33210563659668,24.403400421142578,8.071294784545898,FFHQ
038110,24.381240844726562,26.21648406982422,1.8352432250976562,FFHQ
038110,24.381240844726562,31.726896286010742,7.34565544128418,FFHQ
038110,24.381240844726562,32.08791732788086,7.706676483154297,FFHQ
038110,24.381240844726562,24.79507827758789,0.4138374328613281,FFHQ
038110,24.381240844726562,27.402212142944336,3.0209712982177734,FFHQ
063718,54.84033966064453,39.098026275634766,-15.742313385009766,FFHQ
063718,54.84033966064453,46.643123626708984,-8.197216033935547,FFHQ
063718,54.84033966064453,48.637481689453125,-6.202857971191406,FFHQ
063718,54.84033966064453,49.899051666259766,-4.941287994384766,FFHQ
063718,54.84033966064453,22.710914611816406,-32.129425048828125,FFHQ
061912,23.428924560546875,25.838027954101562,2.4091033935546875,FFHQ
061912,23.428924560546875,30.415996551513672,6.987071990966797,FFHQ
061912,23.428924560546875,24.861568450927734,1.4326438903808594,FFHQ
061912,23.428924560546875,27.971057891845703,4.542133331298828,FFHQ
061912,23.428924560546875,26.739059448242188,3.3101348876953125,FFHQ
011970,16.127973556518555,8.255401611328125,-7.87257194519043,FFHQ
011970,16.127973556518555,16.48472785949707,0.3567543029785156,FFHQ
011970,16.127973556518555,11.587459564208984,-4.54051399230957,FFHQ
011970,16.127973556518555,15.581985473632812,-0.5459880828857422,FFHQ
011970,16.127973556518555,15.508543014526367,-0.6194305419921875,FFHQ
025174,7.953258514404297,17.638671875,9.685413360595703,FFHQ
025174,7.953258514404297,12.732677459716797,4.7794189453125,FFHQ
025174,7.953258514404297,8.783279418945312,0.8300209045410156,FFHQ
025174,7.953258514404297,12.248876571655273,4.295618057250977,FFHQ
025174,7.953258514404297,12.480037689208984,4.5267791748046875,FFHQ
005689,13.836029052734375,11.559720993041992,-2.276308059692383,FFHQ
005689,13.836029052734375,10.88662338256836,-2.9494056701660156,FFHQ
005689,13.836029052734375,10.014368057250977,-3.8216609954833984,FFHQ
005689,13.836029052734375,13.92265510559082,0.08662605285644531,FFHQ
005689,13.836029052734375,13.490449905395508,-0.3455791473388672,FFHQ
015603,19.39897346496582,21.080387115478516,1.6814136505126953,FFHQ
015603,19.39897346496582,23.243797302246094,3.8448238372802734,FFHQ
015603,19.39897346496582,23.456113815307617,4.057140350341797,FFHQ
015603,19.39897346496582,23.627578735351562,4.228605270385742,FFHQ
015603,19.39897346496582,15.536066055297852,-3.8629074096679688,FFHQ
059566,62.199867248535156,48.138427734375,-14.061439514160156,FFHQ
059566,62.199867248535156,25.2926025390625,-36.907264709472656,FFHQ
059566,62.199867248535156,19.817977905273438,-42.38188934326172,FFHQ
059566,62.199867248535156,28.70317840576172,-33.49668884277344,FFHQ
059566,62.199867248535156,28.262073516845703,-33.93779373168945,FFHQ
026394,31.853107452392578,17.073104858398438,-14.78000259399414,FFHQ
026394,31.853107452392578,19.593441009521484,-12.259666442871094,FFHQ
026394,31.853107452392578,25.472949981689453,-6.380157470703125,FFHQ
026394,31.853107452392578,30.088939666748047,-1.7641677856445312,FFHQ
026394,31.853107452392578,19.970550537109375,-11.882556915283203,FFHQ
058607,18.485992431640625,18.851810455322266,0.3658180236816406,FFHQ
058607,18.485992431640625,16.662521362304688,-1.8234710693359375,FFHQ
058607,18.485992431640625,17.724313735961914,-0.7616786956787109,FFHQ
058607,18.485992431640625,16.813884735107422,-1.6721076965332031,FFHQ
058607,18.485992431640625,15.189298629760742,-3.296693801879883,FFHQ
014511,34.90540313720703,32.793697357177734,-2.111705780029297,FFHQ
014511,34.90540313720703,28.610061645507812,-6.295341491699219,FFHQ
014511,34.90540313720703,11.887746810913086,-23.017656326293945,FFHQ
014511,34.90540313720703,19.771207809448242,-15.134195327758789,FFHQ
014511,34.90540313720703,11.279367446899414,-23.626035690307617,FFHQ
059722,32.0186767578125,20.648239135742188,-11.370437622070312,FFHQ
059722,32.0186767578125,18.07653045654297,-13.942146301269531,FFHQ
059722,32.0186767578125,19.659271240234375,-12.359405517578125,FFHQ
059722,32.0186767578125,19.572660446166992,-12.446016311645508,FFHQ
059722,32.0186767578125,19.6822509765625,-12.33642578125,FFHQ
055069,20.493770599365234,27.592416763305664,7.09864616394043,FFHQ
055069,20.493770599365234,22.277549743652344,1.7837791442871094,FFHQ
055069,20.493770599365234,22.84671401977539,2.3529434204101562,FFHQ
055069,20.493770599365234,21.596298217773438,1.1025276184082031,FFHQ
055069,20.493770599365234,15.38311767578125,-5.110652923583984,FFHQ
055992,6.670918941497803,8.852540969848633,2.18162202835083,FFHQ
055992,6.670918941497803,11.737071990966797,5.066153049468994,FFHQ
055992,6.670918941497803,14.239980697631836,7.569061756134033,FFHQ
055992,6.670918941497803,12.92794418334961,6.257025241851807,FFHQ
055992,6.670918941497803,9.641742706298828,2.9708237648010254,FFHQ
030858,17.719966888427734,21.869274139404297,4.1493072509765625,FFHQ
030858,17.719966888427734,18.795867919921875,1.0759010314941406,FFHQ
030858,17.719966888427734,17.152912139892578,-0.5670547485351562,FFHQ
030858,17.719966888427734,17.392425537109375,-0.3275413513183594,FFHQ
030858,17.719966888427734,18.09642791748047,0.3764610290527344,FFHQ
069385,23.759302139282227,23.771690368652344,0.012388229370117188,FFHQ
069385,23.759302139282227,22.60149383544922,-1.1578083038330078,FFHQ
069385,23.759302139282227,17.52752685546875,-6.231775283813477,FFHQ
069385,23.759302139282227,22.085494995117188,-1.673807144165039,FFHQ
069385,23.759302139282227,18.24488639831543,-5.514415740966797,FFHQ
069611,18.35051727294922,17.084421157836914,-1.2660961151123047,FFHQ
069611,18.35051727294922,19.29817771911621,0.9476604461669922,FFHQ
069611,18.35051727294922,20.37942886352539,2.028911590576172,FFHQ
069611,18.35051727294922,16.723241806030273,-1.6272754669189453,FFHQ
069611,18.35051727294922,19.249732971191406,0.8992156982421875,FFHQ
005509,38.54833221435547,24.318702697753906,-14.229629516601562,FFHQ
005509,38.54833221435547,17.049541473388672,-21.498790740966797,FFHQ
005509,38.54833221435547,18.21361541748047,-20.334716796875,FFHQ
005509,38.54833221435547,19.419898986816406,-19.128433227539062,FFHQ
005509,38.54833221435547,23.869834899902344,-14.678497314453125,FFHQ
005287,45.302452087402344,11.749696731567383,-33.55275535583496,FFHQ
005287,45.302452087402344,13.490386962890625,-31.81206512451172,FFHQ
005287,45.302452087402344,11.396430969238281,-33.90602111816406,FFHQ
005287,45.302452087402344,11.639734268188477,-33.66271781921387,FFHQ
005287,45.302452087402344,12.916315078735352,-32.38613700866699,FFHQ
002671,44.813629150390625,50.030120849609375,5.21649169921875,FFHQ
002671,44.813629150390625,62.159645080566406,17.34601593017578,FFHQ
002671,44.813629150390625,53.35314178466797,8.539512634277344,FFHQ
002671,44.813629150390625,54.70150375366211,9.887874603271484,FFHQ
002671,44.813629150390625,51.221282958984375,6.40765380859375,FFHQ
047761,31.90093994140625,23.29806137084961,-8.60287857055664,FFHQ
047761,31.90093994140625,15.572784423828125,-16.328155517578125,FFHQ
047761,31.90093994140625,22.202510833740234,-9.698429107666016,FFHQ
047761,31.90093994140625,8.407821655273438,-23.493118286132812,FFHQ
047761,31.90093994140625,7.796316146850586,-24.104623794555664,FFHQ
013724,45.78533935546875,24.06987762451172,-21.71546173095703,FFHQ
013724,45.78533935546875,35.42340087890625,-10.3619384765625,FFHQ
013724,45.78533935546875,44.71910858154297,-1.0662307739257812,FFHQ
013724,45.78533935546875,21.838794708251953,-23.946544647216797,FFHQ
013724,45.78533935546875,21.258445739746094,-24.526893615722656,FFHQ
005317,77.66393280029297,50.92359161376953,-26.740341186523438,FFHQ
005317,77.66393280029297,57.53484344482422,-20.12908935546875,FFHQ
005317,77.66393280029297,58.48748779296875,-19.17644500732422,FFHQ
005317,77.66393280029297,51.39227294921875,-26.27165985107422,FFHQ
005317,77.66393280029297,46.50037384033203,-31.163558959960938,FFHQ
032490,50.756858825683594,42.56371307373047,-8.193145751953125,FFHQ
032490,50.756858825683594,24.076290130615234,-26.68056869506836,FFHQ
032490,50.756858825683594,37.17306900024414,-13.583789825439453,FFHQ
032490,50.756858825683594,42.08727264404297,-8.669586181640625,FFHQ
032490,50.756858825683594,38.818077087402344,-11.93878173828125,FFHQ
045945,30.36606788635254,21.078760147094727,-9.287307739257812,FFHQ
045945,30.36606788635254,18.141868591308594,-12.224199295043945,FFHQ
045945,30.36606788635254,21.6370849609375,-8.728982925415039,FFHQ
045945,30.36606788635254,22.304622650146484,-8.061445236206055,FFHQ
045945,30.36606788635254,18.401790618896484,-11.964277267456055,FFHQ
007426,20.48145294189453,44.359134674072266,23.877681732177734,FFHQ
007426,20.48145294189453,47.82926940917969,27.347816467285156,FFHQ
007426,20.48145294189453,41.44324493408203,20.9617919921875,FFHQ
007426,20.48145294189453,35.392311096191406,14.910858154296875,FFHQ
007426,20.48145294189453,41.6132698059082,21.131816864013672,FFHQ
062570,8.340932846069336,8.027318954467773,-0.3136138916015625,FFHQ
062570,8.340932846069336,7.094527721405029,-1.2464051246643066,FFHQ
062570,8.340932846069336,6.220210552215576,-2.1207222938537598,FFHQ
062570,8.340932846069336,8.743021011352539,0.4020881652832031,FFHQ
062570,8.340932846069336,8.71733283996582,0.3763999938964844,FFHQ
025269,18.589445114135742,29.657630920410156,11.068185806274414,FFHQ
025269,18.589445114135742,30.794836044311523,12.205390930175781,FFHQ
025269,18.589445114135742,26.06924819946289,7.479803085327148,FFHQ
025269,18.589445114135742,21.566978454589844,2.9775333404541016,FFHQ
025269,18.589445114135742,20.737201690673828,2.147756576538086,FFHQ
038087,18.96318817138672,26.714370727539062,7.751182556152344,FFHQ
038087,18.96318817138672,24.70712661743164,5.743938446044922,FFHQ
038087,18.96318817138672,21.656410217285156,2.6932220458984375,FFHQ
038087,18.96318817138672,20.24443817138672,1.28125,FFHQ
038087,18.96318817138672,20.019817352294922,1.0566291809082031,FFHQ
008599,40.437232971191406,25.041187286376953,-15.396045684814453,FFHQ
008599,40.437232971191406,30.841629028320312,-9.595603942871094,FFHQ
008599,40.437232971191406,24.395565032958984,-16.041667938232422,FFHQ
008599,40.437232971191406,20.496667861938477,-19.94056510925293,FFHQ
008599,40.437232971191406,32.960269927978516,-7.476963043212891,FFHQ
011960,13.12820816040039,16.179889678955078,3.0516815185546875,FFHQ
011960,13.12820816040039,19.776018142700195,6.647809982299805,FFHQ
011960,13.12820816040039,15.175725936889648,2.047517776489258,FFHQ
011960,13.12820816040039,16.30951499938965,3.181306838989258,FFHQ
011960,13.12820816040039,15.664897918701172,2.5366897583007812,FFHQ
047808,8.552858352661133,8.204870223999023,-0.3479881286621094,FFHQ
047808,8.552858352661133,9.61760139465332,1.0647430419921875,FFHQ
047808,8.552858352661133,12.86811637878418,4.315258026123047,FFHQ
047808,8.552858352661133,9.554960250854492,1.0021018981933594,FFHQ
047808,8.552858352661133,6.449408531188965,-2.103449821472168,FFHQ
005075,75.13021087646484,55.13999938964844,-19.990211486816406,FFHQ
005075,75.13021087646484,58.23957061767578,-16.890640258789062,FFHQ
005075,75.13021087646484,57.09088897705078,-18.039321899414062,FFHQ
005075,75.13021087646484,55.404701232910156,-19.725509643554688,FFHQ
005075,75.13021087646484,62.75822830200195,-12.37198257446289,FFHQ
018563,43.41865921020508,28.93036651611328,-14.488292694091797,FFHQ
018563,43.41865921020508,49.32572937011719,5.907070159912109,FFHQ
018563,43.41865921020508,50.78651428222656,7.367855072021484,FFHQ
018563,43.41865921020508,43.3707160949707,-0.047943115234375,FFHQ
018563,43.41865921020508,43.01946258544922,-0.3991966247558594,FFHQ
014764,48.22419738769531,34.18891906738281,-14.0352783203125,FFHQ
014764,48.22419738769531,41.149940490722656,-7.074256896972656,FFHQ
014764,48.22419738769531,37.37657928466797,-10.847618103027344,FFHQ
014764,48.22419738769531,36.16624069213867,-12.05795669555664,FFHQ
014764,48.22419738769531,33.50777053833008,-14.716426849365234,FFHQ
022721,22.954055786132812,26.12211036682129,3.1680545806884766,FFHQ
022721,22.954055786132812,24.501615524291992,1.5475597381591797,FFHQ
022721,22.954055786132812,26.085208892822266,3.131153106689453,FFHQ
022721,22.954055786132812,25.211130142211914,2.2570743560791016,FFHQ
022721,22.954055786132812,27.914342880249023,4.960287094116211,FFHQ
033455,27.225282669067383,23.39896583557129,-3.8263168334960938,FFHQ
033455,27.225282669067383,23.226741790771484,-3.9985408782958984,FFHQ
033455,27.225282669067383,22.41855239868164,-4.806730270385742,FFHQ
033455,27.225282669067383,29.680484771728516,2.455202102661133,FFHQ
033455,27.225282669067383,22.210237503051758,-5.015045166015625,FFHQ
032578,43.53770446777344,21.42400360107422,-22.11370086669922,FFHQ
032578,43.53770446777344,31.073524475097656,-12.464179992675781,FFHQ
032578,43.53770446777344,42.905006408691406,-0.6326980590820312,FFHQ
032578,43.53770446777344,36.6474723815918,-6.890232086181641,FFHQ
032578,43.53770446777344,19.646947860717773,-23.890756607055664,FFHQ
045972,3.4383254051208496,8.071756362915039,4.6334309577941895,FFHQ
045972,3.4383254051208496,6.508901119232178,3.070575714111328,FFHQ
045972,3.4383254051208496,3.676220655441284,0.23789525032043457,FFHQ
045972,3.4383254051208496,7.0533223152160645,3.614996910095215,FFHQ
045972,3.4383254051208496,4.053322792053223,0.614997386932373,FFHQ
006570,2.5262651443481445,6.358046054840088,3.8317809104919434,FFHQ
006570,2.5262651443481445,4.4577250480651855,1.931459903717041,FFHQ
006570,2.5262651443481445,5.52138090133667,2.9951157569885254,FFHQ
006570,2.5262651443481445,5.804990768432617,3.2787256240844727,FFHQ
006570,2.5262651443481445,5.6000542640686035,3.073789119720459,FFHQ
039223,66.61246490478516,49.24650955200195,-17.365955352783203,FFHQ
039223,66.61246490478516,41.404380798339844,-25.208084106445312,FFHQ
039223,66.61246490478516,34.60304260253906,-32.009422302246094,FFHQ
039223,66.61246490478516,49.685150146484375,-16.92731475830078,FFHQ
039223,66.61246490478516,38.58472442626953,-28.027740478515625,FFHQ
042073,66.1276626586914,51.956382751464844,-14.171279907226562,FFHQ
042073,66.1276626586914,52.97486114501953,-13.152801513671875,FFHQ
042073,66.1276626586914,35.96508026123047,-30.162582397460938,FFHQ
042073,66.1276626586914,50.63914489746094,-15.488517761230469,FFHQ
042073,66.1276626586914,35.63707733154297,-30.490585327148438,FFHQ
029171,19.95212745666504,23.15127944946289,3.1991519927978516,FFHQ
029171,19.95212745666504,23.9224853515625,3.970357894897461,FFHQ
029171,19.95212745666504,32.992431640625,13.040304183959961,FFHQ
029171,19.95212745666504,21.60157585144043,1.6494483947753906,FFHQ
029171,19.95212745666504,17.602415084838867,-2.349712371826172,FFHQ
049439,22.987224578857422,22.264577865600586,-0.7226467132568359,FFHQ
049439,22.987224578857422,21.602779388427734,-1.3844451904296875,FFHQ
049439,22.987224578857422,19.753692626953125,-3.233531951904297,FFHQ
049439,22.987224578857422,17.804954528808594,-5.182270050048828,FFHQ
049439,22.987224578857422,17.50914192199707,-5.478082656860352,FFHQ
004496,32.94020080566406,18.173145294189453,-14.76705551147461,FFHQ
004496,32.94020080566406,14.445985794067383,-18.49421501159668,FFHQ
004496,32.94020080566406,32.618587493896484,-0.3216133117675781,FFHQ
004496,32.94020080566406,40.19409942626953,7.253898620605469,FFHQ
004496,32.94020080566406,41.79180145263672,8.851600646972656,FFHQ
014565,1.9078760147094727,19.243362426757812,17.33548641204834,FFHQ
014565,1.9078760147094727,10.446769714355469,8.538893699645996,FFHQ
014565,1.9078760147094727,11.085622787475586,9.177746772766113,FFHQ
014565,1.9078760147094727,11.77536392211914,9.867487907409668,FFHQ
014565,1.9078760147094727,8.243229866027832,6.335353851318359,FFHQ
004001,32.984466552734375,24.05638313293457,-8.928083419799805,FFHQ
004001,32.984466552734375,33.41340255737305,0.4289360046386719,FFHQ
004001,32.984466552734375,28.45667839050293,-4.527788162231445,FFHQ
004001,32.984466552734375,24.98681640625,-7.997650146484375,FFHQ
004001,32.984466552734375,23.179779052734375,-9.8046875,FFHQ
020924,39.584556579589844,27.292518615722656,-12.292037963867188,FFHQ
020924,39.584556579589844,35.064781188964844,-4.519775390625,FFHQ
020924,39.584556579589844,32.066097259521484,-7.518459320068359,FFHQ
020924,39.584556579589844,35.44329071044922,-4.141265869140625,FFHQ
020924,39.584556579589844,30.84481430053711,-8.739742279052734,FFHQ
012501,11.927419662475586,33.0617790222168,21.13435935974121,FFHQ
012501,11.927419662475586,23.9294490814209,12.002029418945312,FFHQ
012501,11.927419662475586,11.381786346435547,-0.5456333160400391,FFHQ
012501,11.927419662475586,9.210426330566406,-2.7169933319091797,FFHQ
012501,11.927419662475586,10.584802627563477,-1.3426170349121094,FFHQ
029747,20.952281951904297,24.536724090576172,3.584442138671875,FFHQ
029747,20.952281951904297,19.482728958129883,-1.469552993774414,FFHQ
029747,20.952281951904297,20.94083595275879,-0.011445999145507812,FFHQ
029747,20.952281951904297,23.735567092895508,2.783285140991211,FFHQ
029747,20.952281951904297,23.416229248046875,2.463947296142578,FFHQ
059250,13.891124725341797,21.04195785522461,7.1508331298828125,FFHQ
059250,13.891124725341797,15.261445999145508,1.370321273803711,FFHQ
059250,13.891124725341797,15.673593521118164,1.7824687957763672,FFHQ
059250,13.891124725341797,12.880535125732422,-1.010589599609375,FFHQ
059250,13.891124725341797,14.324426651000977,0.4333019256591797,FFHQ
019224,35.392372131347656,36.11221694946289,0.7198448181152344,FFHQ
019224,35.392372131347656,48.825111389160156,13.4327392578125,FFHQ
019224,35.392372131347656,43.67211151123047,8.279739379882812,FFHQ
019224,35.392372131347656,32.46532440185547,-2.9270477294921875,FFHQ
019224,35.392372131347656,33.295772552490234,-2.096599578857422,FFHQ
000091,29.50897216796875,32.22322463989258,2.714252471923828,FFHQ
000091,29.50897216796875,49.40238952636719,19.893417358398438,FFHQ
000091,29.50897216796875,26.67408561706543,-2.8348865509033203,FFHQ
000091,29.50897216796875,27.577308654785156,-1.9316635131835938,FFHQ
000091,29.50897216796875,25.401281356811523,-4.107690811157227,FFHQ
005667,31.683021545410156,39.574485778808594,7.8914642333984375,FFHQ
005667,31.683021545410156,32.763851165771484,1.0808296203613281,FFHQ
005667,31.683021545410156,27.588119506835938,-4.094902038574219,FFHQ
005667,31.683021545410156,31.63814926147461,-0.044872283935546875,FFHQ
005667,31.683021545410156,34.909019470214844,3.2259979248046875,FFHQ
002153,14.986804962158203,13.42803955078125,-1.5587654113769531,FFHQ
002153,14.986804962158203,17.307493209838867,2.320688247680664,FFHQ
002153,14.986804962158203,15.247001647949219,0.2601966857910156,FFHQ
002153,14.986804962158203,12.333927154541016,-2.6528778076171875,FFHQ
002153,14.986804962158203,14.386518478393555,-0.6002864837646484,FFHQ
018923,32.889739990234375,36.88737869262695,3.997638702392578,FFHQ
018923,32.889739990234375,18.847225189208984,-14.04251480102539,FFHQ
018923,32.889739990234375,17.831226348876953,-15.058513641357422,FFHQ
018923,32.889739990234375,16.139909744262695,-16.74983024597168,FFHQ
018923,32.889739990234375,19.808189392089844,-13.081550598144531,FFHQ
038461,24.77464485168457,33.83623504638672,9.061590194702148,FFHQ
038461,24.77464485168457,18.29994010925293,-6.474704742431641,FFHQ
038461,24.77464485168457,14.787853240966797,-9.986791610717773,FFHQ
038461,24.77464485168457,18.659984588623047,-6.114660263061523,FFHQ
038461,24.77464485168457,28.03951644897461,3.264871597290039,FFHQ
046783,34.90974426269531,39.79905700683594,4.889312744140625,FFHQ
046783,34.90974426269531,33.02787780761719,-1.881866455078125,FFHQ
046783,34.90974426269531,49.954044342041016,15.044300079345703,FFHQ
046783,34.90974426269531,54.7444953918457,19.83475112915039,FFHQ
046783,34.90974426269531,37.22663879394531,2.31689453125,FFHQ
050669,13.391481399536133,16.464344024658203,3.0728626251220703,FFHQ
050669,13.391481399536133,13.774150848388672,0.38266944885253906,FFHQ
050669,13.391481399536133,23.63693618774414,10.245454788208008,FFHQ
050669,13.391481399536133,11.275108337402344,-2.116373062133789,FFHQ
050669,13.391481399536133,15.203136444091797,1.811655044555664,FFHQ
011582,11.823265075683594,22.07979965209961,10.256534576416016,FFHQ
011582,11.823265075683594,10.865182876586914,-0.9580821990966797,FFHQ
011582,11.823265075683594,10.996999740600586,-0.8262653350830078,FFHQ
011582,11.823265075683594,12.69620132446289,0.8729362487792969,FFHQ
011582,11.823265075683594,8.293157577514648,-3.5301074981689453,FFHQ
005441,17.712005615234375,23.28356170654297,5.571556091308594,FFHQ
005441,17.712005615234375,14.895259857177734,-2.8167457580566406,FFHQ
005441,17.712005615234375,16.03059196472168,-1.6814136505126953,FFHQ
005441,17.712005615234375,16.27400016784668,-1.4380054473876953,FFHQ
005441,17.712005615234375,18.05984115600586,0.3478355407714844,FFHQ
054541,17.333181381225586,24.0353946685791,6.702213287353516,FFHQ
054541,17.333181381225586,20.402706146240234,3.0695247650146484,FFHQ
054541,17.333181381225586,13.844888687133789,-3.488292694091797,FFHQ
054541,17.333181381225586,14.265586853027344,-3.067594528198242,FFHQ
054541,17.333181381225586,18.963695526123047,1.630514144897461,FFHQ
047042,7.476010322570801,13.394319534301758,5.918309211730957,FFHQ
047042,7.476010322570801,13.039230346679688,5.563220024108887,FFHQ
047042,7.476010322570801,42.3924446105957,34.9164342880249,FFHQ
047042,7.476010322570801,7.489136219024658,0.013125896453857422,FFHQ
047042,7.476010322570801,9.51565933227539,2.03964900970459,FFHQ
051762,59.964942932128906,31.169687271118164,-28.795255661010742,FFHQ
051762,59.964942932128906,40.28231430053711,-19.682628631591797,FFHQ
051762,59.964942932128906,26.731922149658203,-33.2330207824707,FFHQ
051762,59.964942932128906,13.657520294189453,-46.30742263793945,FFHQ
051762,59.964942932128906,18.468135833740234,-41.49680709838867,FFHQ
061656,12.356216430664062,25.719497680664062,13.36328125,FFHQ
061656,12.356216430664062,9.918521881103516,-2.437694549560547,FFHQ
061656,12.356216430664062,21.755876541137695,9.399660110473633,FFHQ
061656,12.356216430664062,23.893274307250977,11.537057876586914,FFHQ
061656,12.356216430664062,12.700332641601562,0.3441162109375,FFHQ
006916,51.7635612487793,24.874065399169922,-26.889495849609375,FFHQ
006916,51.7635612487793,22.33445930480957,-29.429101943969727,FFHQ
006916,51.7635612487793,24.042991638183594,-27.720569610595703,FFHQ
006916,51.7635612487793,19.927093505859375,-31.836467742919922,FFHQ
006916,51.7635612487793,14.858308792114258,-36.90525245666504,FFHQ
066748,2.5104355812072754,6.7647480964660645,4.254312515258789,FFHQ
066748,2.5104355812072754,8.831647872924805,6.321212291717529,FFHQ
066748,2.5104355812072754,8.343856811523438,5.833421230316162,FFHQ
066748,2.5104355812072754,7.953087329864502,5.442651748657227,FFHQ
066748,2.5104355812072754,8.335150718688965,5.8247151374816895,FFHQ
037006,31.9562931060791,22.395587921142578,-9.560705184936523,FFHQ
037006,31.9562931060791,13.222772598266602,-18.7335205078125,FFHQ
037006,31.9562931060791,22.545726776123047,-9.410566329956055,FFHQ
037006,31.9562931060791,26.355419158935547,-5.600873947143555,FFHQ
037006,31.9562931060791,13.874013900756836,-18.082279205322266,FFHQ
016149,17.39510726928711,24.19757843017578,6.802471160888672,FFHQ
016149,17.39510726928711,20.210525512695312,2.815418243408203,FFHQ
016149,17.39510726928711,22.613605499267578,5.218498229980469,FFHQ
016149,17.39510726928711,19.916563034057617,2.521455764770508,FFHQ
016149,17.39510726928711,17.38284683227539,-0.01226043701171875,FFHQ
004336,54.67760467529297,26.548086166381836,-28.129518508911133,FFHQ
004336,54.67760467529297,39.09040832519531,-15.587196350097656,FFHQ
004336,54.67760467529297,24.020992279052734,-30.656612396240234,FFHQ
004336,54.67760467529297,33.33007049560547,-21.3475341796875,FFHQ
004336,54.67760467529297,29.688871383666992,-24.988733291625977,FFHQ
033966,4.1901092529296875,12.219930648803711,8.029821395874023,FFHQ
033966,4.1901092529296875,11.692474365234375,7.5023651123046875,FFHQ
033966,4.1901092529296875,16.08660125732422,11.896492004394531,FFHQ
033966,4.1901092529296875,6.374581813812256,2.1844725608825684,FFHQ
033966,4.1901092529296875,14.24722671508789,10.057117462158203,FFHQ
037604,13.371648788452148,23.375856399536133,10.004207611083984,FFHQ
037604,13.371648788452148,17.520723342895508,4.149074554443359,FFHQ
037604,13.371648788452148,15.4822998046875,2.1106510162353516,FFHQ
037604,13.371648788452148,15.113086700439453,1.7414379119873047,FFHQ
037604,13.371648788452148,18.974281311035156,5.602632522583008,FFHQ
060715,22.28350830078125,14.07529067993164,-8.20821762084961,FFHQ
060715,22.28350830078125,23.132976531982422,0.8494682312011719,FFHQ
060715,22.28350830078125,13.604135513305664,-8.679372787475586,FFHQ
060715,22.28350830078125,15.704744338989258,-6.578763961791992,FFHQ
060715,22.28350830078125,19.599246978759766,-2.6842613220214844,FFHQ
061113,6.728781223297119,8.30029296875,1.5715117454528809,FFHQ
061113,6.728781223297119,9.603300094604492,2.874518871307373,FFHQ
061113,6.728781223297119,10.739322662353516,4.0105414390563965,FFHQ
061113,6.728781223297119,8.011190414428711,1.2824091911315918,FFHQ
061113,6.728781223297119,16.59564208984375,9.86686086654663,FFHQ
051916,2.1572017669677734,1.9148743152618408,-0.24232745170593262,FFHQ
051916,2.1572017669677734,3.3535494804382324,1.196347713470459,FFHQ
051916,2.1572017669677734,2.2217423915863037,0.06454062461853027,FFHQ
051916,2.1572017669677734,2.1780269145965576,0.02082514762878418,FFHQ
051916,2.1572017669677734,2.5744118690490723,0.41721010208129883,FFHQ
011234,16.651823043823242,16.37837791442871,-0.27344512939453125,FFHQ
011234,16.651823043823242,15.325054168701172,-1.3267688751220703,FFHQ
011234,16.651823043823242,19.85671615600586,3.204893112182617,FFHQ
011234,16.651823043823242,15.298446655273438,-1.3533763885498047,FFHQ
011234,16.651823043823242,16.731563568115234,0.07974052429199219,FFHQ
065703,3.5393834114074707,6.615580081939697,3.0761966705322266,FFHQ
065703,3.5393834114074707,9.764871597290039,6.225488185882568,FFHQ
065703,3.5393834114074707,9.366901397705078,5.827517986297607,FFHQ
065703,3.5393834114074707,8.952068328857422,5.412684917449951,FFHQ
065703,3.5393834114074707,9.53559684753418,5.996213436126709,FFHQ
042512,46.110145568847656,14.623538970947266,-31.48660659790039,FFHQ
042512,46.110145568847656,12.915475845336914,-33.19466972351074,FFHQ
042512,46.110145568847656,20.217548370361328,-25.892597198486328,FFHQ
042512,46.110145568847656,11.931184768676758,-34.1789608001709,FFHQ
042512,46.110145568847656,13.225284576416016,-32.88486099243164,FFHQ
030848,32.466800689697266,21.701107025146484,-10.765693664550781,FFHQ
030848,32.466800689697266,11.525590896606445,-20.94120979309082,FFHQ
030848,32.466800689697266,17.163467407226562,-15.303333282470703,FFHQ
030848,32.466800689697266,13.433650970458984,-19.03314971923828,FFHQ
030848,32.466800689697266,12.534235000610352,-19.932565689086914,FFHQ
068585,13.054025650024414,23.0719051361084,10.017879486083984,FFHQ
068585,13.054025650024414,29.934722900390625,16.88069725036621,FFHQ
068585,13.054025650024414,18.160676956176758,5.106651306152344,FFHQ
068585,13.054025650024414,32.71229553222656,19.65826988220215,FFHQ
068585,13.054025650024414,13.772621154785156,0.7185955047607422,FFHQ
062604,16.519630432128906,16.678525924682617,0.15889549255371094,FFHQ
062604,16.519630432128906,21.965696334838867,5.446065902709961,FFHQ
062604,16.519630432128906,19.393293380737305,2.8736629486083984,FFHQ
062604,16.519630432128906,19.907861709594727,3.3882312774658203,FFHQ
062604,16.519630432128906,17.40802574157715,0.8883953094482422,FFHQ
043996,41.309974670410156,40.095130920410156,-1.21484375,FFHQ
043996,41.309974670410156,40.65898895263672,-0.6509857177734375,FFHQ
043996,41.309974670410156,36.84095001220703,-4.469024658203125,FFHQ
043996,41.309974670410156,30.462589263916016,-10.84738540649414,FFHQ
043996,41.309974670410156,28.683902740478516,-12.62607192993164,FFHQ
006695,51.95098114013672,55.55718994140625,3.6062088012695312,FFHQ
006695,51.95098114013672,50.335601806640625,-1.6153793334960938,FFHQ
006695,51.95098114013672,54.195030212402344,2.244049072265625,FFHQ
006695,51.95098114013672,51.5496940612793,-0.4012870788574219,FFHQ
006695,51.95098114013672,53.93146514892578,1.9804840087890625,FFHQ
009895,16.137937545776367,20.240570068359375,4.102632522583008,FFHQ
009895,16.137937545776367,20.585617065429688,4.44767951965332,FFHQ
009895,16.137937545776367,23.50128936767578,7.363351821899414,FFHQ
009895,16.137937545776367,19.483287811279297,3.3453502655029297,FFHQ
009895,16.137937545776367,18.402446746826172,2.2645092010498047,FFHQ
057683,51.861549377441406,17.141735076904297,-34.71981430053711,FFHQ
057683,51.861549377441406,15.367460250854492,-36.494089126586914,FFHQ
057683,51.861549377441406,17.027790069580078,-34.83375930786133,FFHQ
057683,51.861549377441406,20.326791763305664,-31.534757614135742,FFHQ
057683,51.861549377441406,22.174560546875,-29.686988830566406,FFHQ
033926,26.407018661499023,26.455760955810547,0.04874229431152344,FFHQ
033926,26.407018661499023,24.112075805664062,-2.294942855834961,FFHQ
033926,26.407018661499023,22.766036987304688,-3.640981674194336,FFHQ
033926,26.407018661499023,27.559175491333008,1.1521568298339844,FFHQ
033926,26.407018661499023,17.778350830078125,-8.628667831420898,FFHQ
046898,61.954673767089844,35.834712982177734,-26.11996078491211,FFHQ
046898,61.954673767089844,50.152015686035156,-11.802658081054688,FFHQ
046898,61.954673767089844,26.275447845458984,-35.67922592163086,FFHQ
046898,61.954673767089844,34.4307861328125,-27.523887634277344,FFHQ
046898,61.954673767089844,30.246456146240234,-31.70821762084961,FFHQ
001432,35.913780212402344,16.276199340820312,-19.63758087158203,FFHQ
001432,35.913780212402344,23.92096710205078,-11.992813110351562,FFHQ
001432,35.913780212402344,17.81543731689453,-18.098342895507812,FFHQ
001432,35.913780212402344,20.177120208740234,-15.73666000366211,FFHQ
001432,35.913780212402344,20.873289108276367,-15.040491104125977,FFHQ
005754,21.51540756225586,32.46257400512695,10.947166442871094,FFHQ
005754,21.51540756225586,20.22934341430664,-1.2860641479492188,FFHQ
005754,21.51540756225586,26.057886123657227,4.542478561401367,FFHQ
005754,21.51540756225586,28.78895378112793,7.27354621887207,FFHQ
005754,21.51540756225586,30.166664123535156,8.651256561279297,FFHQ
052415,30.327716827392578,19.132896423339844,-11.194820404052734,FFHQ
052415,30.327716827392578,25.964984893798828,-4.36273193359375,FFHQ
052415,30.327716827392578,20.29789161682129,-10.029825210571289,FFHQ
052415,30.327716827392578,20.81146240234375,-9.516254425048828,FFHQ
052415,30.327716827392578,18.84247589111328,-11.485240936279297,FFHQ
047528,37.64519500732422,27.209083557128906,-10.436111450195312,FFHQ
047528,37.64519500732422,25.027843475341797,-12.617351531982422,FFHQ
047528,37.64519500732422,26.487821578979492,-11.157373428344727,FFHQ
047528,37.64519500732422,31.666671752929688,-5.978523254394531,FFHQ
047528,37.64519500732422,20.7165470123291,-16.928647994995117,FFHQ
054395,18.7926082611084,20.026662826538086,1.2340545654296875,FFHQ
054395,18.7926082611084,18.979942321777344,0.1873340606689453,FFHQ
054395,18.7926082611084,20.654909133911133,1.8623008728027344,FFHQ
054395,18.7926082611084,20.94830322265625,2.1556949615478516,FFHQ
054395,18.7926082611084,20.559560775756836,1.7669525146484375,FFHQ
039498,41.012962341308594,41.946998596191406,0.9340362548828125,FFHQ
039498,41.012962341308594,31.789329528808594,-9.2236328125,FFHQ
039498,41.012962341308594,34.719581604003906,-6.2933807373046875,FFHQ
039498,41.012962341308594,39.35630416870117,-1.6566581726074219,FFHQ
039498,41.012962341308594,26.02145767211914,-14.991504669189453,FFHQ
000215,15.65679931640625,23.98644256591797,8.329643249511719,FFHQ
000215,15.65679931640625,17.555334091186523,1.8985347747802734,FFHQ
000215,15.65679931640625,20.876205444335938,5.2194061279296875,FFHQ
000215,15.65679931640625,17.650978088378906,1.9941787719726562,FFHQ
000215,15.65679931640625,16.017675399780273,0.36087608337402344,FFHQ
031044,8.316056251525879,7.629286289215088,-0.686769962310791,FFHQ
031044,8.316056251525879,5.572489261627197,-2.7435669898986816,FFHQ
031044,8.316056251525879,6.0011372566223145,-2.3149189949035645,FFHQ
031044,8.316056251525879,8.245895385742188,-0.0701608657836914,FFHQ
031044,8.316056251525879,6.466017246246338,-1.850039005279541,FFHQ
043664,47.22968673706055,19.09620475769043,-28.133481979370117,FFHQ
043664,47.22968673706055,29.494564056396484,-17.735122680664062,FFHQ
043664,47.22968673706055,17.763893127441406,-29.46579360961914,FFHQ
043664,47.22968673706055,20.700502395629883,-26.529184341430664,FFHQ
043664,47.22968673706055,19.231229782104492,-27.998456954956055,FFHQ
009605,18.310335159301758,23.008241653442383,4.697906494140625,FFHQ
009605,18.310335159301758,21.068214416503906,2.7578792572021484,FFHQ
009605,18.310335159301758,10.912412643432617,-7.397922515869141,FFHQ
009605,18.310335159301758,16.65548324584961,-1.6548519134521484,FFHQ
009605,18.310335159301758,15.237510681152344,-3.072824478149414,FFHQ
025073,69.74700164794922,51.83660125732422,-17.910400390625,FFHQ
025073,69.74700164794922,49.33049774169922,-20.41650390625,FFHQ
025073,69.74700164794922,49.962890625,-19.78411102294922,FFHQ
025073,69.74700164794922,48.720237731933594,-21.026763916015625,FFHQ
025073,69.74700164794922,43.65595626831055,-26.091045379638672,FFHQ
059885,26.581396102905273,25.23358154296875,-1.3478145599365234,FFHQ
059885,26.581396102905273,15.77273941040039,-10.808656692504883,FFHQ
059885,26.581396102905273,30.758697509765625,4.177301406860352,FFHQ
059885,26.581396102905273,21.05166244506836,-5.529733657836914,FFHQ
059885,26.581396102905273,15.830045700073242,-10.751350402832031,FFHQ
014573,67.13631439208984,53.470245361328125,-13.666069030761719,FFHQ
014573,67.13631439208984,48.29197692871094,-18.844337463378906,FFHQ
014573,67.13631439208984,46.349857330322266,-20.786457061767578,FFHQ
014573,67.13631439208984,42.30073547363281,-24.83557891845703,FFHQ
014573,67.13631439208984,47.703651428222656,-19.432662963867188,FFHQ
056135,18.160022735595703,19.611434936523438,1.4514122009277344,FFHQ
056135,18.160022735595703,22.448570251464844,4.288547515869141,FFHQ
056135,18.160022735595703,18.461454391479492,0.30143165588378906,FFHQ
056135,18.160022735595703,21.6191349029541,3.4591121673583984,FFHQ
056135,18.160022735595703,18.63357162475586,0.47354888916015625,FFHQ
013896,21.185691833496094,17.044301986694336,-4.141389846801758,FFHQ
013896,21.185691833496094,14.240127563476562,-6.945564270019531,FFHQ
013896,21.185691833496094,17.515352249145508,-3.670339584350586,FFHQ
013896,21.185691833496094,14.264904022216797,-6.920787811279297,FFHQ
013896,21.185691833496094,14.518524169921875,-6.667167663574219,FFHQ
029992,24.525043487548828,23.25881576538086,-1.2662277221679688,FFHQ
029992,24.525043487548828,22.865245819091797,-1.6597976684570312,FFHQ
029992,24.525043487548828,22.54263687133789,-1.9824066162109375,FFHQ
029992,24.525043487548828,24.40464210510254,-0.12040138244628906,FFHQ
029992,24.525043487548828,23.205646514892578,-1.31939697265625,FFHQ
002831,49.72306823730469,20.01361083984375,-29.709457397460938,FFHQ
002831,49.72306823730469,40.758243560791016,-8.964824676513672,FFHQ
002831,49.72306823730469,17.058855056762695,-32.66421318054199,FFHQ
002831,49.72306823730469,22.215320587158203,-27.507747650146484,FFHQ
002831,49.72306823730469,25.7469425201416,-23.976125717163086,FFHQ
064364,18.476802825927734,18.850074768066406,0.3732719421386719,FFHQ
064364,18.476802825927734,16.630231857299805,-1.8465709686279297,FFHQ
064364,18.476802825927734,14.547109603881836,-3.9296932220458984,FFHQ
064364,18.476802825927734,19.594348907470703,1.1175460815429688,FFHQ
064364,18.476802825927734,25.69161605834961,7.214813232421875,FFHQ
022317,18.573558807373047,31.329368591308594,12.755809783935547,FFHQ
022317,18.573558807373047,19.520185470581055,0.9466266632080078,FFHQ
022317,18.573558807373047,20.340686798095703,1.7671279907226562,FFHQ
022317,18.573558807373047,19.203433990478516,0.6298751831054688,FFHQ
022317,18.573558807373047,19.44112777709961,0.8675689697265625,FFHQ
062926,20.83722686767578,14.773630142211914,-6.063596725463867,FFHQ
062926,20.83722686767578,11.94694709777832,-8.890279769897461,FFHQ
062926,20.83722686767578,17.820980072021484,-3.016246795654297,FFHQ
062926,20.83722686767578,14.504766464233398,-6.332460403442383,FFHQ
062926,20.83722686767578,15.155134201049805,-5.682092666625977,FFHQ
029274,1.6196719408035278,6.448897838592529,4.8292258977890015,FFHQ
029274,1.6196719408035278,3.8717899322509766,2.2521179914474487,FFHQ
029274,1.6196719408035278,2.7832529544830322,1.1635810136795044,FFHQ
029274,1.6196719408035278,2.483865261077881,0.864193320274353,FFHQ
029274,1.6196719408035278,2.0014381408691406,0.3817662000656128,FFHQ
043140,27.210966110229492,25.604068756103516,-1.6068973541259766,FFHQ
043140,27.210966110229492,26.317245483398438,-0.8937206268310547,FFHQ
043140,27.210966110229492,23.698848724365234,-3.512117385864258,FFHQ
043140,27.210966110229492,25.683883666992188,-1.5270824432373047,FFHQ
043140,27.210966110229492,27.818458557128906,0.6074924468994141,FFHQ
051285,18.286270141601562,17.518598556518555,-0.7676715850830078,FFHQ
051285,18.286270141601562,20.301246643066406,2.0149765014648438,FFHQ
051285,18.286270141601562,20.336517333984375,2.0502471923828125,FFHQ
051285,18.286270141601562,26.506471633911133,8.22020149230957,FFHQ
051285,18.286270141601562,17.97209358215332,-0.3141765594482422,FFHQ
021394,18.2249755859375,16.691526412963867,-1.5334491729736328,FFHQ
021394,18.2249755859375,19.344158172607422,1.1191825866699219,FFHQ
021394,18.2249755859375,16.919708251953125,-1.305267333984375,FFHQ
021394,18.2249755859375,18.333358764648438,0.1083831787109375,FFHQ
021394,18.2249755859375,17.21084976196289,-1.0141258239746094,FFHQ
001941,64.43517303466797,50.2562255859375,-14.178947448730469,FFHQ
001941,64.43517303466797,20.616933822631836,-43.81823921203613,FFHQ
001941,64.43517303466797,38.5999641418457,-25.835208892822266,FFHQ
001941,64.43517303466797,25.702417373657227,-38.73275566101074,FFHQ
001941,64.43517303466797,49.88915252685547,-14.5460205078125,FFHQ
055185,4.587897300720215,6.205288410186768,1.6173911094665527,FFHQ
055185,4.587897300720215,6.772335529327393,2.1844382286071777,FFHQ
055185,4.587897300720215,4.556937217712402,-0.0309600830078125,FFHQ
055185,4.587897300720215,5.322258472442627,0.7343611717224121,FFHQ
055185,4.587897300720215,5.992425441741943,1.4045281410217285,FFHQ
046069,33.24269485473633,25.066329956054688,-8.17636489868164,FFHQ
046069,33.24269485473633,27.21923065185547,-6.023464202880859,FFHQ
046069,33.24269485473633,29.243022918701172,-3.9996719360351562,FFHQ
046069,33.24269485473633,21.13547134399414,-12.107223510742188,FFHQ
046069,33.24269485473633,22.997161865234375,-10.245532989501953,FFHQ
062411,27.72782325744629,24.750083923339844,-2.9777393341064453,FFHQ
062411,27.72782325744629,26.687828063964844,-1.0399951934814453,FFHQ
062411,27.72782325744629,22.63634490966797,-5.09147834777832,FFHQ
062411,27.72782325744629,23.781879425048828,-3.945943832397461,FFHQ
062411,27.72782325744629,22.824953079223633,-4.902870178222656,FFHQ
039037,45.80224609375,17.03889274597168,-28.76335334777832,FFHQ
039037,45.80224609375,13.071229934692383,-32.73101615905762,FFHQ
039037,45.80224609375,23.872577667236328,-21.929668426513672,FFHQ
039037,45.80224609375,37.81413269042969,-7.9881134033203125,FFHQ
039037,45.80224609375,25.972299575805664,-19.829946517944336,FFHQ
031230,56.476646423339844,15.979686737060547,-40.4969596862793,FFHQ
031230,56.476646423339844,9.014945983886719,-47.461700439453125,FFHQ
031230,56.476646423339844,12.214963912963867,-44.26168251037598,FFHQ
031230,56.476646423339844,11.441831588745117,-45.03481483459473,FFHQ
031230,56.476646423339844,8.630975723266602,-47.84567070007324,FFHQ
041466,24.004539489746094,21.66849708557129,-2.3360424041748047,FFHQ
041466,24.004539489746094,21.817678451538086,-2.186861038208008,FFHQ
041466,24.004539489746094,19.55350685119629,-4.451032638549805,FFHQ
041466,24.004539489746094,15.745002746582031,-8.259536743164062,FFHQ
041466,24.004539489746094,19.95257568359375,-4.051963806152344,FFHQ
019310,23.873287200927734,24.87700843811035,1.0037212371826172,FFHQ
019310,23.873287200927734,21.234235763549805,-2.6390514373779297,FFHQ
019310,23.873287200927734,23.5207462310791,-0.3525409698486328,FFHQ
019310,23.873287200927734,21.952495574951172,-1.9207916259765625,FFHQ
019310,23.873287200927734,23.895488739013672,0.0222015380859375,FFHQ
049205,56.0462760925293,43.55852508544922,-12.487751007080078,FFHQ
049205,56.0462760925293,53.65757751464844,-2.3886985778808594,FFHQ
049205,56.0462760925293,49.50951385498047,-6.536762237548828,FFHQ
049205,56.0462760925293,58.95791244506836,2.9116363525390625,FFHQ
049205,56.0462760925293,41.324951171875,-14.721324920654297,FFHQ
002858,86.90271759033203,67.58463287353516,-19.318084716796875,FFHQ
002858,86.90271759033203,55.64568328857422,-31.257034301757812,FFHQ
002858,86.90271759033203,53.134910583496094,-33.76780700683594,FFHQ
002858,86.90271759033203,47.63722229003906,-39.26549530029297,FFHQ
002858,86.90271759033203,21.52239227294922,-65.38032531738281,FFHQ
032658,11.599468231201172,9.969789505004883,-1.629678726196289,FFHQ
032658,11.599468231201172,14.366521835327148,2.7670536041259766,FFHQ
032658,11.599468231201172,16.89990234375,5.300434112548828,FFHQ
032658,11.599468231201172,9.353560447692871,-2.245907783508301,FFHQ
032658,11.599468231201172,12.066888809204102,0.4674205780029297,FFHQ
053900,49.36549377441406,30.920024871826172,-18.44546890258789,FFHQ
053900,49.36549377441406,26.702844619750977,-22.662649154663086,FFHQ
053900,49.36549377441406,30.13111114501953,-19.23438262939453,FFHQ
053900,49.36549377441406,35.33189392089844,-14.033599853515625,FFHQ
053900,49.36549377441406,29.858444213867188,-19.507049560546875,FFHQ
046782,48.99758529663086,30.69605827331543,-18.30152702331543,FFHQ
046782,48.99758529663086,32.14300537109375,-16.85457992553711,FFHQ
046782,48.99758529663086,21.875896453857422,-27.121688842773438,FFHQ
046782,48.99758529663086,34.19950485229492,-14.798080444335938,FFHQ
046782,48.99758529663086,35.30597686767578,-13.691608428955078,FFHQ
006726,42.051910400390625,10.5504150390625,-31.501495361328125,FFHQ
006726,42.051910400390625,32.26705551147461,-9.784854888916016,FFHQ
006726,42.051910400390625,29.96573257446289,-12.086177825927734,FFHQ
006726,42.051910400390625,42.84317398071289,0.7912635803222656,FFHQ
006726,42.051910400390625,39.2940788269043,-2.757831573486328,FFHQ
001743,56.07575225830078,41.632652282714844,-14.443099975585938,FFHQ
001743,56.07575225830078,53.46685028076172,-2.6089019775390625,FFHQ
001743,56.07575225830078,53.02375030517578,-3.052001953125,FFHQ
001743,56.07575225830078,39.817970275878906,-16.257781982421875,FFHQ
001743,56.07575225830078,45.52770233154297,-10.548049926757812,FFHQ
019719,59.44800567626953,47.45964813232422,-11.988357543945312,FFHQ
019719,59.44800567626953,48.92060852050781,-10.527397155761719,FFHQ
019719,59.44800567626953,47.74803924560547,-11.699966430664062,FFHQ
019719,59.44800567626953,50.6822509765625,-8.765754699707031,FFHQ
019719,59.44800567626953,57.64522933959961,-1.8027763366699219,FFHQ
008296,32.000423431396484,29.141254425048828,-2.8591690063476562,FFHQ
008296,32.000423431396484,21.576297760009766,-10.424125671386719,FFHQ
008296,32.000423431396484,26.003772735595703,-5.996650695800781,FFHQ
008296,32.000423431396484,20.250391006469727,-11.750032424926758,FFHQ
008296,32.000423431396484,31.113548278808594,-0.8868751525878906,FFHQ
006337,37.770240783691406,20.798112869262695,-16.97212791442871,FFHQ
006337,37.770240783691406,39.242713928222656,1.47247314453125,FFHQ
006337,37.770240783691406,30.758480072021484,-7.011760711669922,FFHQ
006337,37.770240783691406,27.83690643310547,-9.933334350585938,FFHQ
006337,37.770240783691406,28.006439208984375,-9.763801574707031,FFHQ
060272,9.775289535522461,5.222856521606445,-4.552433013916016,FFHQ
060272,9.775289535522461,8.341859817504883,-1.4334297180175781,FFHQ
060272,9.775289535522461,9.164270401000977,-0.6110191345214844,FFHQ
060272,9.775289535522461,15.199312210083008,5.424022674560547,FFHQ
060272,9.775289535522461,9.374497413635254,-0.40079212188720703,FFHQ
003653,39.79917907714844,13.637666702270508,-26.16151237487793,FFHQ
003653,39.79917907714844,42.676116943359375,2.8769378662109375,FFHQ
003653,39.79917907714844,43.42263412475586,3.623455047607422,FFHQ
003653,39.79917907714844,18.607559204101562,-21.191619873046875,FFHQ
003653,39.79917907714844,25.79937171936035,-13.999807357788086,FFHQ
041995,49.50932312011719,42.143760681152344,-7.365562438964844,FFHQ
041995,49.50932312011719,50.230560302734375,0.7212371826171875,FFHQ
041995,49.50932312011719,31.381465911865234,-18.127857208251953,FFHQ
041995,49.50932312011719,49.84769821166992,0.3383750915527344,FFHQ
041995,49.50932312011719,36.337181091308594,-13.172142028808594,FFHQ
000019,25.944005966186523,25.361888885498047,-0.5821170806884766,FFHQ
000019,25.944005966186523,18.361961364746094,-7.58204460144043,FFHQ
000019,25.944005966186523,25.21572494506836,-0.7282810211181641,FFHQ
000019,25.944005966186523,29.882976531982422,3.9389705657958984,FFHQ
000019,25.944005966186523,17.196735382080078,-8.747270584106445,FFHQ
060146,16.137670516967773,36.1928825378418,20.055212020874023,FFHQ
060146,16.137670516967773,20.921354293823242,4.783683776855469,FFHQ
060146,16.137670516967773,41.836273193359375,25.6986026763916,FFHQ
060146,16.137670516967773,31.036113739013672,14.898443222045898,FFHQ
060146,16.137670516967773,14.817197799682617,-1.3204727172851562,FFHQ
038705,18.28371810913086,17.377050399780273,-0.9066677093505859,FFHQ
038705,18.28371810913086,15.383129119873047,-2.9005889892578125,FFHQ
038705,18.28371810913086,16.30181884765625,-1.9818992614746094,FFHQ
038705,18.28371810913086,11.99246597290039,-6.291252136230469,FFHQ
038705,18.28371810913086,11.769805908203125,-6.513912200927734,FFHQ
046126,5.839343547821045,11.303522109985352,5.464178562164307,FFHQ
046126,5.839343547821045,11.891706466674805,6.05236291885376,FFHQ
046126,5.839343547821045,8.131330490112305,2.2919869422912598,FFHQ
046126,5.839343547821045,7.398126602172852,1.5587830543518066,FFHQ
046126,5.839343547821045,11.143293380737305,5.30394983291626,FFHQ
044538,36.27198791503906,31.141559600830078,-5.130428314208984,FFHQ
044538,36.27198791503906,24.126598358154297,-12.145389556884766,FFHQ
044538,36.27198791503906,27.819923400878906,-8.452064514160156,FFHQ
044538,36.27198791503906,35.45364761352539,-0.8183403015136719,FFHQ
044538,36.27198791503906,25.687232971191406,-10.584754943847656,FFHQ
037026,51.763587951660156,19.814361572265625,-31.94922637939453,FFHQ
037026,51.763587951660156,23.41631507873535,-28.347272872924805,FFHQ
037026,51.763587951660156,24.04236602783203,-27.721221923828125,FFHQ
037026,51.763587951660156,23.261974334716797,-28.50161361694336,FFHQ
037026,51.763587951660156,20.17293930053711,-31.590648651123047,FFHQ
051598,7.173391819000244,7.31151819229126,0.13812637329101562,FFHQ
051598,7.173391819000244,10.457366943359375,3.283975124359131,FFHQ
051598,7.173391819000244,9.502153396606445,2.328761577606201,FFHQ
051598,7.173391819000244,10.708122253417969,3.5347304344177246,FFHQ
051598,7.173391819000244,10.053071975708008,2.8796801567077637,FFHQ
023852,3.066974639892578,4.868078231811523,1.8011035919189453,FFHQ
023852,3.066974639892578,5.742466449737549,2.6754918098449707,FFHQ
023852,3.066974639892578,6.664446830749512,3.5974721908569336,FFHQ
023852,3.066974639892578,3.6085429191589355,0.5415682792663574,FFHQ
023852,3.066974639892578,4.598814964294434,1.5318403244018555,FFHQ
034830,27.767162322998047,28.535690307617188,0.7685279846191406,FFHQ
034830,27.767162322998047,25.082443237304688,-2.6847190856933594,FFHQ
034830,27.767162322998047,20.042150497436523,-7.725011825561523,FFHQ
034830,27.767162322998047,16.261363983154297,-11.50579833984375,FFHQ
034830,27.767162322998047,18.764713287353516,-9.002449035644531,FFHQ
027887,45.690242767333984,51.7821044921875,6.091861724853516,FFHQ
027887,45.690242767333984,32.23180389404297,-13.458438873291016,FFHQ
027887,45.690242767333984,38.51947784423828,-7.170764923095703,FFHQ
027887,45.690242767333984,35.49270248413086,-10.197540283203125,FFHQ
027887,45.690242767333984,42.07048797607422,-3.6197547912597656,FFHQ
059298,14.157936096191406,34.936370849609375,20.77843475341797,FFHQ
059298,14.157936096191406,15.743339538574219,1.5854034423828125,FFHQ
059298,14.157936096191406,10.478063583374023,-3.679872512817383,FFHQ
059298,14.157936096191406,14.585227966308594,0.4272918701171875,FFHQ
059298,14.157936096191406,13.616239547729492,-0.5416965484619141,FFHQ
015900,25.332195281982422,23.260589599609375,-2.071605682373047,FFHQ
015900,25.332195281982422,25.753459930419922,0.4212646484375,FFHQ
015900,25.332195281982422,17.748844146728516,-7.583351135253906,FFHQ
015900,25.332195281982422,25.127269744873047,-0.204925537109375,FFHQ
015900,25.332195281982422,23.40875244140625,-1.9234428405761719,FFHQ
035171,53.48850631713867,29.082698822021484,-24.405807495117188,FFHQ
035171,53.48850631713867,32.5638542175293,-20.924652099609375,FFHQ
035171,53.48850631713867,19.454483032226562,-34.03402328491211,FFHQ
035171,53.48850631713867,21.325958251953125,-32.16254806518555,FFHQ
035171,53.48850631713867,45.93486022949219,-7.553646087646484,FFHQ
049626,49.98375701904297,45.728118896484375,-4.255638122558594,FFHQ
049626,49.98375701904297,47.102333068847656,-2.8814239501953125,FFHQ
049626,49.98375701904297,45.378143310546875,-4.605613708496094,FFHQ
049626,49.98375701904297,43.830711364746094,-6.153045654296875,FFHQ
049626,49.98375701904297,48.16658020019531,-1.8171768188476562,FFHQ
026243,35.22193145751953,26.239355087280273,-8.982576370239258,FFHQ
026243,35.22193145751953,29.92591094970703,-5.2960205078125,FFHQ
026243,35.22193145751953,17.52144432067871,-17.70048713684082,FFHQ
026243,35.22193145751953,22.806983947753906,-12.414947509765625,FFHQ
026243,35.22193145751953,20.166067123413086,-15.055864334106445,FFHQ
030670,18.335407257080078,22.166259765625,3.830852508544922,FFHQ
030670,18.335407257080078,23.548114776611328,5.21270751953125,FFHQ
030670,18.335407257080078,21.339332580566406,3.003925323486328,FFHQ
030670,18.335407257080078,24.506973266601562,6.171566009521484,FFHQ
030670,18.335407257080078,25.408220291137695,7.072813034057617,FFHQ
067581,3.430941104888916,4.66772985458374,1.2367887496948242,FFHQ
067581,3.430941104888916,2.3581950664520264,-1.0727460384368896,FFHQ
067581,3.430941104888916,5.877597332000732,2.4466562271118164,FFHQ
067581,3.430941104888916,3.322824239730835,-0.10811686515808105,FFHQ
067581,3.430941104888916,3.1379127502441406,-0.2930283546447754,FFHQ
006657,17.067777633666992,22.45703887939453,5.389261245727539,FFHQ
006657,17.067777633666992,15.785541534423828,-1.282236099243164,FFHQ
006657,17.067777633666992,17.935546875,0.8677692413330078,FFHQ
006657,17.067777633666992,11.186626434326172,-5.88115119934082,FFHQ
006657,17.067777633666992,20.212230682373047,3.1444530487060547,FFHQ
042069,12.911628723144531,10.667657852172852,-2.2439708709716797,FFHQ
042069,12.911628723144531,10.544073104858398,-2.367555618286133,FFHQ
042069,12.911628723144531,13.422061920166016,0.5104331970214844,FFHQ
042069,12.911628723144531,12.499523162841797,-0.4121055603027344,FFHQ
042069,12.911628723144531,13.726018905639648,0.8143901824951172,FFHQ
054490,47.247169494628906,43.32005310058594,-3.9271163940429688,FFHQ
054490,47.247169494628906,29.81342887878418,-17.433740615844727,FFHQ
054490,47.247169494628906,19.43360137939453,-27.813568115234375,FFHQ
054490,47.247169494628906,21.07159423828125,-26.175575256347656,FFHQ
054490,47.247169494628906,14.499042510986328,-32.74812698364258,FFHQ
021147,17.106470108032227,13.503276824951172,-3.6031932830810547,FFHQ
021147,17.106470108032227,15.938703536987305,-1.1677665710449219,FFHQ
021147,17.106470108032227,17.724407196044922,0.6179370880126953,FFHQ
021147,17.106470108032227,11.727060317993164,-5.3794097900390625,FFHQ
021147,17.106470108032227,13.699661254882812,-3.406808853149414,FFHQ
001844,52.32860565185547,11.285022735595703,-41.043582916259766,FFHQ
001844,52.32860565185547,31.451820373535156,-20.876785278320312,FFHQ
001844,52.32860565185547,13.38041877746582,-38.94818687438965,FFHQ
001844,52.32860565185547,19.96461296081543,-32.36399269104004,FFHQ
001844,52.32860565185547,19.177980422973633,-33.150625228881836,FFHQ
067585,48.04481887817383,30.586130142211914,-17.458688735961914,FFHQ
067585,48.04481887817383,55.30548858642578,7.260669708251953,FFHQ
067585,48.04481887817383,44.741878509521484,-3.3029403686523438,FFHQ
067585,48.04481887817383,24.449951171875,-23.594867706298828,FFHQ
067585,48.04481887817383,45.757171630859375,-2.287647247314453,FFHQ
068810,4.620151042938232,14.479555130004883,9.85940408706665,FFHQ
068810,4.620151042938232,8.054632186889648,3.434481143951416,FFHQ
068810,4.620151042938232,9.805618286132812,5.18546724319458,FFHQ
068810,4.620151042938232,6.928555011749268,2.308403968811035,FFHQ
068810,4.620151042938232,9.421372413635254,4.8012213706970215,FFHQ
002188,12.791000366210938,15.292612075805664,2.5016117095947266,FFHQ
002188,12.791000366210938,17.414384841918945,4.623384475708008,FFHQ
002188,12.791000366210938,12.544658660888672,-0.24634170532226562,FFHQ
002188,12.791000366210938,13.706165313720703,0.9151649475097656,FFHQ
002188,12.791000366210938,12.001218795776367,-0.7897815704345703,FFHQ
007383,48.875633239746094,13.436199188232422,-35.43943405151367,FFHQ
007383,48.875633239746094,20.968677520751953,-27.90695571899414,FFHQ
007383,48.875633239746094,15.948122024536133,-32.92751121520996,FFHQ
007383,48.875633239746094,17.18170928955078,-31.693923950195312,FFHQ
007383,48.875633239746094,24.64859390258789,-24.227039337158203,FFHQ
055669,25.33351707458496,20.57318878173828,-4.76032829284668,FFHQ
055669,25.33351707458496,9.464786529541016,-15.868730545043945,FFHQ
055669,25.33351707458496,10.59187126159668,-14.741645812988281,FFHQ
055669,25.33351707458496,15.070022583007812,-10.263494491577148,FFHQ
055669,25.33351707458496,11.210287094116211,-14.12322998046875,FFHQ
056228,8.395071029663086,9.003704071044922,0.6086330413818359,FFHQ
056228,8.395071029663086,13.09170913696289,4.696638107299805,FFHQ
056228,8.395071029663086,5.156648635864258,-3.238422393798828,FFHQ
056228,8.395071029663086,7.913524627685547,-0.48154640197753906,FFHQ
056228,8.395071029663086,10.567451477050781,2.1723804473876953,FFHQ
008622,24.13397979736328,25.69251251220703,1.55853271484375,FFHQ
008622,24.13397979736328,19.21965217590332,-4.914327621459961,FFHQ
008622,24.13397979736328,19.87399673461914,-4.259983062744141,FFHQ
008622,24.13397979736328,19.045549392700195,-5.088430404663086,FFHQ
008622,24.13397979736328,20.40513801574707,-3.728841781616211,FFHQ
000792,57.11516571044922,60.366600036621094,3.251434326171875,FFHQ
000792,57.11516571044922,61.233123779296875,4.117958068847656,FFHQ
000792,57.11516571044922,55.75124740600586,-1.3639183044433594,FFHQ
000792,57.11516571044922,53.56804656982422,-3.547119140625,FFHQ
000792,57.11516571044922,61.419090270996094,4.303924560546875,FFHQ
008360,42.378875732421875,41.313011169433594,-1.0658645629882812,FFHQ
008360,42.378875732421875,42.348915100097656,-0.02996063232421875,FFHQ
008360,42.378875732421875,45.67195510864258,3.293079376220703,FFHQ
008360,42.378875732421875,33.7222785949707,-8.656597137451172,FFHQ
008360,42.378875732421875,31.705949783325195,-10.67292594909668,FFHQ
016763,11.020254135131836,24.384281158447266,13.36402702331543,FFHQ
016763,11.020254135131836,11.127647399902344,0.10739326477050781,FFHQ
016763,11.020254135131836,15.595752716064453,4.575498580932617,FFHQ
016763,11.020254135131836,13.36372184753418,2.3434677124023438,FFHQ
016763,11.020254135131836,32.895896911621094,21.875642776489258,FFHQ
058044,52.63998031616211,35.35436248779297,-17.28561782836914,FFHQ
058044,52.63998031616211,37.601932525634766,-15.038047790527344,FFHQ
058044,52.63998031616211,31.71548080444336,-20.92449951171875,FFHQ
058044,52.63998031616211,31.742671966552734,-20.897308349609375,FFHQ
058044,52.63998031616211,33.730770111083984,-18.909210205078125,FFHQ
021532,9.075092315673828,8.960084915161133,-0.11500740051269531,FFHQ
021532,9.075092315673828,7.508763313293457,-1.566329002380371,FFHQ
021532,9.075092315673828,7.032795429229736,-2.042296886444092,FFHQ
021532,9.075092315673828,8.27298355102539,-0.8021087646484375,FFHQ
021532,9.075092315673828,7.7407612800598145,-1.3343310356140137,FFHQ
038691,51.03318786621094,24.492351531982422,-26.540836334228516,FFHQ
038691,51.03318786621094,39.83470153808594,-11.198486328125,FFHQ
038691,51.03318786621094,33.97631072998047,-17.05687713623047,FFHQ
038691,51.03318786621094,22.954532623291016,-28.078655242919922,FFHQ
038691,51.03318786621094,24.746980667114258,-26.28620719909668,FFHQ
063165,16.531522750854492,18.09014892578125,1.5586261749267578,FFHQ
063165,16.531522750854492,31.519014358520508,14.987491607666016,FFHQ
063165,16.531522750854492,15.890375137329102,-0.6411476135253906,FFHQ
063165,16.531522750854492,14.103055953979492,-2.428466796875,FFHQ
063165,16.531522750854492,15.832334518432617,-0.699188232421875,FFHQ
030999,32.996761322021484,25.339645385742188,-7.657115936279297,FFHQ
030999,32.996761322021484,19.860912322998047,-13.135848999023438,FFHQ
030999,32.996761322021484,24.808269500732422,-8.188491821289062,FFHQ
030999,32.996761322021484,18.27956771850586,-14.717193603515625,FFHQ
030999,32.996761322021484,22.15340805053711,-10.843353271484375,FFHQ
042568,8.660555839538574,6.860253810882568,-1.8003020286560059,FFHQ
042568,8.660555839538574,8.537941932678223,-0.12261390686035156,FFHQ
042568,8.660555839538574,14.445533752441406,5.784977912902832,FFHQ
042568,8.660555839538574,8.696231842041016,0.035676002502441406,FFHQ
042568,8.660555839538574,6.07434606552124,-2.586209774017334,FFHQ
003872,19.452373504638672,29.633153915405273,10.180780410766602,FFHQ
003872,19.452373504638672,34.30537414550781,14.85300064086914,FFHQ
003872,19.452373504638672,34.4367561340332,14.984382629394531,FFHQ
003872,19.452373504638672,26.44192123413086,6.9895477294921875,FFHQ
003872,19.452373504638672,21.778676986694336,2.326303482055664,FFHQ
049621,16.025936126708984,16.818832397460938,0.7928962707519531,FFHQ
049621,16.025936126708984,18.08477020263672,2.0588340759277344,FFHQ
049621,16.025936126708984,17.104108810424805,1.0781726837158203,FFHQ
049621,16.025936126708984,18.730396270751953,2.7044601440429688,FFHQ
049621,16.025936126708984,15.288372039794922,-0.7375640869140625,FFHQ
019936,52.432987213134766,28.13999366760254,-24.292993545532227,FFHQ
019936,52.432987213134766,7.536120414733887,-44.89686679840088,FFHQ
019936,52.432987213134766,22.79206085205078,-29.640926361083984,FFHQ
019936,52.432987213134766,10.191909790039062,-42.2410774230957,FFHQ
019936,52.432987213134766,7.225945472717285,-45.20704174041748,FFHQ
018917,20.679365158081055,19.723888397216797,-0.9554767608642578,FFHQ
018917,20.679365158081055,16.023143768310547,-4.656221389770508,FFHQ
018917,20.679365158081055,15.595870971679688,-5.083494186401367,FFHQ
018917,20.679365158081055,14.702688217163086,-5.976676940917969,FFHQ
018917,20.679365158081055,14.921375274658203,-5.757989883422852,FFHQ
043466,3.040403366088867,5.483757019042969,2.4433536529541016,FFHQ
043466,3.040403366088867,4.828118801116943,1.7877154350280762,FFHQ
043466,3.040403366088867,5.006985187530518,1.9665818214416504,FFHQ
043466,3.040403366088867,5.386696815490723,2.3462934494018555,FFHQ
043466,3.040403366088867,4.219019889831543,1.1786165237426758,FFHQ
060549,7.827272415161133,23.500816345214844,15.673543930053711,FFHQ
060549,7.827272415161133,15.81766128540039,7.990388870239258,FFHQ
060549,7.827272415161133,14.046602249145508,6.219329833984375,FFHQ
060549,7.827272415161133,12.457435607910156,4.630163192749023,FFHQ
060549,7.827272415161133,17.115800857543945,9.288528442382812,FFHQ
068919,20.809751510620117,29.876094818115234,9.066343307495117,FFHQ
068919,20.809751510620117,24.64093017578125,3.831178665161133,FFHQ
068919,20.809751510620117,20.46364974975586,-0.3461017608642578,FFHQ
068919,20.809751510620117,24.762195587158203,3.952444076538086,FFHQ
068919,20.809751510620117,22.785737991333008,1.9759864807128906,FFHQ
007302,60.27667999267578,32.389339447021484,-27.887340545654297,FFHQ
007302,60.27667999267578,26.99539566040039,-33.28128433227539,FFHQ
007302,60.27667999267578,29.16098403930664,-31.11569595336914,FFHQ
007302,60.27667999267578,36.27655792236328,-24.0001220703125,FFHQ
007302,60.27667999267578,31.986726760864258,-28.289953231811523,FFHQ
048712,11.944561004638672,14.499094009399414,2.554533004760742,FFHQ
048712,11.944561004638672,17.251874923706055,5.307313919067383,FFHQ
048712,11.944561004638672,18.263355255126953,6.318794250488281,FFHQ
048712,11.944561004638672,15.744272232055664,3.799711227416992,FFHQ
048712,11.944561004638672,17.723731994628906,5.779170989990234,FFHQ
040094,13.307138442993164,12.584146499633789,-0.722991943359375,FFHQ
040094,13.307138442993164,12.347442626953125,-0.9596958160400391,FFHQ
040094,13.307138442993164,9.579830169677734,-3.7273082733154297,FFHQ
040094,13.307138442993164,11.36444091796875,-1.942697525024414,FFHQ
040094,13.307138442993164,49.14339828491211,35.836259841918945,FFHQ
042287,48.07539367675781,37.24263381958008,-10.832759857177734,FFHQ
042287,48.07539367675781,30.060874938964844,-18.01451873779297,FFHQ
042287,48.07539367675781,32.790523529052734,-15.284870147705078,FFHQ
042287,48.07539367675781,48.90029525756836,0.8249015808105469,FFHQ
042287,48.07539367675781,27.19792938232422,-20.877464294433594,FFHQ
069662,12.086742401123047,14.7568359375,2.670093536376953,FFHQ
069662,12.086742401123047,13.646186828613281,1.5594444274902344,FFHQ
069662,12.086742401123047,14.594314575195312,2.5075721740722656,FFHQ
069662,12.086742401123047,12.926980972290039,0.8402385711669922,FFHQ
069662,12.086742401123047,14.641767501831055,2.555025100708008,FFHQ
033509,19.30443572998047,17.95525550842285,-1.3491802215576172,FFHQ
033509,19.30443572998047,18.830188751220703,-0.4742469787597656,FFHQ
033509,19.30443572998047,14.918375015258789,-4.38606071472168,FFHQ
033509,19.30443572998047,20.42000961303711,1.1155738830566406,FFHQ
033509,19.30443572998047,19.597003936767578,0.2925682067871094,FFHQ
013394,8.755964279174805,16.35456085205078,7.598596572875977,FFHQ
013394,8.755964279174805,13.417829513549805,4.661865234375,FFHQ
013394,8.755964279174805,12.569616317749023,3.8136520385742188,FFHQ
013394,8.755964279174805,14.01815414428711,5.262189865112305,FFHQ
013394,8.755964279174805,11.89040756225586,3.1344432830810547,FFHQ
048064,34.988304138183594,23.399677276611328,-11.588626861572266,FFHQ
048064,34.988304138183594,25.562774658203125,-9.425529479980469,FFHQ
048064,34.988304138183594,23.479021072387695,-11.509283065795898,FFHQ
048064,34.988304138183594,14.883981704711914,-20.10432243347168,FFHQ
048064,34.988304138183594,23.684391021728516,-11.303913116455078,FFHQ
003560,67.98612213134766,55.72777557373047,-12.258346557617188,FFHQ
003560,67.98612213134766,49.59742736816406,-18.388694763183594,FFHQ
003560,67.98612213134766,51.799137115478516,-16.18698501586914,FFHQ
003560,67.98612213134766,53.259056091308594,-14.727066040039062,FFHQ
003560,67.98612213134766,50.67203140258789,-17.314090728759766,FFHQ
037461,55.73516082763672,48.40625,-7.328910827636719,FFHQ
037461,55.73516082763672,45.029205322265625,-10.705955505371094,FFHQ
037461,55.73516082763672,52.14503860473633,-3.5901222229003906,FFHQ
037461,55.73516082763672,51.294898986816406,-4.4402618408203125,FFHQ
037461,55.73516082763672,50.257484436035156,-5.4776763916015625,FFHQ
047321,21.40542984008789,16.12944793701172,-5.275981903076172,FFHQ
047321,21.40542984008789,18.219318389892578,-3.1861114501953125,FFHQ
047321,21.40542984008789,7.945394992828369,-13.460034847259521,FFHQ
047321,21.40542984008789,11.019966125488281,-10.38546371459961,FFHQ
047321,21.40542984008789,7.739757061004639,-13.665672779083252,FFHQ
022040,53.231563568115234,13.075124740600586,-40.15643882751465,FFHQ
022040,53.231563568115234,13.391925811767578,-39.839637756347656,FFHQ
022040,53.231563568115234,13.210832595825195,-40.02073097229004,FFHQ
022040,53.231563568115234,13.475698471069336,-39.7558650970459,FFHQ
022040,53.231563568115234,19.050296783447266,-34.18126678466797,FFHQ
042783,53.10711669921875,22.63961410522461,-30.46750259399414,FFHQ
042783,53.10711669921875,18.91164779663086,-34.19546890258789,FFHQ
042783,53.10711669921875,24.744281768798828,-28.362834930419922,FFHQ
042783,53.10711669921875,26.23833465576172,-26.86878204345703,FFHQ
042783,53.10711669921875,21.588062286376953,-31.519054412841797,FFHQ
012864,62.82691192626953,49.31786346435547,-13.509048461914062,FFHQ
012864,62.82691192626953,43.21308898925781,-19.61382293701172,FFHQ
012864,62.82691192626953,54.85228729248047,-7.9746246337890625,FFHQ
012864,62.82691192626953,45.819671630859375,-17.007240295410156,FFHQ
012864,62.82691192626953,51.616485595703125,-11.210426330566406,FFHQ
001036,21.76299285888672,26.8475341796875,5.084541320800781,FFHQ
001036,21.76299285888672,19.653011322021484,-2.1099815368652344,FFHQ
001036,21.76299285888672,31.751737594604492,9.988744735717773,FFHQ
001036,21.76299285888672,23.376750946044922,1.6137580871582031,FFHQ
001036,21.76299285888672,24.62352180480957,2.8605289459228516,FFHQ
042123,45.066864013671875,36.362281799316406,-8.704582214355469,FFHQ
042123,45.066864013671875,25.929542541503906,-19.13732147216797,FFHQ
042123,45.066864013671875,37.752601623535156,-7.314262390136719,FFHQ
042123,45.066864013671875,38.82948684692383,-6.237377166748047,FFHQ
042123,45.066864013671875,40.80214309692383,-4.264720916748047,FFHQ
014770,33.68478775024414,40.623924255371094,6.939136505126953,FFHQ
014770,33.68478775024414,33.730445861816406,0.045658111572265625,FFHQ
014770,33.68478775024414,29.71904754638672,-3.965740203857422,FFHQ
014770,33.68478775024414,31.990169525146484,-1.6946182250976562,FFHQ
014770,33.68478775024414,46.54280090332031,12.858013153076172,FFHQ
065778,38.15407180786133,41.271644592285156,3.117572784423828,FFHQ
065778,38.15407180786133,43.254371643066406,5.100299835205078,FFHQ
065778,38.15407180786133,50.97325897216797,12.81918716430664,FFHQ
065778,38.15407180786133,41.93170166015625,3.777629852294922,FFHQ
065778,38.15407180786133,41.72829055786133,3.57421875,FFHQ
022464,23.031944274902344,30.667030334472656,7.6350860595703125,FFHQ
022464,23.031944274902344,27.250635147094727,4.218690872192383,FFHQ
022464,23.031944274902344,17.429702758789062,-5.602241516113281,FFHQ
022464,23.031944274902344,29.483829498291016,6.451885223388672,FFHQ
022464,23.031944274902344,31.229307174682617,8.197362899780273,FFHQ
055556,6.3180999755859375,19.599485397338867,13.28138542175293,FFHQ
055556,6.3180999755859375,18.026782989501953,11.708683013916016,FFHQ
055556,6.3180999755859375,13.343835830688477,7.025735855102539,FFHQ
055556,6.3180999755859375,9.010619163513184,2.692519187927246,FFHQ
055556,6.3180999755859375,15.27634048461914,8.958240509033203,FFHQ
061852,1.4386661052703857,5.349971771240234,3.9113056659698486,FFHQ
061852,1.4386661052703857,3.985999822616577,2.5473337173461914,FFHQ
061852,1.4386661052703857,6.039454936981201,4.600788831710815,FFHQ
061852,1.4386661052703857,7.573834419250488,6.1351683139801025,FFHQ
061852,1.4386661052703857,3.137521743774414,1.6988556385040283,FFHQ
007286,8.527156829833984,5.530083179473877,-2.9970736503601074,FFHQ
007286,8.527156829833984,5.942992687225342,-2.5841641426086426,FFHQ
007286,8.527156829833984,8.488348007202148,-0.03880882263183594,FFHQ
007286,8.527156829833984,3.302487850189209,-5.224668979644775,FFHQ
007286,8.527156829833984,3.301039218902588,-5.2261176109313965,FFHQ
054003,22.606128692626953,9.767570495605469,-12.838558197021484,FFHQ
054003,22.606128692626953,11.77580451965332,-10.830324172973633,FFHQ
054003,22.606128692626953,15.003669738769531,-7.602458953857422,FFHQ
054003,22.606128692626953,11.70412826538086,-10.902000427246094,FFHQ
054003,22.606128692626953,10.517084121704102,-12.089044570922852,FFHQ
041476,32.981807708740234,17.189870834350586,-15.791936874389648,FFHQ
041476,32.981807708740234,17.73941993713379,-15.242387771606445,FFHQ
041476,32.981807708740234,18.028034210205078,-14.953773498535156,FFHQ
041476,32.981807708740234,19.965736389160156,-13.016071319580078,FFHQ
041476,32.981807708740234,17.86272430419922,-15.119083404541016,FFHQ
006321,46.945228576660156,13.74267578125,-33.202552795410156,FFHQ
006321,46.945228576660156,13.335865020751953,-33.6093635559082,FFHQ
006321,46.945228576660156,22.53814125061035,-24.407087326049805,FFHQ
006321,46.945228576660156,17.59146499633789,-29.353763580322266,FFHQ
006321,46.945228576660156,13.404777526855469,-33.54045104980469,FFHQ
059310,7.311938762664795,12.765220642089844,5.453281879425049,FFHQ
059310,7.311938762664795,8.964702606201172,1.652763843536377,FFHQ
059310,7.311938762664795,11.231874465942383,3.919935703277588,FFHQ
059310,7.311938762664795,15.04269790649414,7.730759143829346,FFHQ
059310,7.311938762664795,9.416561126708984,2.1046223640441895,FFHQ
046978,1.411332130432129,3.418484687805176,2.007152557373047,FFHQ
046978,1.411332130432129,2.391207695007324,0.9798755645751953,FFHQ
046978,1.411332130432129,1.7940419912338257,0.3827098608016968,FFHQ
046978,1.411332130432129,5.252021789550781,3.8406896591186523,FFHQ
046978,1.411332130432129,2.398942470550537,0.9876103401184082,FFHQ
066781,55.437034606933594,30.00059700012207,-25.436437606811523,FFHQ
066781,55.437034606933594,24.06793212890625,-31.369102478027344,FFHQ
066781,55.437034606933594,41.228248596191406,-14.208786010742188,FFHQ
066781,55.437034606933594,33.14445877075195,-22.29257583618164,FFHQ
066781,55.437034606933594,26.244876861572266,-29.192157745361328,FFHQ
033356,17.707426071166992,20.31536102294922,2.6079349517822266,FFHQ
033356,17.707426071166992,13.794105529785156,-3.913320541381836,FFHQ
033356,17.707426071166992,12.351001739501953,-5.356424331665039,FFHQ
033356,17.707426071166992,20.20944595336914,2.5020198822021484,FFHQ
033356,17.707426071166992,17.41360092163086,-0.2938251495361328,FFHQ
029075,43.76815414428711,30.968719482421875,-12.799434661865234,FFHQ
029075,43.76815414428711,40.64579391479492,-3.1223602294921875,FFHQ
029075,43.76815414428711,40.61607360839844,-3.152080535888672,FFHQ
029075,43.76815414428711,23.20965576171875,-20.55849838256836,FFHQ
029075,43.76815414428711,25.885513305664062,-17.882640838623047,FFHQ
065415,22.526172637939453,18.93056869506836,-3.5956039428710938,FFHQ
065415,22.526172637939453,18.67333221435547,-3.8528404235839844,FFHQ
065415,22.526172637939453,22.768827438354492,0.24265480041503906,FFHQ
065415,22.526172637939453,19.385238647460938,-3.1409339904785156,FFHQ
065415,22.526172637939453,20.876930236816406,-1.6492424011230469,FFHQ
023758,60.63310623168945,32.75934982299805,-27.873756408691406,FFHQ
023758,60.63310623168945,30.18174171447754,-30.451364517211914,FFHQ
023758,60.63310623168945,11.39389419555664,-49.23921203613281,FFHQ
023758,60.63310623168945,27.714208602905273,-32.91889762878418,FFHQ
023758,60.63310623168945,37.27442169189453,-23.358684539794922,FFHQ
046223,23.879562377929688,13.38153076171875,-10.498031616210938,FFHQ
046223,23.879562377929688,4.923733234405518,-18.95582914352417,FFHQ
046223,23.879562377929688,18.085988998413086,-5.793573379516602,FFHQ
046223,23.879562377929688,6.5746989250183105,-17.304863452911377,FFHQ
046223,23.879562377929688,16.5201473236084,-7.359415054321289,FFHQ
003433,49.188377380371094,8.985858917236328,-40.202518463134766,FFHQ
003433,49.188377380371094,29.948490142822266,-19.239887237548828,FFHQ
003433,49.188377380371094,8.164125442504883,-41.02425193786621,FFHQ
003433,49.188377380371094,8.463410377502441,-40.72496700286865,FFHQ
003433,49.188377380371094,7.077042102813721,-42.11133527755737,FFHQ
009810,25.882404327392578,19.99960708618164,-5.8827972412109375,FFHQ
009810,25.882404327392578,17.932056427001953,-7.950347900390625,FFHQ
009810,25.882404327392578,18.386333465576172,-7.496070861816406,FFHQ
009810,25.882404327392578,18.289880752563477,-7.592523574829102,FFHQ
009810,25.882404327392578,17.264734268188477,-8.617670059204102,FFHQ
043409,16.448104858398438,18.020267486572266,1.5721626281738281,FFHQ
043409,16.448104858398438,19.748172760009766,3.300067901611328,FFHQ
043409,16.448104858398438,20.29986572265625,3.8517608642578125,FFHQ
043409,16.448104858398438,23.941139221191406,7.493034362792969,FFHQ
043409,16.448104858398438,13.905261993408203,-2.5428428649902344,FFHQ
051633,27.022289276123047,25.57887077331543,-1.4434185028076172,FFHQ
051633,27.022289276123047,20.7564697265625,-6.265819549560547,FFHQ
051633,27.022289276123047,27.62775230407715,0.6054630279541016,FFHQ
051633,27.022289276123047,23.043537139892578,-3.9787521362304688,FFHQ
051633,27.022289276123047,24.860889434814453,-2.1613998413085938,FFHQ
043895,62.98297119140625,64.26514434814453,1.2821731567382812,FFHQ
043895,62.98297119140625,69.38448333740234,6.401512145996094,FFHQ
043895,62.98297119140625,63.540374755859375,0.557403564453125,FFHQ
043895,62.98297119140625,63.386375427246094,0.40340423583984375,FFHQ
043895,62.98297119140625,64.58907318115234,1.6061019897460938,FFHQ
006454,28.565471649169922,18.000072479248047,-10.565399169921875,FFHQ
006454,28.565471649169922,26.562599182128906,-2.0028724670410156,FFHQ
006454,28.565471649169922,26.309112548828125,-2.256359100341797,FFHQ
006454,28.565471649169922,19.522457122802734,-9.043014526367188,FFHQ
006454,28.565471649169922,21.10012435913086,-7.4653472900390625,FFHQ
030726,62.35688018798828,62.211421966552734,-0.14545822143554688,FFHQ
030726,62.35688018798828,57.58121109008789,-4.775669097900391,FFHQ
030726,62.35688018798828,67.94692993164062,5.590049743652344,FFHQ
030726,62.35688018798828,59.770782470703125,-2.5860977172851562,FFHQ
030726,62.35688018798828,56.31261444091797,-6.0442657470703125,FFHQ
004862,7.969293117523193,9.719778060913086,1.7504849433898926,FFHQ
004862,7.969293117523193,10.131900787353516,2.1626076698303223,FFHQ
004862,7.969293117523193,12.149436950683594,4.1801438331604,FFHQ
004862,7.969293117523193,10.794347763061523,2.82505464553833,FFHQ
004862,7.969293117523193,28.270126342773438,20.300833225250244,FFHQ
060380,17.361745834350586,10.798221588134766,-6.56352424621582,FFHQ
060380,17.361745834350586,10.09431266784668,-7.267433166503906,FFHQ
060380,17.361745834350586,11.764236450195312,-5.597509384155273,FFHQ
060380,17.361745834350586,24.290237426757812,6.928491592407227,FFHQ
060380,17.361745834350586,19.692920684814453,2.331174850463867,FFHQ
005138,76.07711029052734,51.827491760253906,-24.249618530273438,FFHQ
005138,76.07711029052734,56.38115692138672,-19.695953369140625,FFHQ
005138,76.07711029052734,55.15208053588867,-20.925029754638672,FFHQ
005138,76.07711029052734,54.66922378540039,-21.407886505126953,FFHQ
005138,76.07711029052734,49.07918930053711,-26.997920989990234,FFHQ
029553,12.626245498657227,35.8636589050293,23.23741340637207,FFHQ
029553,12.626245498657227,47.10208511352539,34.475839614868164,FFHQ
029553,12.626245498657227,43.95567321777344,31.32942771911621,FFHQ
029553,12.626245498657227,40.962730407714844,28.336484909057617,FFHQ
029553,12.626245498657227,48.73042297363281,36.104177474975586,FFHQ
051052,20.648662567138672,19.692901611328125,-0.9557609558105469,FFHQ
051052,20.648662567138672,18.031797409057617,-2.6168651580810547,FFHQ
051052,20.648662567138672,21.98318099975586,1.3345184326171875,FFHQ
051052,20.648662567138672,20.519676208496094,-0.12898635864257812,FFHQ
051052,20.648662567138672,23.020267486572266,2.3716049194335938,FFHQ
024254,27.53978729248047,45.13589096069336,17.59610366821289,FFHQ
024254,27.53978729248047,28.969501495361328,1.4297142028808594,FFHQ
024254,27.53978729248047,18.325180053710938,-9.214607238769531,FFHQ
024254,27.53978729248047,26.63350486755371,-0.9062824249267578,FFHQ
024254,27.53978729248047,24.361492156982422,-3.178295135498047,FFHQ
013748,30.785900115966797,24.95566177368164,-5.830238342285156,FFHQ
013748,30.785900115966797,22.994491577148438,-7.791408538818359,FFHQ
013748,30.785900115966797,22.443843841552734,-8.342056274414062,FFHQ
013748,30.785900115966797,25.27947425842285,-5.506425857543945,FFHQ
013748,30.785900115966797,23.666126251220703,-7.119773864746094,FFHQ
031642,32.56004333496094,46.477622985839844,13.917579650878906,FFHQ
031642,32.56004333496094,32.7878532409668,0.22780990600585938,FFHQ
031642,32.56004333496094,49.47666931152344,16.9166259765625,FFHQ
031642,32.56004333496094,20.771982192993164,-11.788061141967773,FFHQ
031642,32.56004333496094,41.40570831298828,8.845664978027344,FFHQ
024185,19.005577087402344,22.15026092529297,3.144683837890625,FFHQ
024185,19.005577087402344,22.252098083496094,3.24652099609375,FFHQ
024185,19.005577087402344,21.884851455688477,2.879274368286133,FFHQ
024185,19.005577087402344,23.202781677246094,4.19720458984375,FFHQ
024185,19.005577087402344,23.785789489746094,4.78021240234375,FFHQ
061484,39.235694885253906,32.48960494995117,-6.746089935302734,FFHQ
061484,39.235694885253906,36.0407600402832,-3.194934844970703,FFHQ
061484,39.235694885253906,45.5886116027832,6.352916717529297,FFHQ
061484,39.235694885253906,48.11983871459961,8.884143829345703,FFHQ
061484,39.235694885253906,21.21062469482422,-18.025070190429688,FFHQ
051780,26.263683319091797,28.12070655822754,1.8570232391357422,FFHQ
051780,26.263683319091797,29.63280487060547,3.369121551513672,FFHQ
051780,26.263683319091797,32.31098175048828,6.047298431396484,FFHQ
051780,26.263683319091797,26.112459182739258,-0.15122413635253906,FFHQ
051780,26.263683319091797,33.6348762512207,7.371192932128906,FFHQ
025060,18.50713348388672,19.70361328125,1.1964797973632812,FFHQ
025060,18.50713348388672,23.506309509277344,4.999176025390625,FFHQ
025060,18.50713348388672,20.288169860839844,1.781036376953125,FFHQ
025060,18.50713348388672,18.668426513671875,0.16129302978515625,FFHQ
025060,18.50713348388672,20.846738815307617,2.3396053314208984,FFHQ
002004,18.847732543945312,17.406694412231445,-1.4410381317138672,FFHQ
002004,18.847732543945312,19.283557891845703,0.4358253479003906,FFHQ
002004,18.847732543945312,17.702680587768555,-1.1450519561767578,FFHQ
002004,18.847732543945312,18.028667449951172,-0.8190650939941406,FFHQ
002004,18.847732543945312,17.030925750732422,-1.8168067932128906,FFHQ
007035,60.712059020996094,17.837913513183594,-42.8741455078125,FFHQ
007035,60.712059020996094,24.346790313720703,-36.36526870727539,FFHQ
007035,60.712059020996094,18.95540428161621,-41.75665473937988,FFHQ
007035,60.712059020996094,25.887191772460938,-34.824867248535156,FFHQ
007035,60.712059020996094,24.015615463256836,-36.69644355773926,FFHQ
059632,9.222696304321289,9.487565994262695,0.26486968994140625,FFHQ
059632,9.222696304321289,14.336080551147461,5.113384246826172,FFHQ
059632,9.222696304321289,14.051542282104492,4.828845977783203,FFHQ
059632,9.222696304321289,11.777502059936523,2.5548057556152344,FFHQ
059632,9.222696304321289,13.352527618408203,4.129831314086914,FFHQ
019721,10.857538223266602,17.28603172302246,6.428493499755859,FFHQ
019721,10.857538223266602,37.581016540527344,26.723478317260742,FFHQ
019721,10.857538223266602,36.45207214355469,25.594533920288086,FFHQ
019721,10.857538223266602,16.06712532043457,5.209587097167969,FFHQ
019721,10.857538223266602,22.620906829833984,11.763368606567383,FFHQ
011391,64.90079498291016,63.01314163208008,-1.8876533508300781,FFHQ
011391,64.90079498291016,61.77740478515625,-3.1233901977539062,FFHQ
011391,64.90079498291016,59.07707977294922,-5.8237152099609375,FFHQ
011391,64.90079498291016,60.78083801269531,-4.119956970214844,FFHQ
011391,64.90079498291016,65.17932891845703,0.278533935546875,FFHQ
067232,48.59675979614258,33.19858169555664,-15.398178100585938,FFHQ
067232,48.59675979614258,22.631267547607422,-25.965492248535156,FFHQ
067232,48.59675979614258,22.092796325683594,-26.503963470458984,FFHQ
067232,48.59675979614258,24.403772354125977,-24.1929874420166,FFHQ
067232,48.59675979614258,26.448570251464844,-22.148189544677734,FFHQ
028730,7.131162643432617,8.654205322265625,1.5230426788330078,FFHQ
028730,7.131162643432617,9.053689956665039,1.9225273132324219,FFHQ
028730,7.131162643432617,11.570850372314453,4.439687728881836,FFHQ
028730,7.131162643432617,9.917139053344727,2.7859764099121094,FFHQ
028730,7.131162643432617,8.037610054016113,0.9064474105834961,FFHQ
002445,21.538700103759766,17.655635833740234,-3.8830642700195312,FFHQ
002445,21.538700103759766,23.883617401123047,2.3449172973632812,FFHQ
002445,21.538700103759766,23.073108673095703,1.5344085693359375,FFHQ
002445,21.538700103759766,21.411090850830078,-0.1276092529296875,FFHQ
002445,21.538700103759766,22.81208038330078,1.2733802795410156,FFHQ
057426,10.179939270019531,8.855817794799805,-1.3241214752197266,FFHQ
057426,10.179939270019531,20.959117889404297,10.779178619384766,FFHQ
057426,10.179939270019531,16.76350212097168,6.583562850952148,FFHQ
057426,10.179939270019531,11.130462646484375,0.9505233764648438,FFHQ
057426,10.179939270019531,16.22662353515625,6.046684265136719,FFHQ
007814,39.924041748046875,16.48594856262207,-23.438093185424805,FFHQ
007814,39.924041748046875,34.7694091796875,-5.154632568359375,FFHQ
007814,39.924041748046875,14.452672958374023,-25.47136878967285,FFHQ
007814,39.924041748046875,12.501014709472656,-27.42302703857422,FFHQ
007814,39.924041748046875,23.790332794189453,-16.133708953857422,FFHQ
068455,41.604042053222656,31.47722053527832,-10.126821517944336,FFHQ
068455,41.604042053222656,28.588735580444336,-13.01530647277832,FFHQ
068455,41.604042053222656,17.40057373046875,-24.203468322753906,FFHQ
068455,41.604042053222656,25.274742126464844,-16.329299926757812,FFHQ
068455,41.604042053222656,26.573143005371094,-15.030899047851562,FFHQ
063086,9.29808235168457,10.911531448364258,1.6134490966796875,FFHQ
063086,9.29808235168457,15.776800155639648,6.478717803955078,FFHQ
063086,9.29808235168457,12.788562774658203,3.490480422973633,FFHQ
063086,9.29808235168457,16.988317489624023,7.690235137939453,FFHQ
063086,9.29808235168457,18.049854278564453,8.751771926879883,FFHQ
038170,11.949113845825195,14.62466812133789,2.6755542755126953,FFHQ
038170,11.949113845825195,20.445186614990234,8.496072769165039,FFHQ
038170,11.949113845825195,22.711566925048828,10.762453079223633,FFHQ
038170,11.949113845825195,15.132627487182617,3.183513641357422,FFHQ
038170,11.949113845825195,14.731611251831055,2.7824974060058594,FFHQ
018299,11.228137969970703,9.933416366577148,-1.2947216033935547,FFHQ
018299,11.228137969970703,8.36972427368164,-2.8584136962890625,FFHQ
018299,11.228137969970703,11.268898010253906,0.040760040283203125,FFHQ
018299,11.228137969970703,8.869041442871094,-2.3590965270996094,FFHQ
018299,11.228137969970703,9.043539047241211,-2.184598922729492,FFHQ
038382,40.371429443359375,32.27091598510742,-8.100513458251953,FFHQ
038382,40.371429443359375,31.387264251708984,-8.98416519165039,FFHQ
038382,40.371429443359375,36.45111846923828,-3.9203109741210938,FFHQ
038382,40.371429443359375,30.677753448486328,-9.693675994873047,FFHQ
038382,40.371429443359375,34.671688079833984,-5.699741363525391,FFHQ
023299,41.70899963378906,59.54003143310547,17.831031799316406,FFHQ
023299,41.70899963378906,45.81901168823242,4.110012054443359,FFHQ
023299,41.70899963378906,34.83930969238281,-6.86968994140625,FFHQ
023299,41.70899963378906,16.535425186157227,-25.173574447631836,FFHQ
023299,41.70899963378906,28.319869995117188,-13.389129638671875,FFHQ
010317,24.087404251098633,24.275205612182617,0.18780136108398438,FFHQ
010317,24.087404251098633,23.037757873535156,-1.0496463775634766,FFHQ
010317,24.087404251098633,22.966548919677734,-1.1208553314208984,FFHQ
010317,24.087404251098633,20.51791763305664,-3.569486618041992,FFHQ
010317,24.087404251098633,23.481849670410156,-0.6055545806884766,FFHQ
013786,22.157699584960938,24.106992721557617,1.9492931365966797,FFHQ
013786,22.157699584960938,16.1077880859375,-6.0499114990234375,FFHQ
013786,22.157699584960938,21.408395767211914,-0.7493038177490234,FFHQ
013786,22.157699584960938,31.272098541259766,9.114398956298828,FFHQ
013786,22.157699584960938,18.571271896362305,-3.586427688598633,FFHQ
057252,25.810733795166016,26.987407684326172,1.1766738891601562,FFHQ
057252,25.810733795166016,23.703773498535156,-2.1069602966308594,FFHQ
057252,25.810733795166016,17.07634735107422,-8.734386444091797,FFHQ
057252,25.810733795166016,19.730838775634766,-6.07989501953125,FFHQ
057252,25.810733795166016,19.297883987426758,-6.512849807739258,FFHQ
006999,33.68671417236328,42.509151458740234,8.822437286376953,FFHQ
006999,33.68671417236328,28.88290786743164,-4.803806304931641,FFHQ
006999,33.68671417236328,40.721561431884766,7.034847259521484,FFHQ
006999,33.68671417236328,33.52626037597656,-0.16045379638671875,FFHQ
006999,33.68671417236328,43.332763671875,9.646049499511719,FFHQ
022804,35.45634460449219,25.191120147705078,-10.26522445678711,FFHQ
022804,35.45634460449219,30.119705200195312,-5.336639404296875,FFHQ
022804,35.45634460449219,27.11117172241211,-8.345172882080078,FFHQ
022804,35.45634460449219,24.138927459716797,-11.31741714477539,FFHQ
022804,35.45634460449219,22.529165267944336,-12.927179336547852,FFHQ
020295,25.300796508789062,23.269739151000977,-2.031057357788086,FFHQ
020295,25.300796508789062,21.096574783325195,-4.204221725463867,FFHQ
020295,25.300796508789062,23.000411987304688,-2.300384521484375,FFHQ
020295,25.300796508789062,24.233890533447266,-1.0669059753417969,FFHQ
020295,25.300796508789062,21.305713653564453,-3.9950828552246094,FFHQ
045496,11.692989349365234,15.98387336730957,4.290884017944336,FFHQ
045496,11.692989349365234,13.315114974975586,1.6221256256103516,FFHQ
045496,11.692989349365234,16.508716583251953,4.815727233886719,FFHQ
045496,11.692989349365234,13.80742073059082,2.114431381225586,FFHQ
045496,11.692989349365234,14.276407241821289,2.5834178924560547,FFHQ
040192,38.57518005371094,12.974090576171875,-25.601089477539062,FFHQ
040192,38.57518005371094,13.628410339355469,-24.94676971435547,FFHQ
040192,38.57518005371094,12.909820556640625,-25.665359497070312,FFHQ
040192,38.57518005371094,17.576066970825195,-20.999113082885742,FFHQ
040192,38.57518005371094,15.962369918823242,-22.612810134887695,FFHQ
025434,69.19477844238281,59.247352600097656,-9.947425842285156,FFHQ
025434,69.19477844238281,46.25340270996094,-22.941375732421875,FFHQ
025434,69.19477844238281,51.906646728515625,-17.288131713867188,FFHQ
025434,69.19477844238281,53.317054748535156,-15.877723693847656,FFHQ
025434,69.19477844238281,45.479339599609375,-23.715438842773438,FFHQ
037952,44.028350830078125,51.568389892578125,7.5400390625,FFHQ
037952,44.028350830078125,45.564735412597656,1.5363845825195312,FFHQ
037952,44.028350830078125,35.884944915771484,-8.14340591430664,FFHQ
037952,44.028350830078125,27.450302124023438,-16.578048706054688,FFHQ
037952,44.028350830078125,46.292991638183594,2.2646408081054688,FFHQ
034123,18.970050811767578,24.02521514892578,5.055164337158203,FFHQ
034123,18.970050811767578,30.903831481933594,11.933780670166016,FFHQ
034123,18.970050811767578,36.386024475097656,17.415973663330078,FFHQ
034123,18.970050811767578,34.29539108276367,15.325340270996094,FFHQ
034123,18.970050811767578,28.935890197753906,9.965839385986328,FFHQ
000081,51.74727249145508,33.34355545043945,-18.403717041015625,FFHQ
000081,51.74727249145508,42.73426818847656,-9.013004302978516,FFHQ
000081,51.74727249145508,47.05585861206055,-4.691413879394531,FFHQ
000081,51.74727249145508,14.619651794433594,-37.127620697021484,FFHQ
000081,51.74727249145508,31.606155395507812,-20.141117095947266,FFHQ
050236,53.36445999145508,46.53029251098633,-6.83416748046875,FFHQ
050236,53.36445999145508,59.52794647216797,6.163486480712891,FFHQ
050236,53.36445999145508,54.000465393066406,0.6360054016113281,FFHQ
050236,53.36445999145508,58.52769470214844,5.163234710693359,FFHQ
050236,53.36445999145508,17.700878143310547,-35.66358184814453,FFHQ
020178,15.153326034545898,15.849687576293945,0.6963615417480469,FFHQ
020178,15.153326034545898,15.335561752319336,0.1822357177734375,FFHQ
020178,15.153326034545898,14.916709899902344,-0.2366161346435547,FFHQ
020178,15.153326034545898,14.525445938110352,-0.6278800964355469,FFHQ
020178,15.153326034545898,15.850555419921875,0.6972293853759766,FFHQ
033948,49.490989685058594,33.97633743286133,-15.514652252197266,FFHQ
033948,49.490989685058594,23.313100814819336,-26.177888870239258,FFHQ
033948,49.490989685058594,28.66248321533203,-20.828506469726562,FFHQ
033948,49.490989685058594,22.219106674194336,-27.271883010864258,FFHQ
033948,49.490989685058594,19.187755584716797,-30.303234100341797,FFHQ
043953,61.638248443603516,55.00345230102539,-6.634796142578125,FFHQ
043953,61.638248443603516,48.855159759521484,-12.783088684082031,FFHQ
043953,61.638248443603516,41.14212417602539,-20.496124267578125,FFHQ
043953,61.638248443603516,53.28751754760742,-8.350730895996094,FFHQ
043953,61.638248443603516,51.4041748046875,-10.234073638916016,FFHQ
000870,50.427146911621094,38.30870819091797,-12.118438720703125,FFHQ
000870,50.427146911621094,56.84931945800781,6.422172546386719,FFHQ
000870,50.427146911621094,36.954490661621094,-13.47265625,FFHQ
000870,50.427146911621094,53.52650833129883,3.0993614196777344,FFHQ
000870,50.427146911621094,52.24657440185547,1.819427490234375,FFHQ
046408,40.924137115478516,19.848304748535156,-21.07583236694336,FFHQ
046408,40.924137115478516,21.20710563659668,-19.717031478881836,FFHQ
046408,40.924137115478516,28.51847267150879,-12.405664443969727,FFHQ
046408,40.924137115478516,18.127193450927734,-22.79694366455078,FFHQ
046408,40.924137115478516,21.517070770263672,-19.407066345214844,FFHQ
033236,14.353336334228516,22.734466552734375,8.38113021850586,FFHQ
033236,14.353336334228516,21.873014450073242,7.519678115844727,FFHQ
033236,14.353336334228516,23.89764404296875,9.544307708740234,FFHQ
033236,14.353336334228516,21.428726196289062,7.075389862060547,FFHQ
033236,14.353336334228516,21.364578247070312,7.011241912841797,FFHQ
000218,55.68550109863281,53.29668426513672,-2.3888168334960938,FFHQ
000218,55.68550109863281,56.268951416015625,0.5834503173828125,FFHQ
000218,55.68550109863281,53.98876953125,-1.6967315673828125,FFHQ
000218,55.68550109863281,49.17021560668945,-6.515285491943359,FFHQ
000218,55.68550109863281,54.46559143066406,-1.21990966796875,FFHQ
033709,35.469871520996094,44.167240142822266,8.697368621826172,FFHQ
033709,35.469871520996094,31.37277603149414,-4.097095489501953,FFHQ
033709,35.469871520996094,42.42680740356445,6.956935882568359,FFHQ
033709,35.469871520996094,41.1733512878418,5.703479766845703,FFHQ
033709,35.469871520996094,37.4434928894043,1.9736213684082031,FFHQ
021575,14.621187210083008,14.263391494750977,-0.35779571533203125,FFHQ
021575,14.621187210083008,15.365013122558594,0.7438259124755859,FFHQ
021575,14.621187210083008,14.262508392333984,-0.35867881774902344,FFHQ
021575,14.621187210083008,12.613819122314453,-2.0073680877685547,FFHQ
021575,14.621187210083008,17.008991241455078,2.3878040313720703,FFHQ
025145,10.065950393676758,24.079978942871094,14.014028549194336,FFHQ
025145,10.065950393676758,26.64238929748535,16.576438903808594,FFHQ
025145,10.065950393676758,15.3369140625,5.270963668823242,FFHQ
025145,10.065950393676758,27.392993927001953,17.327043533325195,FFHQ
025145,10.065950393676758,26.112934112548828,16.04698371887207,FFHQ
012521,1.6821945905685425,7.912954807281494,6.230760216712952,FFHQ
012521,1.6821945905685425,8.100881576538086,6.4186869859695435,FFHQ
012521,1.6821945905685425,10.72896957397461,9.046774983406067,FFHQ
012521,1.6821945905685425,8.471948623657227,6.789754033088684,FFHQ
012521,1.6821945905685425,7.47314977645874,5.790955185890198,FFHQ
033719,27.244121551513672,34.83659362792969,7.592472076416016,FFHQ
033719,27.244121551513672,31.45182991027832,4.207708358764648,FFHQ
033719,27.244121551513672,50.19300079345703,22.94887924194336,FFHQ
033719,27.244121551513672,36.58386993408203,9.33974838256836,FFHQ
033719,27.244121551513672,41.176605224609375,13.932483673095703,FFHQ
000693,8.98255729675293,15.15226936340332,6.169712066650391,FFHQ
000693,8.98255729675293,14.128414154052734,5.145856857299805,FFHQ
000693,8.98255729675293,10.649608612060547,1.6670513153076172,FFHQ
000693,8.98255729675293,12.783018112182617,3.8004608154296875,FFHQ
000693,8.98255729675293,12.255435943603516,3.272878646850586,FFHQ
004395,7.7170939445495605,11.369731903076172,3.6526379585266113,FFHQ
004395,7.7170939445495605,10.888513565063477,3.171419620513916,FFHQ
004395,7.7170939445495605,13.025533676147461,5.3084397315979,FFHQ
004395,7.7170939445495605,10.961345672607422,3.2442517280578613,FFHQ
004395,7.7170939445495605,11.229860305786133,3.5127663612365723,FFHQ
064895,2.871351718902588,6.494091033935547,3.622739315032959,FFHQ
064895,2.871351718902588,5.603997230529785,2.7326455116271973,FFHQ
064895,2.871351718902588,9.35313606262207,6.481784343719482,FFHQ
064895,2.871351718902588,7.103963375091553,4.232611656188965,FFHQ
064895,2.871351718902588,4.413774013519287,1.5424222946166992,FFHQ
001626,10.757915496826172,13.485780715942383,2.727865219116211,FFHQ
001626,10.757915496826172,8.686447143554688,-2.0714683532714844,FFHQ
001626,10.757915496826172,21.24796485900879,10.490049362182617,FFHQ
001626,10.757915496826172,17.787235260009766,7.029319763183594,FFHQ
001626,10.757915496826172,10.345903396606445,-0.41201210021972656,FFHQ
020906,9.32486343383789,21.15755844116211,11.832695007324219,FFHQ
020906,9.32486343383789,23.232824325561523,13.907960891723633,FFHQ
020906,9.32486343383789,18.220809936523438,8.895946502685547,FFHQ
020906,9.32486343383789,18.073596954345703,8.748733520507812,FFHQ
020906,9.32486343383789,18.56438446044922,9.239521026611328,FFHQ
059671,23.151840209960938,33.25161361694336,10.099773406982422,FFHQ
059671,23.151840209960938,40.40925979614258,17.25741958618164,FFHQ
059671,23.151840209960938,37.257408142089844,14.105567932128906,FFHQ
059671,23.151840209960938,30.388883590698242,7.237043380737305,FFHQ
059671,23.151840209960938,24.647632598876953,1.4957923889160156,FFHQ
005932,45.29829025268555,26.317842483520508,-18.98044776916504,FFHQ
005932,45.29829025268555,24.114839553833008,-21.18345069885254,FFHQ
005932,45.29829025268555,24.08621597290039,-21.212074279785156,FFHQ
005932,45.29829025268555,27.28050994873047,-18.017780303955078,FFHQ
005932,45.29829025268555,23.624858856201172,-21.673431396484375,FFHQ
026017,24.25495719909668,20.0914363861084,-4.163520812988281,FFHQ
026017,24.25495719909668,12.072282791137695,-12.182674407958984,FFHQ
026017,24.25495719909668,20.576202392578125,-3.6787548065185547,FFHQ
026017,24.25495719909668,26.80912971496582,2.5541725158691406,FFHQ
026017,24.25495719909668,23.25653839111328,-0.9984188079833984,FFHQ
014266,56.03691482543945,14.621753692626953,-41.4151611328125,FFHQ
014266,56.03691482543945,15.912134170532227,-40.12478065490723,FFHQ
014266,56.03691482543945,11.457149505615234,-44.57976531982422,FFHQ
014266,56.03691482543945,14.230768203735352,-41.8061466217041,FFHQ
014266,56.03691482543945,17.169841766357422,-38.86707305908203,FFHQ
056167,35.723487854003906,32.39962387084961,-3.323863983154297,FFHQ
056167,35.723487854003906,31.998779296875,-3.7247085571289062,FFHQ
056167,35.723487854003906,27.754531860351562,-7.968955993652344,FFHQ
056167,35.723487854003906,26.11333465576172,-9.610153198242188,FFHQ
056167,35.723487854003906,30.125934600830078,-5.597553253173828,FFHQ
069719,15.759626388549805,32.88779067993164,17.128164291381836,FFHQ
069719,15.759626388549805,26.588333129882812,10.828706741333008,FFHQ
069719,15.759626388549805,16.439857482910156,0.6802310943603516,FFHQ
069719,15.759626388549805,21.365474700927734,5.60584831237793,FFHQ
069719,15.759626388549805,17.89255714416504,2.1329307556152344,FFHQ
050349,6.447969913482666,7.305752277374268,0.8577823638916016,FFHQ
050349,6.447969913482666,6.272017955780029,-0.17595195770263672,FFHQ
050349,6.447969913482666,9.477899551391602,3.0299296379089355,FFHQ
050349,6.447969913482666,6.725208282470703,0.2772383689880371,FFHQ
050349,6.447969913482666,8.294727325439453,1.846757411956787,FFHQ
027876,5.933438777923584,7.8646464347839355,1.9312076568603516,FFHQ
027876,5.933438777923584,11.876888275146484,5.9434494972229,FFHQ
027876,5.933438777923584,6.353188991546631,0.4197502136230469,FFHQ
027876,5.933438777923584,7.672476291656494,1.7390375137329102,FFHQ
027876,5.933438777923584,6.7372870445251465,0.8038482666015625,FFHQ
008327,38.01164245605469,22.72437286376953,-15.287269592285156,FFHQ
008327,38.01164245605469,29.21843147277832,-8.793210983276367,FFHQ
008327,38.01164245605469,37.60778045654297,-0.40386199951171875,FFHQ
008327,38.01164245605469,28.949106216430664,-9.062536239624023,FFHQ
008327,38.01164245605469,20.3873233795166,-17.624319076538086,FFHQ
054796,60.90095520019531,28.899938583374023,-32.00101661682129,FFHQ
054796,60.90095520019531,34.49122619628906,-26.40972900390625,FFHQ
054796,60.90095520019531,44.943058013916016,-15.957897186279297,FFHQ
054796,60.90095520019531,46.494144439697266,-14.406810760498047,FFHQ
054796,60.90095520019531,45.89725112915039,-15.003704071044922,FFHQ
037102,24.1536865234375,27.890552520751953,3.736865997314453,FFHQ
037102,24.1536865234375,28.197607040405273,4.043920516967773,FFHQ
037102,24.1536865234375,25.980690002441406,1.8270034790039062,FFHQ
037102,24.1536865234375,18.53612518310547,-5.617561340332031,FFHQ
037102,24.1536865234375,19.49540901184082,-4.65827751159668,FFHQ
012609,80.19487762451172,14.03341293334961,-66.16146469116211,FFHQ
012609,80.19487762451172,13.938512802124023,-66.2563648223877,FFHQ
012609,80.19487762451172,7.247683048248291,-72.94719457626343,FFHQ
012609,80.19487762451172,16.073612213134766,-64.12126541137695,FFHQ
012609,80.19487762451172,11.175168991088867,-69.01970863342285,FFHQ
006614,6.612172603607178,9.600133895874023,2.9879612922668457,FFHQ
006614,6.612172603607178,12.692535400390625,6.080362796783447,FFHQ
006614,6.612172603607178,12.925853729248047,6.313681125640869,FFHQ
006614,6.612172603607178,9.939582824707031,3.3274102210998535,FFHQ
006614,6.612172603607178,11.716201782226562,5.104029178619385,FFHQ
028147,41.620052337646484,24.8099365234375,-16.810115814208984,FFHQ
028147,41.620052337646484,23.293840408325195,-18.32621192932129,FFHQ
028147,41.620052337646484,20.402301788330078,-21.217750549316406,FFHQ
028147,41.620052337646484,26.318161010742188,-15.301891326904297,FFHQ
028147,41.620052337646484,23.084365844726562,-18.535686492919922,FFHQ
013456,47.597679138183594,48.784767150878906,1.1870880126953125,FFHQ
013456,47.597679138183594,48.31976318359375,0.7220840454101562,FFHQ
013456,47.597679138183594,54.2387809753418,6.641101837158203,FFHQ
013456,47.597679138183594,39.549190521240234,-8.04848861694336,FFHQ
013456,47.597679138183594,48.83631134033203,1.2386322021484375,FFHQ
059227,2.5893356800079346,5.273448944091797,2.6841132640838623,FFHQ
059227,2.5893356800079346,4.76763916015625,2.1783034801483154,FFHQ
059227,2.5893356800079346,3.4352622032165527,0.8459265232086182,FFHQ
059227,2.5893356800079346,4.936232566833496,2.3468968868255615,FFHQ
059227,2.5893356800079346,4.183708190917969,1.5943725109100342,FFHQ
000698,46.77285385131836,44.79995346069336,-1.972900390625,FFHQ
000698,46.77285385131836,44.431739807128906,-2.341114044189453,FFHQ
000698,46.77285385131836,48.74595260620117,1.9730987548828125,FFHQ
000698,46.77285385131836,45.84037780761719,-0.9324760437011719,FFHQ
000698,46.77285385131836,48.914649963378906,2.141796112060547,FFHQ
065975,35.1404914855957,23.053192138671875,-12.087299346923828,FFHQ
065975,35.1404914855957,22.62905502319336,-12.511436462402344,FFHQ
065975,35.1404914855957,17.298572540283203,-17.8419189453125,FFHQ
065975,35.1404914855957,21.465023040771484,-13.675468444824219,FFHQ
065975,35.1404914855957,15.526853561401367,-19.613637924194336,FFHQ
061824,49.51404571533203,36.89643859863281,-12.617607116699219,FFHQ
061824,49.51404571533203,18.93096160888672,-30.583084106445312,FFHQ
061824,49.51404571533203,19.542659759521484,-29.971385955810547,FFHQ
061824,49.51404571533203,27.925975799560547,-21.588069915771484,FFHQ
061824,49.51404571533203,9.663660049438477,-39.850385665893555,FFHQ
052709,19.1474609375,16.048200607299805,-3.0992603302001953,FFHQ
052709,19.1474609375,11.429306030273438,-7.7181549072265625,FFHQ
052709,19.1474609375,10.792274475097656,-8.355186462402344,FFHQ
052709,19.1474609375,13.940189361572266,-5.207271575927734,FFHQ
052709,19.1474609375,15.193435668945312,-3.9540252685546875,FFHQ
000731,76.13162994384766,60.28575134277344,-15.845878601074219,FFHQ
000731,76.13162994384766,59.53654098510742,-16.595088958740234,FFHQ
000731,76.13162994384766,58.60388946533203,-17.527740478515625,FFHQ
000731,76.13162994384766,64.57395935058594,-11.557670593261719,FFHQ
000731,76.13162994384766,60.55322265625,-15.578407287597656,FFHQ
005368,25.440750122070312,20.74753189086914,-4.693218231201172,FFHQ
005368,25.440750122070312,22.75873374938965,-2.682016372680664,FFHQ
005368,25.440750122070312,24.16497802734375,-1.2757720947265625,FFHQ
005368,25.440750122070312,24.141971588134766,-1.2987785339355469,FFHQ
005368,25.440750122070312,23.37241554260254,-2.0683345794677734,FFHQ
001277,24.10346221923828,21.645111083984375,-2.4583511352539062,FFHQ
001277,24.10346221923828,17.85467529296875,-6.248786926269531,FFHQ
001277,24.10346221923828,20.064611434936523,-4.038850784301758,FFHQ
001277,24.10346221923828,21.98992919921875,-2.1135330200195312,FFHQ
001277,24.10346221923828,19.63235092163086,-4.471111297607422,FFHQ
009062,69.37174224853516,37.30638885498047,-32.06535339355469,FFHQ
009062,69.37174224853516,46.367671966552734,-23.004070281982422,FFHQ
009062,69.37174224853516,27.407901763916016,-41.96384048461914,FFHQ
009062,69.37174224853516,35.482452392578125,-33.88928985595703,FFHQ
009062,69.37174224853516,35.824798583984375,-33.54694366455078,FFHQ
059561,35.64847183227539,38.07695770263672,2.428485870361328,FFHQ
059561,35.64847183227539,39.65422821044922,4.005756378173828,FFHQ
059561,35.64847183227539,27.114398956298828,-8.534072875976562,FFHQ
059561,35.64847183227539,31.294631958007812,-4.353839874267578,FFHQ
059561,35.64847183227539,42.61017608642578,6.961704254150391,FFHQ
008697,18.575889587402344,21.274988174438477,2.699098587036133,FFHQ
008697,18.575889587402344,22.197111129760742,3.6212215423583984,FFHQ
008697,18.575889587402344,22.479324340820312,3.9034347534179688,FFHQ
008697,18.575889587402344,21.069385528564453,2.4934959411621094,FFHQ
008697,18.575889587402344,23.09943199157715,4.523542404174805,FFHQ
038341,53.03416061401367,54.18063735961914,1.1464767456054688,FFHQ
038341,53.03416061401367,34.20064163208008,-18.833518981933594,FFHQ
038341,53.03416061401367,64.26293182373047,11.228771209716797,FFHQ
038341,53.03416061401367,52.79297637939453,-0.24118423461914062,FFHQ
038341,53.03416061401367,60.38060760498047,7.346446990966797,FFHQ
010623,15.775060653686523,26.79296875,11.017908096313477,FFHQ
010623,15.775060653686523,25.28803825378418,9.512977600097656,FFHQ
010623,15.775060653686523,16.32282257080078,0.5477619171142578,FFHQ
010623,15.775060653686523,18.160625457763672,2.3855648040771484,FFHQ
010623,15.775060653686523,18.207077026367188,2.432016372680664,FFHQ
045613,52.20463562011719,33.72483825683594,-18.47979736328125,FFHQ
045613,52.20463562011719,49.76456069946289,-2.440074920654297,FFHQ
045613,52.20463562011719,38.505462646484375,-13.699172973632812,FFHQ
045613,52.20463562011719,15.179262161254883,-37.025373458862305,FFHQ
045613,52.20463562011719,35.26763916015625,-16.936996459960938,FFHQ
069738,40.63567352294922,36.142860412597656,-4.4928131103515625,FFHQ
069738,40.63567352294922,17.249692916870117,-23.3859806060791,FFHQ
069738,40.63567352294922,36.166595458984375,-4.469078063964844,FFHQ
069738,40.63567352294922,31.60918426513672,-9.0264892578125,FFHQ
069738,40.63567352294922,15.555206298828125,-25.080467224121094,FFHQ
012833,19.78009033203125,15.494976043701172,-4.285114288330078,FFHQ
012833,19.78009033203125,17.107675552368164,-2.672414779663086,FFHQ
012833,19.78009033203125,16.12696075439453,-3.6531295776367188,FFHQ
012833,19.78009033203125,16.47702407836914,-3.3030662536621094,FFHQ
012833,19.78009033203125,20.77658462524414,0.9964942932128906,FFHQ
047530,15.732213973999023,19.655033111572266,3.922819137573242,FFHQ
047530,15.732213973999023,23.06731414794922,7.335100173950195,FFHQ
047530,15.732213973999023,32.043922424316406,16.311708450317383,FFHQ
047530,15.732213973999023,33.66862487792969,17.936410903930664,FFHQ
047530,15.732213973999023,13.816156387329102,-1.9160575866699219,FFHQ
015490,38.41210174560547,12.117105484008789,-26.29499626159668,FFHQ
015490,38.41210174560547,18.624317169189453,-19.787784576416016,FFHQ
015490,38.41210174560547,27.147296905517578,-11.26480484008789,FFHQ
015490,38.41210174560547,13.38459587097168,-25.02750587463379,FFHQ
015490,38.41210174560547,13.700368881225586,-24.711732864379883,FFHQ
057104,47.29075622558594,27.826902389526367,-19.46385383605957,FFHQ
057104,47.29075622558594,26.718263626098633,-20.572492599487305,FFHQ
057104,47.29075622558594,23.238473892211914,-24.052282333374023,FFHQ
057104,47.29075622558594,19.80120849609375,-27.489547729492188,FFHQ
057104,47.29075622558594,29.905765533447266,-17.384990692138672,FFHQ
011403,13.954599380493164,13.940235137939453,-0.014364242553710938,FFHQ
011403,13.954599380493164,15.846429824829102,1.8918304443359375,FFHQ
011403,13.954599380493164,17.428707122802734,3.4741077423095703,FFHQ
011403,13.954599380493164,12.614818572998047,-1.3397808074951172,FFHQ
011403,13.954599380493164,16.199617385864258,2.2450180053710938,FFHQ
067340,2.333587169647217,24.247108459472656,21.91352128982544,FFHQ
067340,2.333587169647217,41.23948669433594,38.90589952468872,FFHQ
067340,2.333587169647217,8.191255569458008,5.857668399810791,FFHQ
067340,2.333587169647217,7.324305534362793,4.990718364715576,FFHQ
067340,2.333587169647217,10.492773056030273,8.159185886383057,FFHQ
034176,49.694313049316406,25.983516693115234,-23.710796356201172,FFHQ
034176,49.694313049316406,5.980525970458984,-43.71378707885742,FFHQ
034176,49.694313049316406,21.67084503173828,-28.023468017578125,FFHQ
034176,49.694313049316406,17.32270050048828,-32.371612548828125,FFHQ
034176,49.694313049316406,17.0172119140625,-32.677101135253906,FFHQ
058307,21.23221206665039,31.370494842529297,10.138282775878906,FFHQ
058307,21.23221206665039,16.259546279907227,-4.972665786743164,FFHQ
058307,21.23221206665039,19.07848358154297,-2.153728485107422,FFHQ
058307,21.23221206665039,19.166759490966797,-2.0654525756835938,FFHQ
058307,21.23221206665039,21.059619903564453,-0.1725921630859375,FFHQ
051625,38.177886962890625,17.499534606933594,-20.67835235595703,FFHQ
051625,38.177886962890625,27.84933090209961,-10.328556060791016,FFHQ
051625,38.177886962890625,40.325164794921875,2.14727783203125,FFHQ
051625,38.177886962890625,39.433815002441406,1.2559280395507812,FFHQ
051625,38.177886962890625,43.45627212524414,5.278385162353516,FFHQ
069676,17.225513458251953,36.59864807128906,19.37313461303711,FFHQ
069676,17.225513458251953,28.761009216308594,11.53549575805664,FFHQ
069676,17.225513458251953,50.61578369140625,33.3902702331543,FFHQ
069676,17.225513458251953,37.90614700317383,20.680633544921875,FFHQ
069676,17.225513458251953,43.8229866027832,26.59747314453125,FFHQ
019376,16.656614303588867,15.700288772583008,-0.9563255310058594,FFHQ
019376,16.656614303588867,16.796371459960938,0.1397571563720703,FFHQ
019376,16.656614303588867,15.213907241821289,-1.4427070617675781,FFHQ
019376,16.656614303588867,12.351398468017578,-4.305215835571289,FFHQ
019376,16.656614303588867,14.66720962524414,-1.9894046783447266,FFHQ
015425,11.169950485229492,11.720218658447266,0.5502681732177734,FFHQ
015425,11.169950485229492,8.680322647094727,-2.4896278381347656,FFHQ
015425,11.169950485229492,9.690467834472656,-1.479482650756836,FFHQ
015425,11.169950485229492,10.438623428344727,-0.7313270568847656,FFHQ
015425,11.169950485229492,11.55511474609375,0.3851642608642578,FFHQ
058490,3.5110325813293457,19.262073516845703,15.751040935516357,FFHQ
058490,3.5110325813293457,10.689254760742188,7.178222179412842,FFHQ
058490,3.5110325813293457,9.294353485107422,5.783320903778076,FFHQ
058490,3.5110325813293457,15.849464416503906,12.33843183517456,FFHQ
058490,3.5110325813293457,30.841535568237305,27.33050298690796,FFHQ
048093,59.16181564331055,54.199562072753906,-4.962253570556641,FFHQ
048093,59.16181564331055,48.666038513183594,-10.495777130126953,FFHQ
048093,59.16181564331055,49.88935852050781,-9.272457122802734,FFHQ
048093,59.16181564331055,35.60700607299805,-23.5548095703125,FFHQ
048093,59.16181564331055,49.732181549072266,-9.429634094238281,FFHQ
035557,60.94346618652344,39.94361114501953,-20.999855041503906,FFHQ
035557,60.94346618652344,16.400930404663086,-44.54253578186035,FFHQ
035557,60.94346618652344,13.939781188964844,-47.003684997558594,FFHQ
035557,60.94346618652344,12.268867492675781,-48.674598693847656,FFHQ
035557,60.94346618652344,39.83893585205078,-21.104530334472656,FFHQ
058852,20.543746948242188,16.199556350708008,-4.34419059753418,FFHQ
058852,20.543746948242188,14.173612594604492,-6.370134353637695,FFHQ
058852,20.543746948242188,15.867624282836914,-4.676122665405273,FFHQ
058852,20.543746948242188,15.970663070678711,-4.573083877563477,FFHQ
058852,20.543746948242188,14.876241683959961,-5.667505264282227,FFHQ
049792,14.784210205078125,47.342586517333984,32.55837631225586,FFHQ
049792,14.784210205078125,27.869014739990234,13.08480453491211,FFHQ
049792,14.784210205078125,13.017019271850586,-1.767190933227539,FFHQ
049792,14.784210205078125,17.920381546020508,3.136171340942383,FFHQ
049792,14.784210205078125,25.154102325439453,10.369892120361328,FFHQ
021660,20.018390655517578,19.986717224121094,-0.031673431396484375,FFHQ
021660,20.018390655517578,20.464027404785156,0.4456367492675781,FFHQ
021660,20.018390655517578,20.542705535888672,0.5243148803710938,FFHQ
021660,20.018390655517578,20.17583465576172,0.15744400024414062,FFHQ
021660,20.018390655517578,19.552392959594727,-0.46599769592285156,FFHQ
019697,15.814693450927734,49.657318115234375,33.84262466430664,FFHQ
019697,15.814693450927734,15.791938781738281,-0.022754669189453125,FFHQ
019697,15.814693450927734,18.12549591064453,2.310802459716797,FFHQ
019697,15.814693450927734,11.913955688476562,-3.900737762451172,FFHQ
019697,15.814693450927734,23.344242095947266,7.529548645019531,FFHQ
023311,32.24089813232422,27.46106719970703,-4.7798309326171875,FFHQ
023311,32.24089813232422,26.947656631469727,-5.293241500854492,FFHQ
023311,32.24089813232422,27.034404754638672,-5.206493377685547,FFHQ
023311,32.24089813232422,32.208351135253906,-0.0325469970703125,FFHQ
023311,32.24089813232422,23.675556182861328,-8.56534194946289,FFHQ
003380,16.13462257385254,26.26688003540039,10.132257461547852,FFHQ
003380,16.13462257385254,19.887840270996094,3.7532176971435547,FFHQ
003380,16.13462257385254,18.593570709228516,2.4589481353759766,FFHQ
003380,16.13462257385254,15.343734741210938,-0.7908878326416016,FFHQ
003380,16.13462257385254,14.663908004760742,-1.4707145690917969,FFHQ
038229,15.616231918334961,21.256101608276367,5.639869689941406,FFHQ
038229,15.616231918334961,19.262805938720703,3.646574020385742,FFHQ
038229,15.616231918334961,21.795902252197266,6.179670333862305,FFHQ
038229,15.616231918334961,19.347312927246094,3.731081008911133,FFHQ
038229,15.616231918334961,22.1894474029541,6.573215484619141,FFHQ
069190,62.081787109375,50.222320556640625,-11.859466552734375,FFHQ
069190,62.081787109375,44.6024055480957,-17.479381561279297,FFHQ
069190,62.081787109375,44.288028717041016,-17.793758392333984,FFHQ
069190,62.081787109375,50.86750030517578,-11.214286804199219,FFHQ
069190,62.081787109375,37.94678497314453,-24.13500213623047,FFHQ
045065,51.70440673828125,42.79594039916992,-8.908466339111328,FFHQ
045065,51.70440673828125,50.89212417602539,-0.8122825622558594,FFHQ
045065,51.70440673828125,34.68864822387695,-17.015758514404297,FFHQ
045065,51.70440673828125,41.379608154296875,-10.324798583984375,FFHQ
045065,51.70440673828125,30.137102127075195,-21.567304611206055,FFHQ
022711,27.675996780395508,24.75278091430664,-2.923215866088867,FFHQ
022711,27.675996780395508,34.348419189453125,6.672422409057617,FFHQ
022711,27.675996780395508,18.44940757751465,-9.22658920288086,FFHQ
022711,27.675996780395508,21.894081115722656,-5.781915664672852,FFHQ
022711,27.675996780395508,17.06986427307129,-10.606132507324219,FFHQ
001556,43.063232421875,33.470802307128906,-9.592430114746094,FFHQ
001556,43.063232421875,34.22982406616211,-8.83340835571289,FFHQ
001556,43.063232421875,16.067184448242188,-26.996047973632812,FFHQ
001556,43.063232421875,17.1459903717041,-25.9172420501709,FFHQ
001556,43.063232421875,20.70530128479004,-22.35793113708496,FFHQ
049396,79.64830780029297,24.454631805419922,-55.19367599487305,FFHQ
049396,79.64830780029297,44.784332275390625,-34.863975524902344,FFHQ
049396,79.64830780029297,33.0786247253418,-46.56968307495117,FFHQ
049396,79.64830780029297,31.49334716796875,-48.15496063232422,FFHQ
049396,79.64830780029297,13.519449234008789,-66.12885856628418,FFHQ
005064,43.285282135009766,27.006834030151367,-16.2784481048584,FFHQ
005064,43.285282135009766,31.923866271972656,-11.36141586303711,FFHQ
005064,43.285282135009766,27.567256927490234,-15.718025207519531,FFHQ
005064,43.285282135009766,30.21033477783203,-13.074947357177734,FFHQ
005064,43.285282135009766,26.680484771728516,-16.60479736328125,FFHQ
023953,28.226207733154297,30.12737274169922,1.9011650085449219,FFHQ
023953,28.226207733154297,29.30176544189453,1.0755577087402344,FFHQ
023953,28.226207733154297,30.413650512695312,2.1874427795410156,FFHQ
023953,28.226207733154297,28.613311767578125,0.3871040344238281,FFHQ
023953,28.226207733154297,28.57714080810547,0.3509330749511719,FFHQ
013242,40.222198486328125,27.528812408447266,-12.69338607788086,FFHQ
013242,40.222198486328125,23.92289924621582,-16.299299240112305,FFHQ
013242,40.222198486328125,24.16009521484375,-16.062103271484375,FFHQ
013242,40.222198486328125,23.72663116455078,-16.495567321777344,FFHQ
013242,40.222198486328125,24.341358184814453,-15.880840301513672,FFHQ
067726,23.4978084564209,22.473350524902344,-1.0244579315185547,FFHQ
067726,23.4978084564209,22.8564453125,-0.6413631439208984,FFHQ
067726,23.4978084564209,22.533519744873047,-0.9642887115478516,FFHQ
067726,23.4978084564209,22.294017791748047,-1.2037906646728516,FFHQ
067726,23.4978084564209,21.5037784576416,-1.9940299987792969,FFHQ
059309,31.011672973632812,25.85430145263672,-5.157371520996094,FFHQ
059309,31.011672973632812,33.25489807128906,2.24322509765625,FFHQ
059309,31.011672973632812,27.84972381591797,-3.1619491577148438,FFHQ
059309,31.011672973632812,37.0184440612793,6.006771087646484,FFHQ
059309,31.011672973632812,25.955188751220703,-5.056484222412109,FFHQ
011680,38.388790130615234,33.0601921081543,-5.3285980224609375,FFHQ
011680,38.388790130615234,32.94963073730469,-5.439159393310547,FFHQ
011680,38.388790130615234,31.23834991455078,-7.150440216064453,FFHQ
011680,38.388790130615234,27.998207092285156,-10.390583038330078,FFHQ
011680,38.388790130615234,31.085981369018555,-7.30280876159668,FFHQ
064855,16.653289794921875,25.033706665039062,8.380416870117188,FFHQ
064855,16.653289794921875,23.29473876953125,6.641448974609375,FFHQ
064855,16.653289794921875,17.741100311279297,1.0878105163574219,FFHQ
064855,16.653289794921875,25.265338897705078,8.612049102783203,FFHQ
064855,16.653289794921875,22.93603515625,6.282745361328125,FFHQ
002655,40.17707061767578,25.086593627929688,-15.090476989746094,FFHQ
002655,40.17707061767578,7.957819938659668,-32.21925067901611,FFHQ
002655,40.17707061767578,9.773326873779297,-30.403743743896484,FFHQ
002655,40.17707061767578,6.855737686157227,-33.321332931518555,FFHQ
002655,40.17707061767578,9.104726791381836,-31.072343826293945,FFHQ
066978,38.756492614746094,49.988861083984375,11.232368469238281,FFHQ
066978,38.756492614746094,41.525146484375,2.7686538696289062,FFHQ
066978,38.756492614746094,52.080291748046875,13.323799133300781,FFHQ
066978,38.756492614746094,43.92600631713867,5.169513702392578,FFHQ
066978,38.756492614746094,28.833553314208984,-9.92293930053711,FFHQ
050594,16.888572692871094,54.62145233154297,37.732879638671875,FFHQ
050594,16.888572692871094,43.7459602355957,26.85738754272461,FFHQ
050594,16.888572692871094,37.01502227783203,20.126449584960938,FFHQ
050594,16.888572692871094,46.20966339111328,29.321090698242188,FFHQ
050594,16.888572692871094,46.854366302490234,29.96579360961914,FFHQ
003131,43.39093780517578,32.916748046875,-10.474189758300781,FFHQ
003131,43.39093780517578,44.08851623535156,0.6975784301757812,FFHQ
003131,43.39093780517578,40.853153228759766,-2.5377845764160156,FFHQ
003131,43.39093780517578,22.643016815185547,-20.747920989990234,FFHQ
003131,43.39093780517578,29.76386260986328,-13.6270751953125,FFHQ
044541,38.432586669921875,34.12548065185547,-4.307106018066406,FFHQ
044541,38.432586669921875,29.746665954589844,-8.685920715332031,FFHQ
044541,38.432586669921875,32.941490173339844,-5.491096496582031,FFHQ
044541,38.432586669921875,31.271602630615234,-7.160984039306641,FFHQ
044541,38.432586669921875,27.83980941772461,-10.592777252197266,FFHQ
052266,19.130477905273438,19.960750579833984,0.8302726745605469,FFHQ
052266,19.130477905273438,20.67652130126953,1.5460433959960938,FFHQ
052266,19.130477905273438,17.889144897460938,-1.2413330078125,FFHQ
052266,19.130477905273438,18.05430030822754,-1.0761775970458984,FFHQ
052266,19.130477905273438,16.822813034057617,-2.3076648712158203,FFHQ
020222,17.425445556640625,24.77060317993164,7.345157623291016,FFHQ
020222,17.425445556640625,25.28254508972168,7.857099533081055,FFHQ
020222,17.425445556640625,24.528121948242188,7.1026763916015625,FFHQ
020222,17.425445556640625,25.226802825927734,7.801357269287109,FFHQ
020222,17.425445556640625,24.064674377441406,6.639228820800781,FFHQ
038500,27.917152404785156,23.676198959350586,-4.24095344543457,FFHQ
038500,27.917152404785156,29.91439437866211,1.9972419738769531,FFHQ
038500,27.917152404785156,26.984210968017578,-0.9329414367675781,FFHQ
038500,27.917152404785156,29.338335037231445,1.421182632446289,FFHQ
038500,27.917152404785156,22.548547744750977,-5.36860466003418,FFHQ
045738,79.06656646728516,53.808616638183594,-25.257949829101562,FFHQ
045738,79.06656646728516,51.064857482910156,-28.001708984375,FFHQ
045738,79.06656646728516,54.395042419433594,-24.671524047851562,FFHQ
045738,79.06656646728516,51.79111862182617,-27.275447845458984,FFHQ
045738,79.06656646728516,42.624855041503906,-36.44171142578125,FFHQ
022678,79.6366195678711,60.08819580078125,-19.548423767089844,FFHQ
022678,79.6366195678711,55.65155029296875,-23.985069274902344,FFHQ
022678,79.6366195678711,60.733238220214844,-18.90338134765625,FFHQ
022678,79.6366195678711,61.96376037597656,-17.67285919189453,FFHQ
022678,79.6366195678711,53.511409759521484,-26.12520980834961,FFHQ
003746,28.74559783935547,29.710697174072266,0.9650993347167969,FFHQ
003746,28.74559783935547,25.539215087890625,-3.2063827514648438,FFHQ
003746,28.74559783935547,24.020917892456055,-4.724679946899414,FFHQ
003746,28.74559783935547,31.761817932128906,3.0162200927734375,FFHQ
003746,28.74559783935547,23.657764434814453,-5.087833404541016,FFHQ
046940,18.177494049072266,16.575124740600586,-1.6023693084716797,FFHQ
046940,18.177494049072266,18.360733032226562,0.18323898315429688,FFHQ
046940,18.177494049072266,35.6563720703125,17.478878021240234,FFHQ
046940,18.177494049072266,12.769899368286133,-5.407594680786133,FFHQ
046940,18.177494049072266,18.418766021728516,0.24127197265625,FFHQ
031452,60.285648345947266,8.643867492675781,-51.641780853271484,FFHQ
031452,60.285648345947266,10.745744705200195,-49.53990364074707,FFHQ
031452,60.285648345947266,30.23786163330078,-30.047786712646484,FFHQ
031452,60.285648345947266,46.643009185791016,-13.64263916015625,FFHQ
031452,60.285648345947266,10.981012344360352,-49.304636001586914,FFHQ
034073,48.6326904296875,33.89396667480469,-14.738723754882812,FFHQ
034073,48.6326904296875,28.273862838745117,-20.358827590942383,FFHQ
034073,48.6326904296875,22.06595230102539,-26.56673812866211,FFHQ
034073,48.6326904296875,44.081687927246094,-4.551002502441406,FFHQ
034073,48.6326904296875,46.0448112487793,-2.587879180908203,FFHQ
057435,23.63715171813965,19.28240966796875,-4.354742050170898,FFHQ
057435,23.63715171813965,23.349964141845703,-0.2871875762939453,FFHQ
057435,23.63715171813965,24.21700096130371,0.5798492431640625,FFHQ
057435,23.63715171813965,26.612903594970703,2.9757518768310547,FFHQ
057435,23.63715171813965,18.987194061279297,-4.649957656860352,FFHQ
057943,10.09648323059082,30.05657958984375,19.96009635925293,FFHQ
057943,10.09648323059082,11.40656852722168,1.3100852966308594,FFHQ
057943,10.09648323059082,15.327747344970703,5.231264114379883,FFHQ
057943,10.09648323059082,26.43368911743164,16.33720588684082,FFHQ
057943,10.09648323059082,15.461917877197266,5.365434646606445,FFHQ
061606,5.628933429718018,6.019317626953125,0.3903841972351074,FFHQ
061606,5.628933429718018,6.436730861663818,0.8077974319458008,FFHQ
061606,5.628933429718018,7.874141216278076,2.2452077865600586,FFHQ
061606,5.628933429718018,5.044805526733398,-0.5841279029846191,FFHQ
061606,5.628933429718018,6.451516628265381,0.8225831985473633,FFHQ
037761,20.50482177734375,21.000463485717773,0.49564170837402344,FFHQ
037761,20.50482177734375,10.821161270141602,-9.683660507202148,FFHQ
037761,20.50482177734375,9.048065185546875,-11.456756591796875,FFHQ
037761,20.50482177734375,14.187850952148438,-6.3169708251953125,FFHQ
037761,20.50482177734375,20.078628540039062,-0.4261932373046875,FFHQ
039577,50.58686065673828,17.9798583984375,-32.60700225830078,FFHQ
039577,50.58686065673828,45.06151580810547,-5.5253448486328125,FFHQ
039577,50.58686065673828,11.714515686035156,-38.872344970703125,FFHQ
039577,50.58686065673828,22.516319274902344,-28.070541381835938,FFHQ
039577,50.58686065673828,32.342105865478516,-18.244754791259766,FFHQ
056442,20.589303970336914,21.03797149658203,0.4486675262451172,FFHQ
056442,20.589303970336914,22.166732788085938,1.5774288177490234,FFHQ
056442,20.589303970336914,24.82093048095703,4.231626510620117,FFHQ
056442,20.589303970336914,24.18240737915039,3.5931034088134766,FFHQ
056442,20.589303970336914,22.31230354309082,1.7229995727539062,FFHQ
059099,22.1590576171875,24.897777557373047,2.738719940185547,FFHQ
059099,22.1590576171875,18.771167755126953,-3.387889862060547,FFHQ
059099,22.1590576171875,23.956684112548828,1.7976264953613281,FFHQ
059099,22.1590576171875,20.32721519470215,-1.8318424224853516,FFHQ
059099,22.1590576171875,25.065643310546875,2.906585693359375,FFHQ
012517,28.72850799560547,33.77678298950195,5.048274993896484,FFHQ
012517,28.72850799560547,24.35436248779297,-4.3741455078125,FFHQ
012517,28.72850799560547,27.44440460205078,-1.2841033935546875,FFHQ
012517,28.72850799560547,27.899478912353516,-0.8290290832519531,FFHQ
012517,28.72850799560547,39.053916931152344,10.325408935546875,FFHQ
021489,7.6474385261535645,15.054780960083008,7.407342433929443,FFHQ
021489,7.6474385261535645,9.476909637451172,1.8294711112976074,FFHQ
021489,7.6474385261535645,13.854562759399414,6.20712423324585,FFHQ
021489,7.6474385261535645,12.349292755126953,4.701854228973389,FFHQ
021489,7.6474385261535645,11.529306411743164,3.8818678855895996,FFHQ
062345,4.417806625366211,9.425933837890625,5.008127212524414,FFHQ
062345,4.417806625366211,6.46034049987793,2.0425338745117188,FFHQ
062345,4.417806625366211,5.3200836181640625,0.9022769927978516,FFHQ
062345,4.417806625366211,4.760038375854492,0.34223175048828125,FFHQ
062345,4.417806625366211,7.681225299835205,3.263418674468994,FFHQ
022206,48.62370300292969,10.493934631347656,-38.12976837158203,FFHQ
022206,48.62370300292969,26.98761558532715,-21.63608741760254,FFHQ
022206,48.62370300292969,27.490163803100586,-21.1335391998291,FFHQ
022206,48.62370300292969,25.944602966308594,-22.679100036621094,FFHQ
022206,48.62370300292969,11.428997039794922,-37.194705963134766,FFHQ
021938,27.82903480529785,43.21819305419922,15.389158248901367,FFHQ
021938,27.82903480529785,21.547595977783203,-6.281438827514648,FFHQ
021938,27.82903480529785,14.036724090576172,-13.79231071472168,FFHQ
021938,27.82903480529785,12.179080963134766,-15.649953842163086,FFHQ
021938,27.82903480529785,13.7867431640625,-14.042291641235352,FFHQ
015503,61.38227081298828,52.45133972167969,-8.930931091308594,FFHQ
015503,61.38227081298828,47.5275993347168,-13.854671478271484,FFHQ
015503,61.38227081298828,45.405250549316406,-15.977020263671875,FFHQ
015503,61.38227081298828,37.373634338378906,-24.008636474609375,FFHQ
015503,61.38227081298828,42.209617614746094,-19.172653198242188,FFHQ
008208,20.152450561523438,19.814075469970703,-0.3383750915527344,FFHQ
008208,20.152450561523438,20.45683479309082,0.3043842315673828,FFHQ
008208,20.152450561523438,27.909320831298828,7.756870269775391,FFHQ
008208,20.152450561523438,16.665321350097656,-3.4871292114257812,FFHQ
008208,20.152450561523438,14.576654434204102,-5.575796127319336,FFHQ
042310,14.805591583251953,16.86058807373047,2.0549964904785156,FFHQ
042310,14.805591583251953,18.607585906982422,3.8019943237304688,FFHQ
042310,14.805591583251953,14.384178161621094,-0.4214134216308594,FFHQ
042310,14.805591583251953,19.330020904541016,4.5244293212890625,FFHQ
042310,14.805591583251953,22.651668548583984,7.846076965332031,FFHQ
018704,8.650142669677734,21.067455291748047,12.417312622070312,FFHQ
018704,8.650142669677734,20.343791961669922,11.693649291992188,FFHQ
018704,8.650142669677734,18.275859832763672,9.625717163085938,FFHQ
018704,8.650142669677734,29.468746185302734,20.818603515625,FFHQ
018704,8.650142669677734,14.5494384765625,5.899295806884766,FFHQ
030294,18.3901309967041,22.47757339477539,4.087442398071289,FFHQ
030294,18.3901309967041,17.668119430541992,-0.7220115661621094,FFHQ
030294,18.3901309967041,18.822677612304688,0.43254661560058594,FFHQ
030294,18.3901309967041,19.703948974609375,1.3138179779052734,FFHQ
030294,18.3901309967041,19.786588668823242,1.3964576721191406,FFHQ
021903,2.4820449352264404,4.778701305389404,2.296656370162964,FFHQ
021903,2.4820449352264404,5.3139190673828125,2.831874132156372,FFHQ
021903,2.4820449352264404,5.646960258483887,3.1649153232574463,FFHQ
021903,2.4820449352264404,4.439871788024902,1.957826852798462,FFHQ
021903,2.4820449352264404,5.930274486541748,3.4482295513153076,FFHQ
047051,50.68853759765625,13.360658645629883,-37.32787895202637,FFHQ
047051,50.68853759765625,22.248241424560547,-28.440296173095703,FFHQ
047051,50.68853759765625,12.09695053100586,-38.59158706665039,FFHQ
047051,50.68853759765625,20.493438720703125,-30.195098876953125,FFHQ
047051,50.68853759765625,23.839082717895508,-26.849454879760742,FFHQ
011829,63.2119026184082,53.01964569091797,-10.192256927490234,FFHQ
011829,63.2119026184082,49.83562088012695,-13.37628173828125,FFHQ
011829,63.2119026184082,51.64061737060547,-11.571285247802734,FFHQ
011829,63.2119026184082,54.98270034790039,-8.229202270507812,FFHQ
011829,63.2119026184082,49.86613464355469,-13.345767974853516,FFHQ
041250,29.25543212890625,25.95583152770996,-3.299600601196289,FFHQ
041250,29.25543212890625,33.43659591674805,4.181163787841797,FFHQ
041250,29.25543212890625,28.51926040649414,-0.7361717224121094,FFHQ
041250,29.25543212890625,29.091552734375,-0.16387939453125,FFHQ
041250,29.25543212890625,41.08604431152344,11.830612182617188,FFHQ
045582,19.860185623168945,20.370452880859375,0.5102672576904297,FFHQ
045582,19.860185623168945,16.325817108154297,-3.5343685150146484,FFHQ
045582,19.860185623168945,16.473814010620117,-3.386371612548828,FFHQ
045582,19.860185623168945,18.568498611450195,-1.29168701171875,FFHQ
045582,19.860185623168945,15.199424743652344,-4.660760879516602,FFHQ
029092,28.528335571289062,25.514448165893555,-3.013887405395508,FFHQ
029092,28.528335571289062,26.242591857910156,-2.2857437133789062,FFHQ
029092,28.528335571289062,34.49161148071289,5.963275909423828,FFHQ
029092,28.528335571289062,25.23185157775879,-3.2964839935302734,FFHQ
029092,28.528335571289062,16.031356811523438,-12.496978759765625,FFHQ
052941,17.841144561767578,11.54437255859375,-6.296772003173828,FFHQ
052941,17.841144561767578,10.916200637817383,-6.924943923950195,FFHQ
052941,17.841144561767578,15.119182586669922,-2.7219619750976562,FFHQ
052941,17.841144561767578,12.320228576660156,-5.520915985107422,FFHQ
052941,17.841144561767578,11.586963653564453,-6.254180908203125,FFHQ
055894,36.567283630371094,16.166526794433594,-20.4007568359375,FFHQ
055894,36.567283630371094,21.04991912841797,-15.517364501953125,FFHQ
055894,36.567283630371094,18.30999755859375,-18.257286071777344,FFHQ
055894,36.567283630371094,7.921453952789307,-28.645829677581787,FFHQ
055894,36.567283630371094,12.950332641601562,-23.61695098876953,FFHQ
028991,2.8386757373809814,4.971656799316406,2.132981061935425,FFHQ
028991,2.8386757373809814,3.713621139526367,0.8749454021453857,FFHQ
028991,2.8386757373809814,5.197553634643555,2.3588778972625732,FFHQ
028991,2.8386757373809814,4.631110191345215,1.7924344539642334,FFHQ
028991,2.8386757373809814,6.305436134338379,3.4667603969573975,FFHQ
007672,39.79294204711914,27.831172943115234,-11.961769104003906,FFHQ
007672,39.79294204711914,36.39064025878906,-3.402301788330078,FFHQ
007672,39.79294204711914,42.10063934326172,2.307697296142578,FFHQ
007672,39.79294204711914,24.12535285949707,-15.66758918762207,FFHQ
007672,39.79294204711914,17.66405487060547,-22.128887176513672,FFHQ
055778,42.17604064941406,45.86670684814453,3.6906661987304688,FFHQ
055778,42.17604064941406,31.486408233642578,-10.689632415771484,FFHQ
055778,42.17604064941406,36.83186340332031,-5.34417724609375,FFHQ
055778,42.17604064941406,41.79821014404297,-0.37783050537109375,FFHQ
055778,42.17604064941406,30.955358505249023,-11.220682144165039,FFHQ
023998,1.6651872396469116,2.780056953430176,1.1148697137832642,FFHQ
023998,1.6651872396469116,34.3220329284668,32.656845688819885,FFHQ
023998,1.6651872396469116,9.070560455322266,7.405373215675354,FFHQ
023998,1.6651872396469116,4.182747840881348,2.517560601234436,FFHQ
023998,1.6651872396469116,4.210039138793945,2.5448518991470337,FFHQ
025615,18.78842544555664,39.91834259033203,21.12991714477539,FFHQ
025615,18.78842544555664,23.49341583251953,4.704990386962891,FFHQ
025615,18.78842544555664,17.983333587646484,-0.8050918579101562,FFHQ
025615,18.78842544555664,31.54806137084961,12.759635925292969,FFHQ
025615,18.78842544555664,21.96453857421875,3.1761131286621094,FFHQ
032798,44.58415985107422,25.293094635009766,-19.291065216064453,FFHQ
032798,44.58415985107422,24.178661346435547,-20.405498504638672,FFHQ
032798,44.58415985107422,23.000049591064453,-21.584110260009766,FFHQ
032798,44.58415985107422,26.168270111083984,-18.415889739990234,FFHQ
032798,44.58415985107422,30.457277297973633,-14.126882553100586,FFHQ
024631,47.88066864013672,34.07567596435547,-13.80499267578125,FFHQ
024631,47.88066864013672,44.170692443847656,-3.7099761962890625,FFHQ
024631,47.88066864013672,23.009241104125977,-24.871427536010742,FFHQ
024631,47.88066864013672,38.11766815185547,-9.76300048828125,FFHQ
024631,47.88066864013672,15.341594696044922,-32.5390739440918,FFHQ
064030,41.36768341064453,34.92631912231445,-6.441364288330078,FFHQ
064030,41.36768341064453,27.826936721801758,-13.540746688842773,FFHQ
064030,41.36768341064453,40.64332580566406,-0.7243576049804688,FFHQ
064030,41.36768341064453,37.46454620361328,-3.90313720703125,FFHQ
064030,41.36768341064453,29.574180603027344,-11.793502807617188,FFHQ
021540,9.923179626464844,12.431955337524414,2.5087757110595703,FFHQ
021540,9.923179626464844,11.748727798461914,1.8255481719970703,FFHQ
021540,9.923179626464844,10.051481246948242,0.12830162048339844,FFHQ
021540,9.923179626464844,10.682197570800781,0.7590179443359375,FFHQ
021540,9.923179626464844,12.932510375976562,3.0093307495117188,FFHQ
015303,19.663875579833984,19.804210662841797,0.1403350830078125,FFHQ
015303,19.663875579833984,13.577142715454102,-6.086732864379883,FFHQ
015303,19.663875579833984,18.846235275268555,-0.8176403045654297,FFHQ
015303,19.663875579833984,18.14748764038086,-1.516387939453125,FFHQ
015303,19.663875579833984,18.26995277404785,-1.3939228057861328,FFHQ
068546,61.572357177734375,54.44660186767578,-7.125755310058594,FFHQ
068546,61.572357177734375,64.75484466552734,3.1824874877929688,FFHQ
068546,61.572357177734375,56.24599838256836,-5.326358795166016,FFHQ
068546,61.572357177734375,57.942874908447266,-3.6294822692871094,FFHQ
068546,61.572357177734375,54.568782806396484,-7.003574371337891,FFHQ
000760,30.896005630493164,23.123138427734375,-7.772867202758789,FFHQ
000760,30.896005630493164,21.440959930419922,-9.455045700073242,FFHQ
000760,30.896005630493164,26.015281677246094,-4.88072395324707,FFHQ
000760,30.896005630493164,23.318191528320312,-7.577814102172852,FFHQ
000760,30.896005630493164,19.70571517944336,-11.190290451049805,FFHQ
012998,17.120325088500977,29.282291412353516,12.161966323852539,FFHQ
012998,17.120325088500977,21.01259994506836,3.892274856567383,FFHQ
012998,17.120325088500977,17.154199600219727,0.03387451171875,FFHQ
012998,17.120325088500977,18.743183135986328,1.6228580474853516,FFHQ
012998,17.120325088500977,25.72557258605957,8.605247497558594,FFHQ
042396,20.71883773803711,24.368396759033203,3.6495590209960938,FFHQ
042396,20.71883773803711,19.563125610351562,-1.1557121276855469,FFHQ
042396,20.71883773803711,20.395782470703125,-0.3230552673339844,FFHQ
042396,20.71883773803711,17.639358520507812,-3.079479217529297,FFHQ
042396,20.71883773803711,16.838289260864258,-3.8805484771728516,FFHQ
048519,48.1734733581543,15.921710968017578,-32.25176239013672,FFHQ
048519,48.1734733581543,13.875633239746094,-34.2978401184082,FFHQ
048519,48.1734733581543,14.113298416137695,-34.0601749420166,FFHQ
048519,48.1734733581543,14.422018051147461,-33.751455307006836,FFHQ
048519,48.1734733581543,14.393465042114258,-33.78000831604004,FFHQ
030146,53.35091781616211,11.056188583374023,-42.294729232788086,FFHQ
030146,53.35091781616211,6.404064178466797,-46.94685363769531,FFHQ
030146,53.35091781616211,7.725503444671631,-45.62541437149048,FFHQ
030146,53.35091781616211,20.521835327148438,-32.82908248901367,FFHQ
030146,53.35091781616211,11.98153305053711,-41.369384765625,FFHQ
045059,52.794036865234375,42.27490997314453,-10.519126892089844,FFHQ
045059,52.794036865234375,31.781986236572266,-21.01205062866211,FFHQ
045059,52.794036865234375,35.92938232421875,-16.864654541015625,FFHQ
045059,52.794036865234375,33.4712028503418,-19.322834014892578,FFHQ
045059,52.794036865234375,40.176910400390625,-12.61712646484375,FFHQ
030152,20.146997451782227,23.463960647583008,3.3169631958007812,FFHQ
030152,20.146997451782227,22.248260498046875,2.1012630462646484,FFHQ
030152,20.146997451782227,21.911842346191406,1.7648448944091797,FFHQ
030152,20.146997451782227,21.418487548828125,1.2714900970458984,FFHQ
030152,20.146997451782227,18.69487953186035,-1.452117919921875,FFHQ
001873,11.046049118041992,12.676488876342773,1.6304397583007812,FFHQ
001873,11.046049118041992,15.687536239624023,4.641487121582031,FFHQ
001873,11.046049118041992,17.131502151489258,6.085453033447266,FFHQ
001873,11.046049118041992,12.760997772216797,1.7149486541748047,FFHQ
001873,11.046049118041992,14.154582977294922,3.1085338592529297,FFHQ
029019,28.199342727661133,27.393726348876953,-0.8056163787841797,FFHQ
029019,28.199342727661133,47.09626770019531,18.89692497253418,FFHQ
029019,28.199342727661133,35.61210250854492,7.412759780883789,FFHQ
029019,28.199342727661133,34.174713134765625,5.975370407104492,FFHQ
029019,28.199342727661133,53.673240661621094,25.47389793395996,FFHQ
023897,65.12300109863281,56.26508331298828,-8.857917785644531,FFHQ
023897,65.12300109863281,39.45063781738281,-25.67236328125,FFHQ
023897,65.12300109863281,44.167633056640625,-20.955368041992188,FFHQ
023897,65.12300109863281,36.36103057861328,-28.76197052001953,FFHQ
023897,65.12300109863281,33.71749496459961,-31.405506134033203,FFHQ
069642,11.06649398803711,24.8536319732666,13.787137985229492,FFHQ
069642,11.06649398803711,18.517520904541016,7.451026916503906,FFHQ
069642,11.06649398803711,20.37995147705078,9.313457489013672,FFHQ
069642,11.06649398803711,16.105268478393555,5.038774490356445,FFHQ
069642,11.06649398803711,18.875911712646484,7.809417724609375,FFHQ
042964,15.530622482299805,42.540489196777344,27.00986671447754,FFHQ
042964,15.530622482299805,19.765031814575195,4.234409332275391,FFHQ
042964,15.530622482299805,20.918001174926758,5.387378692626953,FFHQ
042964,15.530622482299805,22.392860412597656,6.862237930297852,FFHQ
042964,15.530622482299805,17.533626556396484,2.0030040740966797,FFHQ
042395,58.361907958984375,47.127105712890625,-11.23480224609375,FFHQ
042395,58.361907958984375,42.01404571533203,-16.347862243652344,FFHQ
042395,58.361907958984375,50.4951057434082,-7.866802215576172,FFHQ
042395,58.361907958984375,45.82726287841797,-12.534645080566406,FFHQ
042395,58.361907958984375,49.887718200683594,-8.474189758300781,FFHQ
008685,51.13624572753906,21.376937866210938,-29.759307861328125,FFHQ
008685,51.13624572753906,20.29214859008789,-30.844097137451172,FFHQ
008685,51.13624572753906,17.15764617919922,-33.978599548339844,FFHQ
008685,51.13624572753906,19.0616397857666,-32.07460594177246,FFHQ
008685,51.13624572753906,20.296958923339844,-30.83928680419922,FFHQ
000823,30.108070373535156,12.62668228149414,-17.481388092041016,FFHQ
000823,30.108070373535156,21.989418029785156,-8.11865234375,FFHQ
000823,30.108070373535156,13.747970581054688,-16.36009979248047,FFHQ
000823,30.108070373535156,22.906108856201172,-7.201961517333984,FFHQ
000823,30.108070373535156,24.632661819458008,-5.475408554077148,FFHQ
050909,53.85028839111328,58.102386474609375,4.252098083496094,FFHQ
050909,53.85028839111328,54.784820556640625,0.9345321655273438,FFHQ
050909,53.85028839111328,54.15607452392578,0.3057861328125,FFHQ
050909,53.85028839111328,52.644981384277344,-1.2053070068359375,FFHQ
050909,53.85028839111328,54.52779006958008,0.6775016784667969,FFHQ
033154,24.714832305908203,16.735036849975586,-7.979795455932617,FFHQ
033154,24.714832305908203,28.402116775512695,3.687284469604492,FFHQ
033154,24.714832305908203,42.14507293701172,17.430240631103516,FFHQ
033154,24.714832305908203,17.43829345703125,-7.276538848876953,FFHQ
033154,24.714832305908203,42.761863708496094,18.04703140258789,FFHQ
039728,10.004449844360352,19.745849609375,9.741399765014648,FFHQ
039728,10.004449844360352,19.318634033203125,9.314184188842773,FFHQ
039728,10.004449844360352,19.679676055908203,9.675226211547852,FFHQ
039728,10.004449844360352,17.464614868164062,7.460165023803711,FFHQ
039728,10.004449844360352,15.58637809753418,5.581928253173828,FFHQ
044053,33.66362762451172,21.696949005126953,-11.966678619384766,FFHQ
044053,33.66362762451172,47.41720199584961,13.75357437133789,FFHQ
044053,33.66362762451172,19.182388305664062,-14.481239318847656,FFHQ
044053,33.66362762451172,36.9873161315918,3.323688507080078,FFHQ
044053,33.66362762451172,24.256183624267578,-9.40744400024414,FFHQ
050037,32.87994384765625,32.822505950927734,-0.057437896728515625,FFHQ
050037,32.87994384765625,53.95530319213867,21.075359344482422,FFHQ
050037,32.87994384765625,40.31910705566406,7.4391632080078125,FFHQ
050037,32.87994384765625,49.025108337402344,16.145164489746094,FFHQ
050037,32.87994384765625,43.98621368408203,11.106269836425781,FFHQ
005276,10.823686599731445,16.82424545288086,6.000558853149414,FFHQ
005276,10.823686599731445,17.368345260620117,6.544658660888672,FFHQ
005276,10.823686599731445,13.546424865722656,2.722738265991211,FFHQ
005276,10.823686599731445,11.10664176940918,0.2829551696777344,FFHQ
005276,10.823686599731445,8.31769847869873,-2.505988121032715,FFHQ
033056,17.973154067993164,19.26996612548828,1.2968120574951172,FFHQ
033056,17.973154067993164,16.377456665039062,-1.5956974029541016,FFHQ
033056,17.973154067993164,18.440296173095703,0.46714210510253906,FFHQ
033056,17.973154067993164,17.38939666748047,-0.5837574005126953,FFHQ
033056,17.973154067993164,16.87370491027832,-1.0994491577148438,FFHQ
049970,14.901039123535156,19.97573471069336,5.074695587158203,FFHQ
049970,14.901039123535156,13.722265243530273,-1.1787738800048828,FFHQ
049970,14.901039123535156,18.59302520751953,3.691986083984375,FFHQ
049970,14.901039123535156,17.554914474487305,2.6538753509521484,FFHQ
049970,14.901039123535156,20.518905639648438,5.617866516113281,FFHQ
055605,14.38231086730957,20.858306884765625,6.475996017456055,FFHQ
055605,14.38231086730957,23.911170959472656,9.528860092163086,FFHQ
055605,14.38231086730957,23.566837310791016,9.184526443481445,FFHQ
055605,14.38231086730957,17.44143295288086,3.059122085571289,FFHQ
055605,14.38231086730957,19.078102111816406,4.695791244506836,FFHQ
020340,1.8571522235870361,8.598014831542969,6.740862607955933,FFHQ
020340,1.8571522235870361,6.9447431564331055,5.087590932846069,FFHQ
020340,1.8571522235870361,4.272966384887695,2.415814161300659,FFHQ
020340,1.8571522235870361,5.2071757316589355,3.3500235080718994,FFHQ
020340,1.8571522235870361,5.911381244659424,4.054229021072388,FFHQ
026670,29.53969955444336,29.553834915161133,0.014135360717773438,FFHQ
026670,29.53969955444336,28.613569259643555,-0.9261302947998047,FFHQ
026670,29.53969955444336,28.149595260620117,-1.3901042938232422,FFHQ
026670,29.53969955444336,27.870803833007812,-1.6688957214355469,FFHQ
026670,29.53969955444336,27.939952850341797,-1.5997467041015625,FFHQ
013529,18.670677185058594,38.951690673828125,20.28101348876953,FFHQ
013529,18.670677185058594,33.80461120605469,15.133934020996094,FFHQ
013529,18.670677185058594,23.854585647583008,5.183908462524414,FFHQ
013529,18.670677185058594,28.67076873779297,10.000091552734375,FFHQ
013529,18.670677185058594,33.189361572265625,14.518684387207031,FFHQ
051009,17.379053115844727,15.864072799682617,-1.5149803161621094,FFHQ
051009,17.379053115844727,16.675880432128906,-0.7031726837158203,FFHQ
051009,17.379053115844727,17.325841903686523,-0.053211212158203125,FFHQ
051009,17.379053115844727,16.97049331665039,-0.40855979919433594,FFHQ
051009,17.379053115844727,17.671857833862305,0.2928047180175781,FFHQ
057404,40.72845458984375,10.23727798461914,-30.49117660522461,FFHQ
057404,40.72845458984375,16.34598731994629,-24.38246726989746,FFHQ
057404,40.72845458984375,21.332603454589844,-19.395851135253906,FFHQ
057404,40.72845458984375,8.834674835205078,-31.893779754638672,FFHQ
057404,40.72845458984375,11.290407180786133,-29.438047409057617,FFHQ
000555,15.998977661132812,48.41658020019531,32.4176025390625,FFHQ
000555,15.998977661132812,15.858179092407227,-0.14079856872558594,FFHQ
000555,15.998977661132812,16.97700309753418,0.9780254364013672,FFHQ
000555,15.998977661132812,14.365238189697266,-1.6337394714355469,FFHQ
000555,15.998977661132812,13.185188293457031,-2.8137893676757812,FFHQ
053209,37.081947326660156,42.05052185058594,4.968574523925781,FFHQ
053209,37.081947326660156,39.65909194946289,2.5771446228027344,FFHQ
053209,37.081947326660156,42.66201400756836,5.580066680908203,FFHQ
053209,37.081947326660156,31.76880645751953,-5.313140869140625,FFHQ
053209,37.081947326660156,16.36034393310547,-20.721603393554688,FFHQ
013874,13.491512298583984,26.149038314819336,12.657526016235352,FFHQ
013874,13.491512298583984,16.039045333862305,2.5475330352783203,FFHQ
013874,13.491512298583984,36.44367599487305,22.952163696289062,FFHQ
013874,13.491512298583984,42.38983917236328,28.898326873779297,FFHQ
013874,13.491512298583984,19.89285659790039,6.401344299316406,FFHQ
039811,46.98458480834961,25.19061851501465,-21.79396629333496,FFHQ
039811,46.98458480834961,41.12031555175781,-5.864269256591797,FFHQ
039811,46.98458480834961,28.611083984375,-18.37350082397461,FFHQ
039811,46.98458480834961,26.002201080322266,-20.982383728027344,FFHQ
039811,46.98458480834961,21.163000106811523,-25.821584701538086,FFHQ
041471,25.264856338500977,14.915510177612305,-10.349346160888672,FFHQ
041471,25.264856338500977,14.241180419921875,-11.023675918579102,FFHQ
041471,25.264856338500977,17.325063705444336,-7.939792633056641,FFHQ
041471,25.264856338500977,10.59495735168457,-14.669898986816406,FFHQ
041471,25.264856338500977,17.502552032470703,-7.762304306030273,FFHQ
014125,12.798036575317383,12.660253524780273,-0.13778305053710938,FFHQ
014125,12.798036575317383,10.097129821777344,-2.700906753540039,FFHQ
014125,12.798036575317383,10.132722854614258,-2.665313720703125,FFHQ
014125,12.798036575317383,13.095510482788086,0.2974739074707031,FFHQ
014125,12.798036575317383,10.910566329956055,-1.8874702453613281,FFHQ
001152,4.685578346252441,6.3732686042785645,1.687690258026123,FFHQ
001152,4.685578346252441,7.258181095123291,2.5726027488708496,FFHQ
001152,4.685578346252441,7.019323825836182,2.3337454795837402,FFHQ
001152,4.685578346252441,8.12429428100586,3.438715934753418,FFHQ
001152,4.685578346252441,7.647749423980713,2.9621710777282715,FFHQ
057981,3.3106913566589355,8.651668548583984,5.340977191925049,FFHQ
057981,3.3106913566589355,9.184196472167969,5.873505115509033,FFHQ
057981,3.3106913566589355,4.860922813415527,1.5502314567565918,FFHQ
057981,3.3106913566589355,4.857654571533203,1.5469632148742676,FFHQ
057981,3.3106913566589355,5.065807342529297,1.7551159858703613,FFHQ
038612,17.294858932495117,30.154504776000977,12.85964584350586,FFHQ
038612,17.294858932495117,16.992033004760742,-0.302825927734375,FFHQ
038612,17.294858932495117,15.649654388427734,-1.6452045440673828,FFHQ
038612,17.294858932495117,10.864952087402344,-6.429906845092773,FFHQ
038612,17.294858932495117,18.631362915039062,1.3365039825439453,FFHQ
003443,37.89325714111328,21.677947998046875,-16.215309143066406,FFHQ
003443,37.89325714111328,25.180095672607422,-12.71316146850586,FFHQ
003443,37.89325714111328,10.067546844482422,-27.82571029663086,FFHQ
003443,37.89325714111328,16.310710906982422,-21.58254623413086,FFHQ
003443,37.89325714111328,15.346078872680664,-22.547178268432617,FFHQ
010578,6.592817306518555,14.357074737548828,7.764257431030273,FFHQ
010578,6.592817306518555,9.36491584777832,2.7720985412597656,FFHQ
010578,6.592817306518555,9.218807220458984,2.6259899139404297,FFHQ
010578,6.592817306518555,9.62917709350586,3.0363597869873047,FFHQ
010578,6.592817306518555,7.433039665222168,0.8402223587036133,FFHQ
009914,9.914201736450195,21.7168025970459,11.802600860595703,FFHQ
009914,9.914201736450195,15.534645080566406,5.620443344116211,FFHQ
009914,9.914201736450195,9.305103302001953,-0.6090984344482422,FFHQ
009914,9.914201736450195,8.632442474365234,-1.281759262084961,FFHQ
009914,9.914201736450195,11.381994247436523,1.4677925109863281,FFHQ
019172,21.860502243041992,21.615446090698242,-0.24505615234375,FFHQ
019172,21.860502243041992,21.56881332397461,-0.2916889190673828,FFHQ
019172,21.860502243041992,22.06119155883789,0.20068931579589844,FFHQ
019172,21.860502243041992,22.361011505126953,0.5005092620849609,FFHQ
019172,21.860502243041992,22.038681030273438,0.1781787872314453,FFHQ
012317,7.257277965545654,9.621818542480469,2.3645405769348145,FFHQ
012317,7.257277965545654,7.187743663787842,-0.0695343017578125,FFHQ
012317,7.257277965545654,7.397607326507568,0.14032936096191406,FFHQ
012317,7.257277965545654,7.078704357147217,-0.1785736083984375,FFHQ
012317,7.257277965545654,10.549468994140625,3.2921910285949707,FFHQ
042250,31.666030883789062,23.040542602539062,-8.62548828125,FFHQ
042250,31.666030883789062,19.104257583618164,-12.561773300170898,FFHQ
042250,31.666030883789062,21.538818359375,-10.127212524414062,FFHQ
042250,31.666030883789062,15.208343505859375,-16.457687377929688,FFHQ
042250,31.666030883789062,23.112308502197266,-8.553722381591797,FFHQ
053168,29.56252670288086,29.620769500732422,0.0582427978515625,FFHQ
053168,29.56252670288086,46.383277893066406,16.820751190185547,FFHQ
053168,29.56252670288086,38.86542510986328,9.302898406982422,FFHQ
053168,29.56252670288086,37.796775817871094,8.234249114990234,FFHQ
053168,29.56252670288086,40.67304229736328,11.110515594482422,FFHQ
054218,16.325037002563477,22.590036392211914,6.2649993896484375,FFHQ
054218,16.325037002563477,24.559040069580078,8.234003067016602,FFHQ
054218,16.325037002563477,20.77779769897461,4.452760696411133,FFHQ
054218,16.325037002563477,23.05329704284668,6.728260040283203,FFHQ
054218,16.325037002563477,21.66386604309082,5.338829040527344,FFHQ
049872,57.28514099121094,45.982032775878906,-11.303108215332031,FFHQ
049872,57.28514099121094,45.42890930175781,-11.856231689453125,FFHQ
049872,57.28514099121094,36.428955078125,-20.856185913085938,FFHQ
049872,57.28514099121094,13.393779754638672,-43.891361236572266,FFHQ
049872,57.28514099121094,41.129905700683594,-16.155235290527344,FFHQ
056778,59.705780029296875,37.009666442871094,-22.69611358642578,FFHQ
056778,59.705780029296875,25.553634643554688,-34.15214538574219,FFHQ
056778,59.705780029296875,13.666196823120117,-46.03958320617676,FFHQ
056778,59.705780029296875,22.064788818359375,-37.6409912109375,FFHQ
056778,59.705780029296875,46.756465911865234,-12.94931411743164,FFHQ
000073,18.503643035888672,34.00771713256836,15.504074096679688,FFHQ
000073,18.503643035888672,17.30886459350586,-1.1947784423828125,FFHQ
000073,18.503643035888672,22.373401641845703,3.8697586059570312,FFHQ
000073,18.503643035888672,18.549482345581055,0.04583930969238281,FFHQ
000073,18.503643035888672,17.273252487182617,-1.2303905487060547,FFHQ
041540,41.97352600097656,46.176082611083984,4.202556610107422,FFHQ
041540,41.97352600097656,38.395362854003906,-3.5781631469726562,FFHQ
041540,41.97352600097656,19.876419067382812,-22.09710693359375,FFHQ
041540,41.97352600097656,26.457365036010742,-15.51616096496582,FFHQ
041540,41.97352600097656,40.30237579345703,-1.6711502075195312,FFHQ
024445,22.83805274963379,28.661251068115234,5.823198318481445,FFHQ
024445,22.83805274963379,28.375770568847656,5.537717819213867,FFHQ
024445,22.83805274963379,26.36301612854004,3.52496337890625,FFHQ
024445,22.83805274963379,34.84159851074219,12.003545761108398,FFHQ
024445,22.83805274963379,28.615020751953125,5.776968002319336,FFHQ
055570,20.60955810546875,15.674095153808594,-4.935462951660156,FFHQ
055570,20.60955810546875,16.192459106445312,-4.4170989990234375,FFHQ
055570,20.60955810546875,11.99321174621582,-8.61634635925293,FFHQ
055570,20.60955810546875,18.507160186767578,-2.102397918701172,FFHQ
055570,20.60955810546875,15.766860961914062,-4.8426971435546875,FFHQ
038717,42.0513916015625,26.630146026611328,-15.421245574951172,FFHQ
038717,42.0513916015625,25.08068084716797,-16.97071075439453,FFHQ
038717,42.0513916015625,19.306053161621094,-22.745338439941406,FFHQ
038717,42.0513916015625,28.104389190673828,-13.947002410888672,FFHQ
038717,42.0513916015625,18.122974395751953,-23.928417205810547,FFHQ
016852,56.271278381347656,39.571800231933594,-16.699478149414062,FFHQ
016852,56.271278381347656,29.349491119384766,-26.92178726196289,FFHQ
016852,56.271278381347656,28.12986183166504,-28.141416549682617,FFHQ
016852,56.271278381347656,19.268274307250977,-37.00300407409668,FFHQ
016852,56.271278381347656,45.71492004394531,-10.556358337402344,FFHQ
006203,4.576906681060791,6.553567409515381,1.9766607284545898,FFHQ
006203,4.576906681060791,5.699105739593506,1.1221990585327148,FFHQ
006203,4.576906681060791,5.462591171264648,0.8856844902038574,FFHQ
006203,4.576906681060791,3.689833164215088,-0.8870735168457031,FFHQ
006203,4.576906681060791,6.876132011413574,2.299225330352783,FFHQ
004123,45.08033752441406,46.4348258972168,1.3544883728027344,FFHQ
004123,45.08033752441406,43.14986801147461,-1.9304695129394531,FFHQ
004123,45.08033752441406,30.5052490234375,-14.575088500976562,FFHQ
004123,45.08033752441406,40.51064682006836,-4.569690704345703,FFHQ
004123,45.08033752441406,32.78951644897461,-12.290821075439453,FFHQ
005655,22.46240997314453,21.969188690185547,-0.4932212829589844,FFHQ
005655,22.46240997314453,17.678905487060547,-4.783504486083984,FFHQ
005655,22.46240997314453,19.00606918334961,-3.456340789794922,FFHQ
005655,22.46240997314453,16.447669982910156,-6.014739990234375,FFHQ
005655,22.46240997314453,17.838977813720703,-4.623432159423828,FFHQ
063905,14.733726501464844,25.231307983398438,10.497581481933594,FFHQ
063905,14.733726501464844,27.480194091796875,12.746467590332031,FFHQ
063905,14.733726501464844,25.82729148864746,11.093564987182617,FFHQ
063905,14.733726501464844,30.01268768310547,15.278961181640625,FFHQ
063905,14.733726501464844,22.869401931762695,8.135675430297852,FFHQ
055460,3.4880261421203613,7.53908109664917,4.051054954528809,FFHQ
055460,3.4880261421203613,14.855461120605469,11.367434978485107,FFHQ
055460,3.4880261421203613,8.037141799926758,4.5491156578063965,FFHQ
055460,3.4880261421203613,13.852392196655273,10.364366054534912,FFHQ
055460,3.4880261421203613,10.165504455566406,6.677478313446045,FFHQ
014739,34.473201751708984,20.659713745117188,-13.813488006591797,FFHQ
014739,34.473201751708984,19.30208969116211,-15.171112060546875,FFHQ
014739,34.473201751708984,11.437925338745117,-23.035276412963867,FFHQ
014739,34.473201751708984,18.714920043945312,-15.758281707763672,FFHQ
014739,34.473201751708984,13.761445999145508,-20.711755752563477,FFHQ
065550,40.50508499145508,37.28266906738281,-3.2224159240722656,FFHQ
065550,40.50508499145508,29.915193557739258,-10.58989143371582,FFHQ
065550,40.50508499145508,39.61158752441406,-0.8934974670410156,FFHQ
065550,40.50508499145508,39.829750061035156,-0.6753349304199219,FFHQ
065550,40.50508499145508,36.003196716308594,-4.501888275146484,FFHQ
000006,50.677223205566406,44.74610137939453,-5.931121826171875,FFHQ
000006,50.677223205566406,53.172210693359375,2.4949874877929688,FFHQ
000006,50.677223205566406,6.900572776794434,-43.77665042877197,FFHQ
000006,50.677223205566406,8.317938804626465,-42.35928440093994,FFHQ
000006,50.677223205566406,20.908178329467773,-29.769044876098633,FFHQ
012294,54.34395980834961,42.93976593017578,-11.404193878173828,FFHQ
012294,54.34395980834961,56.86820983886719,2.524250030517578,FFHQ
012294,54.34395980834961,39.80431365966797,-14.53964614868164,FFHQ
012294,54.34395980834961,50.25560760498047,-4.088352203369141,FFHQ
012294,54.34395980834961,44.36701583862305,-9.976943969726562,FFHQ
058567,14.62657356262207,48.936363220214844,34.30978965759277,FFHQ
058567,14.62657356262207,38.447349548339844,23.820775985717773,FFHQ
058567,14.62657356262207,20.693424224853516,6.066850662231445,FFHQ
058567,14.62657356262207,24.505107879638672,9.878534317016602,FFHQ
058567,14.62657356262207,17.30979347229004,2.6832199096679688,FFHQ
066784,6.0530219078063965,14.930839538574219,8.877817630767822,FFHQ
066784,6.0530219078063965,11.805818557739258,5.752796649932861,FFHQ
066784,6.0530219078063965,10.865203857421875,4.8121819496154785,FFHQ
066784,6.0530219078063965,12.01222038269043,5.959198474884033,FFHQ
066784,6.0530219078063965,10.579353332519531,4.526331424713135,FFHQ
042240,35.0826416015625,27.067760467529297,-8.014881134033203,FFHQ
042240,35.0826416015625,20.928447723388672,-14.154193878173828,FFHQ
042240,35.0826416015625,28.49614715576172,-6.586494445800781,FFHQ
042240,35.0826416015625,26.981918334960938,-8.100723266601562,FFHQ
042240,35.0826416015625,26.512765884399414,-8.569875717163086,FFHQ
024051,1.3967031240463257,5.894489765167236,4.497786641120911,FFHQ
024051,1.3967031240463257,4.058891773223877,2.6621886491775513,FFHQ
024051,1.3967031240463257,4.158473014831543,2.7617698907852173,FFHQ
024051,1.3967031240463257,3.796112537384033,2.3994094133377075,FFHQ
024051,1.3967031240463257,2.929928779602051,1.533225655555725,FFHQ
024628,13.546308517456055,13.697578430175781,0.15126991271972656,FFHQ
024628,13.546308517456055,10.05373764038086,-3.4925708770751953,FFHQ
024628,13.546308517456055,14.812019348144531,1.2657108306884766,FFHQ
024628,13.546308517456055,9.935050964355469,-3.611257553100586,FFHQ
024628,13.546308517456055,18.76278305053711,5.216474533081055,FFHQ
000995,54.61524963378906,40.103084564208984,-14.512165069580078,FFHQ
000995,54.61524963378906,41.87621307373047,-12.739036560058594,FFHQ
000995,54.61524963378906,52.000465393066406,-2.6147842407226562,FFHQ
000995,54.61524963378906,50.55341339111328,-4.061836242675781,FFHQ
000995,54.61524963378906,45.58519744873047,-9.030052185058594,FFHQ
012408,61.28050994873047,23.924745559692383,-37.355764389038086,FFHQ
012408,61.28050994873047,33.019317626953125,-28.261192321777344,FFHQ
012408,61.28050994873047,28.806743621826172,-32.4737663269043,FFHQ
012408,61.28050994873047,31.147850036621094,-30.132659912109375,FFHQ
012408,61.28050994873047,37.01054382324219,-24.26996612548828,FFHQ
015021,50.15224075317383,49.61646270751953,-0.5357780456542969,FFHQ
015021,50.15224075317383,53.285552978515625,3.133312225341797,FFHQ
015021,50.15224075317383,50.32465362548828,0.17241287231445312,FFHQ
015021,50.15224075317383,34.25330352783203,-15.898937225341797,FFHQ
015021,50.15224075317383,46.162113189697266,-3.9901275634765625,FFHQ
037599,40.096134185791016,34.73448944091797,-5.361644744873047,FFHQ
037599,40.096134185791016,28.479984283447266,-11.61614990234375,FFHQ
037599,40.096134185791016,28.367895126342773,-11.728239059448242,FFHQ
037599,40.096134185791016,30.676959991455078,-9.419174194335938,FFHQ
037599,40.096134185791016,31.049667358398438,-9.046466827392578,FFHQ
008524,14.389249801635742,22.674301147460938,8.285051345825195,FFHQ
008524,14.389249801635742,22.598751068115234,8.209501266479492,FFHQ
008524,14.389249801635742,23.650753021240234,9.261503219604492,FFHQ
008524,14.389249801635742,24.50029182434082,10.111042022705078,FFHQ
008524,14.389249801635742,23.91067886352539,9.521429061889648,FFHQ
018023,1.8123518228530884,2.8097901344299316,0.9974383115768433,FFHQ
018023,1.8123518228530884,2.324953079223633,0.5126012563705444,FFHQ
018023,1.8123518228530884,4.1516242027282715,2.339272379875183,FFHQ
018023,1.8123518228530884,2.478931188583374,0.6665793657302856,FFHQ
018023,1.8123518228530884,2.9701192378997803,1.157767415046692,FFHQ
010712,10.903766632080078,8.335500717163086,-2.568265914916992,FFHQ
010712,10.903766632080078,9.183303833007812,-1.7204627990722656,FFHQ
010712,10.903766632080078,50.17600631713867,39.272239685058594,FFHQ
010712,10.903766632080078,15.701597213745117,4.797830581665039,FFHQ
010712,10.903766632080078,35.26702117919922,24.36325454711914,FFHQ
066142,20.624998092651367,19.36040496826172,-1.2645931243896484,FFHQ
066142,20.624998092651367,19.463829040527344,-1.1611690521240234,FFHQ
066142,20.624998092651367,19.707454681396484,-0.9175434112548828,FFHQ
066142,20.624998092651367,15.988651275634766,-4.636346817016602,FFHQ
066142,20.624998092651367,20.86313247680664,0.23813438415527344,FFHQ
023694,29.011688232421875,12.123029708862305,-16.88865852355957,FFHQ
023694,29.011688232421875,17.367652893066406,-11.644035339355469,FFHQ
023694,29.011688232421875,15.533454895019531,-13.478233337402344,FFHQ
023694,29.011688232421875,13.96821403503418,-15.043474197387695,FFHQ
023694,29.011688232421875,16.534378051757812,-12.477310180664062,FFHQ
040480,13.453300476074219,18.623031616210938,5.169731140136719,FFHQ
040480,13.453300476074219,14.322458267211914,0.8691577911376953,FFHQ
040480,13.453300476074219,14.07663345336914,0.6233329772949219,FFHQ
040480,13.453300476074219,18.361835479736328,4.908535003662109,FFHQ
040480,13.453300476074219,17.210363388061523,3.7570629119873047,FFHQ
016789,52.40521240234375,29.995689392089844,-22.409523010253906,FFHQ
016789,52.40521240234375,16.60822105407715,-35.7969913482666,FFHQ
016789,52.40521240234375,18.931737899780273,-33.47347450256348,FFHQ
016789,52.40521240234375,20.413164138793945,-31.992048263549805,FFHQ
016789,52.40521240234375,19.91038703918457,-32.49482536315918,FFHQ
025047,37.268707275390625,17.055818557739258,-20.212888717651367,FFHQ
025047,37.268707275390625,18.79427719116211,-18.474430084228516,FFHQ
025047,37.268707275390625,18.324079513549805,-18.94462776184082,FFHQ
025047,37.268707275390625,17.00364875793457,-20.265058517456055,FFHQ
025047,37.268707275390625,17.682350158691406,-19.58635711669922,FFHQ
005386,26.965097427368164,24.11617660522461,-2.8489208221435547,FFHQ
005386,26.965097427368164,20.126773834228516,-6.838323593139648,FFHQ
005386,26.965097427368164,20.253637313842773,-6.711460113525391,FFHQ
005386,26.965097427368164,19.075788497924805,-7.889308929443359,FFHQ
005386,26.965097427368164,19.171173095703125,-7.793924331665039,FFHQ
033096,10.206377029418945,19.873584747314453,9.667207717895508,FFHQ
033096,10.206377029418945,29.868295669555664,19.66191864013672,FFHQ
033096,10.206377029418945,23.540904998779297,13.334527969360352,FFHQ
033096,10.206377029418945,18.64091682434082,8.434539794921875,FFHQ
033096,10.206377029418945,14.092283248901367,3.885906219482422,FFHQ
007348,13.928913116455078,16.98651695251465,3.0576038360595703,FFHQ
007348,13.928913116455078,17.973913192749023,4.045000076293945,FFHQ
007348,13.928913116455078,14.633108139038086,0.7041950225830078,FFHQ
007348,13.928913116455078,14.082923889160156,0.15401077270507812,FFHQ
007348,13.928913116455078,13.883626937866211,-0.04528617858886719,FFHQ
006693,27.42713165283203,21.873018264770508,-5.554113388061523,FFHQ
006693,27.42713165283203,34.98147201538086,7.554340362548828,FFHQ
006693,27.42713165283203,19.34947395324707,-8.077657699584961,FFHQ
006693,27.42713165283203,28.735227584838867,1.308095932006836,FFHQ
006693,27.42713165283203,13.641305923461914,-13.785825729370117,FFHQ
061102,21.630645751953125,33.63867950439453,12.008033752441406,FFHQ
061102,21.630645751953125,27.373737335205078,5.743091583251953,FFHQ
061102,21.630645751953125,26.257122039794922,4.626476287841797,FFHQ
061102,21.630645751953125,16.10457420349121,-5.526071548461914,FFHQ
061102,21.630645751953125,21.2888240814209,-0.34182167053222656,FFHQ
003345,56.50739288330078,55.436161041259766,-1.0712318420410156,FFHQ
003345,56.50739288330078,55.835472106933594,-0.6719207763671875,FFHQ
003345,56.50739288330078,7.354735851287842,-49.15265703201294,FFHQ
003345,56.50739288330078,17.603172302246094,-38.90422058105469,FFHQ
003345,56.50739288330078,7.480014324188232,-49.02737855911255,FFHQ
006003,45.07669448852539,8.899895668029785,-36.176798820495605,FFHQ
006003,45.07669448852539,8.02417278289795,-37.05252170562744,FFHQ
006003,45.07669448852539,6.520646095275879,-38.55604839324951,FFHQ
006003,45.07669448852539,9.398191452026367,-35.67850303649902,FFHQ
006003,45.07669448852539,6.902887344360352,-38.17380714416504,FFHQ
001403,14.488140106201172,16.48529052734375,1.9971504211425781,FFHQ
001403,14.488140106201172,20.235477447509766,5.747337341308594,FFHQ
001403,14.488140106201172,17.43712615966797,2.948986053466797,FFHQ
001403,14.488140106201172,14.503515243530273,0.015375137329101562,FFHQ
001403,14.488140106201172,17.11055564880371,2.622415542602539,FFHQ
006960,53.033809661865234,42.46001434326172,-10.573795318603516,FFHQ
006960,53.033809661865234,29.513713836669922,-23.520095825195312,FFHQ
006960,53.033809661865234,30.59531021118164,-22.438499450683594,FFHQ
006960,53.033809661865234,31.674072265625,-21.359737396240234,FFHQ
006960,53.033809661865234,31.58852767944336,-21.445281982421875,FFHQ
035120,33.97819519042969,27.36269760131836,-6.615497589111328,FFHQ
035120,33.97819519042969,19.773460388183594,-14.204734802246094,FFHQ
035120,33.97819519042969,13.43671989440918,-20.541475296020508,FFHQ
035120,33.97819519042969,16.316368103027344,-17.661827087402344,FFHQ
035120,33.97819519042969,20.651561737060547,-13.32663345336914,FFHQ
068599,20.371143341064453,18.93246841430664,-1.4386749267578125,FFHQ
068599,20.371143341064453,20.366710662841797,-0.00443267822265625,FFHQ
068599,20.371143341064453,20.682273864746094,0.3111305236816406,FFHQ
068599,20.371143341064453,21.33776092529297,0.9666175842285156,FFHQ
068599,20.371143341064453,20.316028594970703,-0.05511474609375,FFHQ
065195,11.475786209106445,19.643898010253906,8.168111801147461,FFHQ
065195,11.475786209106445,34.45048904418945,22.974702835083008,FFHQ
065195,11.475786209106445,18.194660186767578,6.718873977661133,FFHQ
065195,11.475786209106445,28.534093856811523,17.058307647705078,FFHQ
065195,11.475786209106445,18.204288482666016,6.72850227355957,FFHQ
021926,27.679176330566406,21.81154441833496,-5.867631912231445,FFHQ
021926,27.679176330566406,28.339725494384766,0.6605491638183594,FFHQ
021926,27.679176330566406,21.252294540405273,-6.426881790161133,FFHQ
021926,27.679176330566406,26.78244972229004,-0.8967266082763672,FFHQ
021926,27.679176330566406,20.45583724975586,-7.223339080810547,FFHQ
015775,45.50638198852539,16.329570770263672,-29.17681121826172,FFHQ
015775,45.50638198852539,15.813491821289062,-29.692890167236328,FFHQ
015775,45.50638198852539,9.346614837646484,-36.159767150878906,FFHQ
015775,45.50638198852539,10.545578002929688,-34.9608039855957,FFHQ
015775,45.50638198852539,21.89049530029297,-23.615886688232422,FFHQ
003393,7.737701416015625,11.059612274169922,3.321910858154297,FFHQ
003393,7.737701416015625,31.370811462402344,23.63311004638672,FFHQ
003393,7.737701416015625,20.067014694213867,12.329313278198242,FFHQ
003393,7.737701416015625,11.814598083496094,4.076896667480469,FFHQ
003393,7.737701416015625,9.95125961303711,2.2135581970214844,FFHQ
008126,58.59241485595703,47.00178146362305,-11.590633392333984,FFHQ
008126,58.59241485595703,34.908348083496094,-23.684066772460938,FFHQ
008126,58.59241485595703,43.74384307861328,-14.84857177734375,FFHQ
008126,58.59241485595703,34.900245666503906,-23.692169189453125,FFHQ
008126,58.59241485595703,32.818763732910156,-25.773651123046875,FFHQ
016471,9.709918975830078,18.91152572631836,9.201606750488281,FFHQ
016471,9.709918975830078,13.148107528686523,3.4381885528564453,FFHQ
016471,9.709918975830078,9.302878379821777,-0.4070405960083008,FFHQ
016471,9.709918975830078,18.675565719604492,8.965646743774414,FFHQ
016471,9.709918975830078,9.850902557373047,0.14098358154296875,FFHQ
027081,25.465099334716797,25.85760498046875,0.3925056457519531,FFHQ
027081,25.465099334716797,23.974077224731445,-1.4910221099853516,FFHQ
027081,25.465099334716797,28.193225860595703,2.7281265258789062,FFHQ
027081,25.465099334716797,11.02372932434082,-14.441370010375977,FFHQ
027081,25.465099334716797,29.258983612060547,3.79388427734375,FFHQ
013695,34.508880615234375,18.637046813964844,-15.871833801269531,FFHQ
013695,34.508880615234375,28.558570861816406,-5.950309753417969,FFHQ
013695,34.508880615234375,15.546966552734375,-18.9619140625,FFHQ
013695,34.508880615234375,18.712907791137695,-15.79597282409668,FFHQ
013695,34.508880615234375,29.320436477661133,-5.188444137573242,FFHQ
002062,23.054746627807617,26.610645294189453,3.555898666381836,FFHQ
002062,23.054746627807617,24.245330810546875,1.1905841827392578,FFHQ
002062,23.054746627807617,23.421375274658203,0.36662864685058594,FFHQ
002062,23.054746627807617,24.937057495117188,1.8823108673095703,FFHQ
002062,23.054746627807617,24.141361236572266,1.0866146087646484,FFHQ
025215,54.75763702392578,24.832365036010742,-29.92527198791504,FFHQ
025215,54.75763702392578,30.185815811157227,-24.571821212768555,FFHQ
025215,54.75763702392578,24.528682708740234,-30.228954315185547,FFHQ
025215,54.75763702392578,25.54418182373047,-29.213455200195312,FFHQ
025215,54.75763702392578,12.374841690063477,-42.382795333862305,FFHQ
014786,69.35758209228516,40.71521759033203,-28.642364501953125,FFHQ
014786,69.35758209228516,17.390869140625,-51.966712951660156,FFHQ
014786,69.35758209228516,27.35417938232422,-42.00340270996094,FFHQ
014786,69.35758209228516,49.24930191040039,-20.108280181884766,FFHQ
014786,69.35758209228516,19.83373260498047,-49.52384948730469,FFHQ
003847,50.27577209472656,29.183012008666992,-21.09276008605957,FFHQ
003847,50.27577209472656,40.67463302612305,-9.601139068603516,FFHQ
003847,50.27577209472656,36.03549575805664,-14.240276336669922,FFHQ
003847,50.27577209472656,33.82999038696289,-16.445781707763672,FFHQ
003847,50.27577209472656,33.678524017333984,-16.597248077392578,FFHQ
004946,45.630332946777344,26.759868621826172,-18.870464324951172,FFHQ
004946,45.630332946777344,42.948265075683594,-2.68206787109375,FFHQ
004946,45.630332946777344,32.63119125366211,-12.999141693115234,FFHQ
004946,45.630332946777344,42.215660095214844,-3.4146728515625,FFHQ
004946,45.630332946777344,13.772106170654297,-31.858226776123047,FFHQ
059126,68.82299041748047,47.979530334472656,-20.843460083007812,FFHQ
059126,68.82299041748047,8.641002655029297,-60.18198776245117,FFHQ
059126,68.82299041748047,39.349609375,-29.47338104248047,FFHQ
059126,68.82299041748047,19.381921768188477,-49.44106864929199,FFHQ
059126,68.82299041748047,25.873767852783203,-42.949222564697266,FFHQ
028884,60.978843688964844,3.6792712211608887,-57.299572467803955,FFHQ
028884,60.978843688964844,3.721858501434326,-57.25698518753052,FFHQ
028884,60.978843688964844,10.216522216796875,-50.76232147216797,FFHQ
028884,60.978843688964844,10.382974624633789,-50.595869064331055,FFHQ
028884,60.978843688964844,7.823781490325928,-53.155062198638916,FFHQ
051861,39.49650573730469,19.884693145751953,-19.611812591552734,FFHQ
051861,39.49650573730469,19.29192543029785,-20.204580307006836,FFHQ
051861,39.49650573730469,40.49615478515625,0.9996490478515625,FFHQ
051861,39.49650573730469,18.069461822509766,-21.427043914794922,FFHQ
051861,39.49650573730469,19.07822036743164,-20.418285369873047,FFHQ
036270,6.250142574310303,8.960428237915039,2.7102856636047363,FFHQ
036270,6.250142574310303,9.998031616210938,3.7478890419006348,FFHQ
036270,6.250142574310303,14.123809814453125,7.873667240142822,FFHQ
036270,6.250142574310303,11.105863571166992,4.8557209968566895,FFHQ
036270,6.250142574310303,11.649959564208984,5.399816989898682,FFHQ
057909,28.351806640625,19.524139404296875,-8.827667236328125,FFHQ
057909,28.351806640625,39.73177719116211,11.37997055053711,FFHQ
057909,28.351806640625,20.605384826660156,-7.746421813964844,FFHQ
057909,28.351806640625,14.035001754760742,-14.316804885864258,FFHQ
057909,28.351806640625,26.273235321044922,-2.078571319580078,FFHQ
052211,61.328216552734375,29.597414016723633,-31.730802536010742,FFHQ
052211,61.328216552734375,28.03006935119629,-33.298147201538086,FFHQ
052211,61.328216552734375,31.627893447875977,-29.7003231048584,FFHQ
052211,61.328216552734375,30.46087646484375,-30.867340087890625,FFHQ
052211,61.328216552734375,26.507509231567383,-34.82070732116699,FFHQ
002649,36.03078079223633,29.484508514404297,-6.546272277832031,FFHQ
002649,36.03078079223633,30.904708862304688,-5.126071929931641,FFHQ
002649,36.03078079223633,29.919185638427734,-6.111595153808594,FFHQ
002649,36.03078079223633,22.941173553466797,-13.089607238769531,FFHQ
002649,36.03078079223633,24.134307861328125,-11.896472930908203,FFHQ
049220,22.38147735595703,26.705108642578125,4.323631286621094,FFHQ
049220,22.38147735595703,23.891803741455078,1.5103263854980469,FFHQ
049220,22.38147735595703,19.114835739135742,-3.266641616821289,FFHQ
049220,22.38147735595703,19.395322799682617,-2.986154556274414,FFHQ
049220,22.38147735595703,20.089399337768555,-2.2920780181884766,FFHQ
032225,16.92494010925293,23.40035629272461,6.47541618347168,FFHQ
032225,16.92494010925293,32.70174789428711,15.77680778503418,FFHQ
032225,16.92494010925293,26.954147338867188,10.029207229614258,FFHQ
032225,16.92494010925293,33.47936248779297,16.55442237854004,FFHQ
032225,16.92494010925293,39.818885803222656,22.893945693969727,FFHQ
049264,61.205387115478516,18.927785873413086,-42.27760124206543,FFHQ
049264,61.205387115478516,16.097375869750977,-45.10801124572754,FFHQ
049264,61.205387115478516,54.66132354736328,-6.544063568115234,FFHQ
049264,61.205387115478516,46.63294219970703,-14.572444915771484,FFHQ
049264,61.205387115478516,43.26023864746094,-17.945148468017578,FFHQ
040594,2.2877197265625,3.541503429412842,1.2537837028503418,FFHQ
040594,2.2877197265625,4.274209022521973,1.9864892959594727,FFHQ
040594,2.2877197265625,7.050767421722412,4.763047695159912,FFHQ
040594,2.2877197265625,2.4742727279663086,0.1865530014038086,FFHQ
040594,2.2877197265625,2.0938472747802734,-0.19387245178222656,FFHQ
033787,69.8355712890625,64.44058990478516,-5.394981384277344,FFHQ
033787,69.8355712890625,60.971805572509766,-8.863765716552734,FFHQ
033787,69.8355712890625,59.61021423339844,-10.225357055664062,FFHQ
033787,69.8355712890625,60.336299896240234,-9.499271392822266,FFHQ
033787,69.8355712890625,58.47410583496094,-11.361465454101562,FFHQ
049747,25.067291259765625,27.609445571899414,2.542154312133789,FFHQ
049747,25.067291259765625,25.841903686523438,0.7746124267578125,FFHQ
049747,25.067291259765625,24.024124145507812,-1.0431671142578125,FFHQ
049747,25.067291259765625,25.605567932128906,0.5382766723632812,FFHQ
049747,25.067291259765625,27.311599731445312,2.2443084716796875,FFHQ
063811,36.00303649902344,15.647726058959961,-20.355310440063477,FFHQ
063811,36.00303649902344,14.726461410522461,-21.276575088500977,FFHQ
063811,36.00303649902344,19.38182830810547,-16.62120819091797,FFHQ
063811,36.00303649902344,18.455352783203125,-17.547683715820312,FFHQ
063811,36.00303649902344,22.9803466796875,-13.022689819335938,FFHQ
050412,53.3653678894043,51.490360260009766,-1.8750076293945312,FFHQ
050412,53.3653678894043,9.385469436645508,-43.97989845275879,FFHQ
050412,53.3653678894043,16.79601287841797,-36.56935501098633,FFHQ
050412,53.3653678894043,38.60743713378906,-14.757930755615234,FFHQ
050412,53.3653678894043,12.774085998535156,-40.59128189086914,FFHQ
050008,4.964735507965088,9.31381607055664,4.349080562591553,FFHQ
050008,4.964735507965088,7.240151882171631,2.275416374206543,FFHQ
050008,4.964735507965088,6.827413082122803,1.8626775741577148,FFHQ
050008,4.964735507965088,8.418338775634766,3.4536032676696777,FFHQ
050008,4.964735507965088,6.740133285522461,1.775397777557373,FFHQ
050894,13.524423599243164,36.830936431884766,23.3065128326416,FFHQ
050894,13.524423599243164,6.513540267944336,-7.010883331298828,FFHQ
050894,13.524423599243164,6.053316116333008,-7.471107482910156,FFHQ
050894,13.524423599243164,9.661775588989258,-3.8626480102539062,FFHQ
050894,13.524423599243164,8.32736587524414,-5.197057723999023,FFHQ
036623,48.15143966674805,37.40039825439453,-10.751041412353516,FFHQ
036623,48.15143966674805,31.20513916015625,-16.946300506591797,FFHQ
036623,48.15143966674805,25.739849090576172,-22.411590576171875,FFHQ
036623,48.15143966674805,31.804889678955078,-16.34654998779297,FFHQ
036623,48.15143966674805,35.17626953125,-12.975170135498047,FFHQ
026755,62.46922302246094,27.19635581970215,-35.27286720275879,FFHQ
026755,62.46922302246094,54.817955017089844,-7.651268005371094,FFHQ
026755,62.46922302246094,42.03892517089844,-20.4302978515625,FFHQ
026755,62.46922302246094,41.87195587158203,-20.597267150878906,FFHQ
026755,62.46922302246094,17.588359832763672,-44.880863189697266,FFHQ
002518,17.336381912231445,25.83833122253418,8.501949310302734,FFHQ
002518,17.336381912231445,16.263269424438477,-1.0731124877929688,FFHQ
002518,17.336381912231445,23.29457664489746,5.958194732666016,FFHQ
002518,17.336381912231445,22.31905746459961,4.982675552368164,FFHQ
002518,17.336381912231445,38.922027587890625,21.58564567565918,FFHQ
035040,10.454017639160156,18.014190673828125,7.560173034667969,FFHQ
035040,10.454017639160156,20.51703453063965,10.063016891479492,FFHQ
035040,10.454017639160156,18.673301696777344,8.219284057617188,FFHQ
035040,10.454017639160156,18.13775634765625,7.683738708496094,FFHQ
035040,10.454017639160156,17.05379295349121,6.599775314331055,FFHQ
042228,18.28046226501465,21.280452728271484,2.999990463256836,FFHQ
042228,18.28046226501465,22.21338653564453,3.932924270629883,FFHQ
042228,18.28046226501465,19.29524040222168,1.0147781372070312,FFHQ
042228,18.28046226501465,20.125728607177734,1.845266342163086,FFHQ
042228,18.28046226501465,20.479637145996094,2.1991748809814453,FFHQ
068224,17.3916015625,17.29974937438965,-0.09185218811035156,FFHQ
068224,17.3916015625,17.76771354675293,0.3761119842529297,FFHQ
068224,17.3916015625,15.235116958618164,-2.156484603881836,FFHQ
068224,17.3916015625,14.07583999633789,-3.3157615661621094,FFHQ
068224,17.3916015625,12.1614990234375,-5.2301025390625,FFHQ
009101,23.110740661621094,25.84918785095215,2.7384471893310547,FFHQ
009101,23.110740661621094,28.485309600830078,5.374568939208984,FFHQ
009101,23.110740661621094,29.957164764404297,6.846424102783203,FFHQ
009101,23.110740661621094,27.650442123413086,4.539701461791992,FFHQ
009101,23.110740661621094,22.729616165161133,-0.38112449645996094,FFHQ
059936,21.009010314941406,21.736709594726562,0.7276992797851562,FFHQ
059936,21.009010314941406,23.10148048400879,2.092470169067383,FFHQ
059936,21.009010314941406,16.60489845275879,-4.404111862182617,FFHQ
059936,21.009010314941406,18.298072814941406,-2.7109375,FFHQ
059936,21.009010314941406,15.925552368164062,-5.083457946777344,FFHQ
017453,33.861244201660156,39.936424255371094,6.0751800537109375,FFHQ
017453,33.861244201660156,37.70958709716797,3.8483428955078125,FFHQ
017453,33.861244201660156,36.11359405517578,2.252349853515625,FFHQ
017453,33.861244201660156,28.494991302490234,-5.366252899169922,FFHQ
017453,33.861244201660156,38.49422073364258,4.632976531982422,FFHQ
000167,58.56863021850586,22.942983627319336,-35.62564659118652,FFHQ
000167,58.56863021850586,24.283702850341797,-34.28492736816406,FFHQ
000167,58.56863021850586,31.44009780883789,-27.12853240966797,FFHQ
000167,58.56863021850586,38.35973358154297,-20.20889663696289,FFHQ
000167,58.56863021850586,31.17028045654297,-27.39834976196289,FFHQ
021054,30.374156951904297,26.470808029174805,-3.903348922729492,FFHQ
021054,30.374156951904297,26.514902114868164,-3.859254837036133,FFHQ
021054,30.374156951904297,24.647045135498047,-5.72711181640625,FFHQ
021054,30.374156951904297,20.68115997314453,-9.692996978759766,FFHQ
021054,30.374156951904297,21.273469924926758,-9.100687026977539,FFHQ
027853,43.08787536621094,45.54069900512695,2.4528236389160156,FFHQ
027853,43.08787536621094,39.063255310058594,-4.024620056152344,FFHQ
027853,43.08787536621094,28.082942962646484,-15.004932403564453,FFHQ
027853,43.08787536621094,31.1036434173584,-11.984231948852539,FFHQ
027853,43.08787536621094,32.319515228271484,-10.768360137939453,FFHQ
010446,17.505176544189453,28.377817153930664,10.872640609741211,FFHQ
010446,17.505176544189453,21.638580322265625,4.133403778076172,FFHQ
010446,17.505176544189453,21.85602569580078,4.350849151611328,FFHQ
010446,17.505176544189453,17.946361541748047,0.44118499755859375,FFHQ
010446,17.505176544189453,24.967395782470703,7.46221923828125,FFHQ
046501,13.519630432128906,10.515708923339844,-3.0039215087890625,FFHQ
046501,13.519630432128906,11.840011596679688,-1.6796188354492188,FFHQ
046501,13.519630432128906,10.334930419921875,-3.1847000122070312,FFHQ
046501,13.519630432128906,10.54948616027832,-2.970144271850586,FFHQ
046501,13.519630432128906,11.687505722045898,-1.8321247100830078,FFHQ
044347,51.74726104736328,29.34760093688965,-22.399660110473633,FFHQ
044347,51.74726104736328,18.861732482910156,-32.885528564453125,FFHQ
044347,51.74726104736328,26.296955108642578,-25.450305938720703,FFHQ
044347,51.74726104736328,12.664894104003906,-39.082366943359375,FFHQ
044347,51.74726104736328,25.431293487548828,-26.315967559814453,FFHQ
019865,19.135560989379883,21.191308975219727,2.0557479858398438,FFHQ
019865,19.135560989379883,25.824668884277344,6.689107894897461,FFHQ
019865,19.135560989379883,20.542171478271484,1.4066104888916016,FFHQ
019865,19.135560989379883,20.036540985107422,0.9009799957275391,FFHQ
019865,19.135560989379883,18.394453048706055,-0.7411079406738281,FFHQ
040997,3.0973236560821533,5.156782150268555,2.0594584941864014,FFHQ
040997,3.0973236560821533,4.80476713180542,1.7074434757232666,FFHQ
040997,3.0973236560821533,4.536678314208984,1.439354658126831,FFHQ
040997,3.0973236560821533,4.565194129943848,1.4678704738616943,FFHQ
040997,3.0973236560821533,5.7325286865234375,2.635205030441284,FFHQ
049217,31.67557144165039,24.764202117919922,-6.911369323730469,FFHQ
049217,31.67557144165039,25.258155822753906,-6.417415618896484,FFHQ
049217,31.67557144165039,28.87928581237793,-2.796285629272461,FFHQ
049217,31.67557144165039,24.632003784179688,-7.043567657470703,FFHQ
049217,31.67557144165039,25.60688018798828,-6.068691253662109,FFHQ
038732,44.89427947998047,31.214353561401367,-13.679925918579102,FFHQ
038732,44.89427947998047,28.783035278320312,-16.111244201660156,FFHQ
038732,44.89427947998047,17.16901969909668,-27.72525978088379,FFHQ
038732,44.89427947998047,32.61393737792969,-12.280342102050781,FFHQ
038732,44.89427947998047,31.240419387817383,-13.653860092163086,FFHQ
004124,72.79942321777344,63.75025177001953,-9.049171447753906,FFHQ
004124,72.79942321777344,56.898895263671875,-15.900527954101562,FFHQ
004124,72.79942321777344,62.197242736816406,-10.602180480957031,FFHQ
004124,72.79942321777344,57.955501556396484,-14.843921661376953,FFHQ
004124,72.79942321777344,51.69590759277344,-21.103515625,FFHQ
036467,19.496524810791016,20.716278076171875,1.2197532653808594,FFHQ
036467,19.496524810791016,29.7869930267334,10.290468215942383,FFHQ
036467,19.496524810791016,23.404544830322266,3.90802001953125,FFHQ
036467,19.496524810791016,22.91494369506836,3.4184188842773438,FFHQ
036467,19.496524810791016,20.54471206665039,1.048187255859375,FFHQ
021724,10.360292434692383,14.166698455810547,3.806406021118164,FFHQ
021724,10.360292434692383,10.991531372070312,0.6312389373779297,FFHQ
021724,10.360292434692383,11.483722686767578,1.1234302520751953,FFHQ
021724,10.360292434692383,13.789859771728516,3.429567337036133,FFHQ
021724,10.360292434692383,10.53155517578125,0.1712627410888672,FFHQ
020210,2.249497413635254,3.16676926612854,0.9172718524932861,FFHQ
020210,2.249497413635254,7.2578630447387695,5.008365631103516,FFHQ
020210,2.249497413635254,2.392221450805664,0.14272403717041016,FFHQ
020210,2.249497413635254,7.917775630950928,5.668278217315674,FFHQ
020210,2.249497413635254,4.769231796264648,2.5197343826293945,FFHQ
014146,33.98270797729492,24.026020050048828,-9.956687927246094,FFHQ
014146,33.98270797729492,17.711105346679688,-16.271602630615234,FFHQ
014146,33.98270797729492,18.14938735961914,-15.833320617675781,FFHQ
014146,33.98270797729492,20.988313674926758,-12.994394302368164,FFHQ
014146,33.98270797729492,20.05390739440918,-13.928800582885742,FFHQ
012344,23.11039161682129,28.484603881835938,5.374212265014648,FFHQ
012344,23.11039161682129,16.775047302246094,-6.335344314575195,FFHQ
012344,23.11039161682129,17.903881072998047,-5.206510543823242,FFHQ
012344,23.11039161682129,17.772985458374023,-5.337406158447266,FFHQ
012344,23.11039161682129,18.85559844970703,-4.254793167114258,FFHQ
014731,2.177351951599121,1.7313225269317627,-0.4460294246673584,FFHQ
014731,2.177351951599121,1.490409255027771,-0.6869426965713501,FFHQ
014731,2.177351951599121,1.6179578304290771,-0.559394121170044,FFHQ
014731,2.177351951599121,1.465422511100769,-0.711929440498352,FFHQ
014731,2.177351951599121,1.9814292192459106,-0.19592273235321045,FFHQ
037613,22.09020233154297,21.134206771850586,-0.9559955596923828,FFHQ
037613,22.09020233154297,17.809478759765625,-4.280723571777344,FFHQ
037613,22.09020233154297,17.509475708007812,-4.580726623535156,FFHQ
037613,22.09020233154297,17.137161254882812,-4.953041076660156,FFHQ
037613,22.09020233154297,16.40834617614746,-5.681856155395508,FFHQ
012428,35.05635452270508,4.8760600090026855,-30.180294513702393,FFHQ
012428,35.05635452270508,3.91791033744812,-31.138444185256958,FFHQ
012428,35.05635452270508,7.906838893890381,-27.149515628814697,FFHQ
012428,35.05635452270508,5.876513957977295,-29.179840564727783,FFHQ
012428,35.05635452270508,4.728837490081787,-30.32751703262329,FFHQ
016961,11.862409591674805,16.578712463378906,4.716302871704102,FFHQ
016961,11.862409591674805,18.78734016418457,6.924930572509766,FFHQ
016961,11.862409591674805,19.537612915039062,7.675203323364258,FFHQ
016961,11.862409591674805,24.86292266845703,13.000513076782227,FFHQ
016961,11.862409591674805,15.028678894042969,3.166269302368164,FFHQ
041148,19.014846801757812,14.51352310180664,-4.501323699951172,FFHQ
041148,19.014846801757812,11.050552368164062,-7.96429443359375,FFHQ
041148,19.014846801757812,12.396228790283203,-6.618618011474609,FFHQ
041148,19.014846801757812,9.660091400146484,-9.354755401611328,FFHQ
041148,19.014846801757812,10.722057342529297,-8.292789459228516,FFHQ
024408,42.420127868652344,15.921667098999023,-26.49846076965332,FFHQ
024408,42.420127868652344,34.42119598388672,-7.998931884765625,FFHQ
024408,42.420127868652344,44.93385314941406,2.5137252807617188,FFHQ
024408,42.420127868652344,44.86101531982422,2.440887451171875,FFHQ
024408,42.420127868652344,23.02798080444336,-19.392147064208984,FFHQ
054186,13.427087783813477,25.494735717773438,12.067647933959961,FFHQ
054186,13.427087783813477,18.28577423095703,4.858686447143555,FFHQ
054186,13.427087783813477,25.892854690551758,12.465766906738281,FFHQ
054186,13.427087783813477,22.885807037353516,9.458719253540039,FFHQ
054186,13.427087783813477,17.463708877563477,4.03662109375,FFHQ
008008,44.95586395263672,38.777957916259766,-6.177906036376953,FFHQ
008008,44.95586395263672,33.84506607055664,-11.110797882080078,FFHQ
008008,44.95586395263672,43.861087799072266,-1.0947761535644531,FFHQ
008008,44.95586395263672,26.566164016723633,-18.389699935913086,FFHQ
008008,44.95586395263672,31.836347579956055,-13.119516372680664,FFHQ
030904,16.88233184814453,19.30188751220703,2.4195556640625,FFHQ
030904,16.88233184814453,16.496967315673828,-0.3853645324707031,FFHQ
030904,16.88233184814453,17.442663192749023,0.5603313446044922,FFHQ
030904,16.88233184814453,16.996004104614258,0.11367225646972656,FFHQ
030904,16.88233184814453,19.43756103515625,2.5552291870117188,FFHQ
003243,30.691936492919922,37.792179107666016,7.100242614746094,FFHQ
003243,30.691936492919922,38.19264221191406,7.500705718994141,FFHQ
003243,30.691936492919922,28.821510314941406,-1.8704261779785156,FFHQ
003243,30.691936492919922,31.528003692626953,0.8360671997070312,FFHQ
003243,30.691936492919922,27.575870513916016,-3.1160659790039062,FFHQ
039393,32.57932662963867,18.14576530456543,-14.433561325073242,FFHQ
039393,32.57932662963867,20.749521255493164,-11.829805374145508,FFHQ
039393,32.57932662963867,24.788833618164062,-7.790493011474609,FFHQ
039393,32.57932662963867,23.446617126464844,-9.132709503173828,FFHQ
039393,32.57932662963867,26.724342346191406,-5.854984283447266,FFHQ
045837,55.90205764770508,49.17540740966797,-6.726650238037109,FFHQ
045837,55.90205764770508,51.17018127441406,-4.731876373291016,FFHQ
045837,55.90205764770508,44.46543884277344,-11.43661880493164,FFHQ
045837,55.90205764770508,49.366031646728516,-6.5360260009765625,FFHQ
045837,55.90205764770508,35.85619354248047,-20.04586410522461,FFHQ
002242,18.010400772094727,16.53105354309082,-1.4793472290039062,FFHQ
002242,18.010400772094727,16.55082893371582,-1.4595718383789062,FFHQ
002242,18.010400772094727,16.93157958984375,-1.0788211822509766,FFHQ
002242,18.010400772094727,15.46946907043457,-2.5409317016601562,FFHQ
002242,18.010400772094727,14.881937026977539,-3.1284637451171875,FFHQ
069900,18.55217170715332,22.61924171447754,4.067070007324219,FFHQ
069900,18.55217170715332,22.41590118408203,3.863729476928711,FFHQ
069900,18.55217170715332,23.44814682006836,4.895975112915039,FFHQ
069900,18.55217170715332,23.829282760620117,5.277111053466797,FFHQ
069900,18.55217170715332,18.143224716186523,-0.4089469909667969,FFHQ
017111,25.199172973632812,15.712102890014648,-9.487070083618164,FFHQ
017111,25.199172973632812,22.747034072875977,-2.452138900756836,FFHQ
017111,25.199172973632812,33.014442443847656,7.815269470214844,FFHQ
017111,25.199172973632812,16.008804321289062,-9.19036865234375,FFHQ
017111,25.199172973632812,18.354604721069336,-6.844568252563477,FFHQ
042639,38.337562561035156,30.84859275817871,-7.488969802856445,FFHQ
042639,38.337562561035156,26.67999267578125,-11.657569885253906,FFHQ
042639,38.337562561035156,18.848865509033203,-19.488697052001953,FFHQ
042639,38.337562561035156,25.621414184570312,-12.716148376464844,FFHQ
042639,38.337562561035156,21.899211883544922,-16.438350677490234,FFHQ
014115,48.20277404785156,54.933475494384766,6.730701446533203,FFHQ
014115,48.20277404785156,36.714054107666016,-11.488719940185547,FFHQ
014115,48.20277404785156,44.514122009277344,-3.6886520385742188,FFHQ
014115,48.20277404785156,46.682029724121094,-1.5207443237304688,FFHQ
014115,48.20277404785156,48.00823211669922,-0.19454193115234375,FFHQ
017205,12.496618270874023,12.572105407714844,0.07548713684082031,FFHQ
017205,12.496618270874023,20.9669189453125,8.470300674438477,FFHQ
017205,12.496618270874023,14.546085357666016,2.049467086791992,FFHQ
017205,12.496618270874023,20.930805206298828,8.434186935424805,FFHQ
017205,12.496618270874023,16.275676727294922,3.7790584564208984,FFHQ
046821,28.683670043945312,15.374504089355469,-13.309165954589844,FFHQ
046821,28.683670043945312,8.701107025146484,-19.982563018798828,FFHQ
046821,28.683670043945312,10.053030014038086,-18.630640029907227,FFHQ
046821,28.683670043945312,30.920841217041016,2.237171173095703,FFHQ
046821,28.683670043945312,21.768978118896484,-6.914691925048828,FFHQ
060123,39.97612762451172,44.691219329833984,4.715091705322266,FFHQ
060123,39.97612762451172,42.845218658447266,2.869091033935547,FFHQ
060123,39.97612762451172,14.63758659362793,-25.33854103088379,FFHQ
060123,39.97612762451172,17.09288215637207,-22.88324546813965,FFHQ
060123,39.97612762451172,20.273765563964844,-19.702362060546875,FFHQ
025265,19.10645866394043,21.937580108642578,2.8311214447021484,FFHQ
025265,19.10645866394043,35.91171646118164,16.80525779724121,FFHQ
025265,19.10645866394043,16.738567352294922,-2.367891311645508,FFHQ
025265,19.10645866394043,18.40443229675293,-0.7020263671875,FFHQ
025265,19.10645866394043,20.217517852783203,1.1110591888427734,FFHQ
046526,38.00416564941406,26.993284225463867,-11.010881423950195,FFHQ
046526,38.00416564941406,25.82209014892578,-12.182075500488281,FFHQ
046526,38.00416564941406,25.75113296508789,-12.253032684326172,FFHQ
046526,38.00416564941406,20.533628463745117,-17.470537185668945,FFHQ
046526,38.00416564941406,25.859493255615234,-12.144672393798828,FFHQ
024306,26.656126022338867,11.889753341674805,-14.766372680664062,FFHQ
024306,26.656126022338867,13.472158432006836,-13.183967590332031,FFHQ
024306,26.656126022338867,13.637889862060547,-13.01823616027832,FFHQ
024306,26.656126022338867,12.048612594604492,-14.607513427734375,FFHQ
024306,26.656126022338867,15.383481979370117,-11.27264404296875,FFHQ
049376,15.233137130737305,19.591957092285156,4.358819961547852,FFHQ
049376,15.233137130737305,19.070106506347656,3.8369693756103516,FFHQ
049376,15.233137130737305,10.951549530029297,-4.281587600708008,FFHQ
049376,15.233137130737305,9.76864242553711,-5.464494705200195,FFHQ
049376,15.233137130737305,11.037885665893555,-4.19525146484375,FFHQ
027941,14.818151473999023,19.118511199951172,4.300359725952148,FFHQ
027941,14.818151473999023,19.164352416992188,4.346200942993164,FFHQ
027941,14.818151473999023,19.405879974365234,4.587728500366211,FFHQ
027941,14.818151473999023,18.703168869018555,3.8850173950195312,FFHQ
027941,14.818151473999023,15.827356338500977,1.0092048645019531,FFHQ
042158,45.824649810791016,31.92350959777832,-13.901140213012695,FFHQ
042158,45.824649810791016,16.927276611328125,-28.89737319946289,FFHQ
042158,45.824649810791016,13.00234603881836,-32.822303771972656,FFHQ
042158,45.824649810791016,31.606613159179688,-14.218036651611328,FFHQ
042158,45.824649810791016,16.03054428100586,-29.794105529785156,FFHQ
049278,27.58403778076172,24.247695922851562,-3.3363418579101562,FFHQ
049278,27.58403778076172,27.22582244873047,-0.35821533203125,FFHQ
049278,27.58403778076172,32.0771369934082,4.493099212646484,FFHQ
049278,27.58403778076172,26.137012481689453,-1.4470252990722656,FFHQ
049278,27.58403778076172,22.604705810546875,-4.979331970214844,FFHQ
050659,53.55681228637695,22.60835075378418,-30.948461532592773,FFHQ
050659,53.55681228637695,38.358482360839844,-15.19832992553711,FFHQ
050659,53.55681228637695,17.946781158447266,-35.61003112792969,FFHQ
050659,53.55681228637695,35.496273040771484,-18.06053924560547,FFHQ
050659,53.55681228637695,33.94325256347656,-19.61355972290039,FFHQ
057287,57.70299530029297,17.797924041748047,-39.90507125854492,FFHQ
057287,57.70299530029297,13.49424934387207,-44.2087459564209,FFHQ
057287,57.70299530029297,13.935722351074219,-43.76727294921875,FFHQ
057287,57.70299530029297,12.933740615844727,-44.76925468444824,FFHQ
057287,57.70299530029297,15.993816375732422,-41.70917892456055,FFHQ
008222,54.24089813232422,49.45142364501953,-4.7894744873046875,FFHQ
008222,54.24089813232422,48.83736038208008,-5.403537750244141,FFHQ
008222,54.24089813232422,48.485809326171875,-5.755088806152344,FFHQ
008222,54.24089813232422,45.313499450683594,-8.927398681640625,FFHQ
008222,54.24089813232422,48.668365478515625,-5.572532653808594,FFHQ
010556,17.953901290893555,26.51791763305664,8.564016342163086,FFHQ
010556,17.953901290893555,19.205018997192383,1.2511177062988281,FFHQ
010556,17.953901290893555,23.68067169189453,5.726770401000977,FFHQ
010556,17.953901290893555,28.62136459350586,10.667463302612305,FFHQ
010556,17.953901290893555,26.969833374023438,9.015932083129883,FFHQ
004049,5.5917534828186035,15.316766738891602,9.725013256072998,FFHQ
004049,5.5917534828186035,10.67225456237793,5.080501079559326,FFHQ
004049,5.5917534828186035,10.655548095703125,5.0637946128845215,FFHQ
004049,5.5917534828186035,9.520736694335938,3.928983211517334,FFHQ
004049,5.5917534828186035,7.5640034675598145,1.972249984741211,FFHQ
048284,23.42327880859375,28.878387451171875,5.455108642578125,FFHQ
048284,23.42327880859375,30.64069938659668,7.21742057800293,FFHQ
048284,23.42327880859375,24.8295955657959,1.4063167572021484,FFHQ
048284,23.42327880859375,21.148605346679688,-2.2746734619140625,FFHQ
048284,23.42327880859375,22.640518188476562,-0.7827606201171875,FFHQ
042282,12.04730224609375,17.232486724853516,5.185184478759766,FFHQ
042282,12.04730224609375,17.90859603881836,5.861293792724609,FFHQ
042282,12.04730224609375,13.88637924194336,1.8390769958496094,FFHQ
042282,12.04730224609375,16.34895896911621,4.301656723022461,FFHQ
042282,12.04730224609375,12.360773086547852,0.31347084045410156,FFHQ
059009,12.99612045288086,15.71371841430664,2.7175979614257812,FFHQ
059009,12.99612045288086,22.22333526611328,9.227214813232422,FFHQ
059009,12.99612045288086,14.030141830444336,1.0340213775634766,FFHQ
059009,12.99612045288086,18.01725959777832,5.021139144897461,FFHQ
059009,12.99612045288086,16.237178802490234,3.241058349609375,FFHQ
058803,19.96662139892578,26.673580169677734,6.706958770751953,FFHQ
058803,19.96662139892578,17.806793212890625,-2.1598281860351562,FFHQ
058803,19.96662139892578,18.16909408569336,-1.7975273132324219,FFHQ
058803,19.96662139892578,20.40045166015625,0.43383026123046875,FFHQ
058803,19.96662139892578,31.687633514404297,11.721012115478516,FFHQ
022367,27.209537506103516,24.81842041015625,-2.3911170959472656,FFHQ
022367,27.209537506103516,25.29180145263672,-1.9177360534667969,FFHQ
022367,27.209537506103516,29.360347747802734,2.1508102416992188,FFHQ
022367,27.209537506103516,25.865161895751953,-1.3443756103515625,FFHQ
022367,27.209537506103516,29.493223190307617,2.2836856842041016,FFHQ
036023,1.9805331230163574,3.434730291366577,1.4541971683502197,FFHQ
036023,1.9805331230163574,4.6143927574157715,2.633859634399414,FFHQ
036023,1.9805331230163574,4.237982749938965,2.2574496269226074,FFHQ
036023,1.9805331230163574,4.926357269287109,2.945824146270752,FFHQ
036023,1.9805331230163574,2.7610366344451904,0.780503511428833,FFHQ
030029,45.85460662841797,55.12259292602539,9.267986297607422,FFHQ
030029,45.85460662841797,43.021976470947266,-2.832630157470703,FFHQ
030029,45.85460662841797,37.51799011230469,-8.336616516113281,FFHQ
030029,45.85460662841797,48.40393829345703,2.5493316650390625,FFHQ
030029,45.85460662841797,46.45024108886719,0.5956344604492188,FFHQ
049073,12.289531707763672,26.829418182373047,14.539886474609375,FFHQ
049073,12.289531707763672,10.460817337036133,-1.828714370727539,FFHQ
049073,12.289531707763672,13.532600402832031,1.2430686950683594,FFHQ
049073,12.289531707763672,8.161491394042969,-4.128040313720703,FFHQ
049073,12.289531707763672,11.320030212402344,-0.9695014953613281,FFHQ
034355,58.641746520996094,34.733245849609375,-23.90850067138672,FFHQ
034355,58.641746520996094,37.83277130126953,-20.808975219726562,FFHQ
034355,58.641746520996094,39.89942169189453,-18.742324829101562,FFHQ
034355,58.641746520996094,47.306236267089844,-11.33551025390625,FFHQ
034355,58.641746520996094,43.04772186279297,-15.594024658203125,FFHQ
037710,53.69407653808594,32.0585823059082,-21.635494232177734,FFHQ
037710,53.69407653808594,26.284284591674805,-27.409791946411133,FFHQ
037710,53.69407653808594,30.333148956298828,-23.36092758178711,FFHQ
037710,53.69407653808594,37.18772888183594,-16.50634765625,FFHQ
037710,53.69407653808594,29.79548454284668,-23.898591995239258,FFHQ
000986,44.01112365722656,23.451358795166016,-20.559764862060547,FFHQ
000986,44.01112365722656,14.109451293945312,-29.90167236328125,FFHQ
000986,44.01112365722656,18.18841552734375,-25.822708129882812,FFHQ
000986,44.01112365722656,14.614645004272461,-29.3964786529541,FFHQ
000986,44.01112365722656,25.72098159790039,-18.290142059326172,FFHQ
044366,64.3990478515625,33.02216339111328,-31.37688446044922,FFHQ
044366,64.3990478515625,49.44357681274414,-14.95547103881836,FFHQ
044366,64.3990478515625,47.80613708496094,-16.592910766601562,FFHQ
044366,64.3990478515625,46.08452606201172,-18.31452178955078,FFHQ
044366,64.3990478515625,32.97850799560547,-31.42053985595703,FFHQ
032166,38.680992126464844,23.156171798706055,-15.524820327758789,FFHQ
032166,38.680992126464844,24.37311553955078,-14.307876586914062,FFHQ
032166,38.680992126464844,22.735212326049805,-15.945779800415039,FFHQ
032166,38.680992126464844,18.33381462097168,-20.347177505493164,FFHQ
032166,38.680992126464844,23.907649993896484,-14.77334213256836,FFHQ
021002,21.349803924560547,9.756784439086914,-11.593019485473633,FFHQ
021002,21.349803924560547,14.448944091796875,-6.900859832763672,FFHQ
021002,21.349803924560547,12.322931289672852,-9.026872634887695,FFHQ
021002,21.349803924560547,9.412858009338379,-11.936945915222168,FFHQ
021002,21.349803924560547,12.568021774291992,-8.781782150268555,FFHQ
024275,53.67928695678711,29.258075714111328,-24.42121124267578,FFHQ
024275,53.67928695678711,22.2897891998291,-31.389497756958008,FFHQ
024275,53.67928695678711,19.161663055419922,-34.51762390136719,FFHQ
024275,53.67928695678711,25.961585998535156,-27.717700958251953,FFHQ
024275,53.67928695678711,28.059518814086914,-25.619768142700195,FFHQ
012781,44.90087127685547,18.67377281188965,-26.22709846496582,FFHQ
012781,44.90087127685547,11.03138542175293,-33.86948585510254,FFHQ
012781,44.90087127685547,23.48073959350586,-21.42013168334961,FFHQ
012781,44.90087127685547,9.921566009521484,-34.979305267333984,FFHQ
012781,44.90087127685547,22.521482467651367,-22.3793888092041,FFHQ
000979,18.669960021972656,15.55375862121582,-3.116201400756836,FFHQ
000979,18.669960021972656,15.66775131225586,-3.002208709716797,FFHQ
000979,18.669960021972656,12.061979293823242,-6.607980728149414,FFHQ
000979,18.669960021972656,10.921930313110352,-7.748029708862305,FFHQ
000979,18.669960021972656,12.894468307495117,-5.775491714477539,FFHQ
060350,46.56145477294922,48.830650329589844,2.269195556640625,FFHQ
060350,46.56145477294922,39.57743453979492,-6.984020233154297,FFHQ
060350,46.56145477294922,21.320655822753906,-25.240798950195312,FFHQ
060350,46.56145477294922,20.387157440185547,-26.174297332763672,FFHQ
060350,46.56145477294922,17.44988441467285,-29.111570358276367,FFHQ
016565,74.83213806152344,57.914794921875,-16.917343139648438,FFHQ
016565,74.83213806152344,42.612422943115234,-32.2197151184082,FFHQ
016565,74.83213806152344,29.39410400390625,-45.43803405761719,FFHQ
016565,74.83213806152344,44.652748107910156,-30.17938995361328,FFHQ
016565,74.83213806152344,15.56479263305664,-59.2673454284668,FFHQ
052567,32.663230895996094,31.899707794189453,-0.7635231018066406,FFHQ
052567,32.663230895996094,25.692337036132812,-6.970893859863281,FFHQ
052567,32.663230895996094,28.94540023803711,-3.7178306579589844,FFHQ
052567,32.663230895996094,24.42628288269043,-8.236948013305664,FFHQ
052567,32.663230895996094,20.598430633544922,-12.064800262451172,FFHQ
019261,35.61724090576172,24.022972106933594,-11.594268798828125,FFHQ
019261,35.61724090576172,22.171680450439453,-13.445560455322266,FFHQ
019261,35.61724090576172,22.01207160949707,-13.605169296264648,FFHQ
019261,35.61724090576172,25.870777130126953,-9.746463775634766,FFHQ
019261,35.61724090576172,26.1450138092041,-9.472227096557617,FFHQ
050528,8.854812622070312,21.16758155822754,12.312768936157227,FFHQ
050528,8.854812622070312,17.44283103942871,8.588018417358398,FFHQ
050528,8.854812622070312,10.5367431640625,1.6819305419921875,FFHQ
050528,8.854812622070312,16.348587036132812,7.4937744140625,FFHQ
050528,8.854812622070312,14.379592895507812,5.5247802734375,FFHQ
014644,21.208206176757812,22.69476318359375,1.4865570068359375,FFHQ
014644,21.208206176757812,27.36275863647461,6.154552459716797,FFHQ
014644,21.208206176757812,27.733989715576172,6.525783538818359,FFHQ
014644,21.208206176757812,24.770143508911133,3.5619373321533203,FFHQ
014644,21.208206176757812,26.86825180053711,5.660045623779297,FFHQ
051834,52.01827621459961,5.945216655731201,-46.07305955886841,FFHQ
051834,52.01827621459961,10.408485412597656,-41.60979080200195,FFHQ
051834,52.01827621459961,14.341968536376953,-37.676307678222656,FFHQ
051834,52.01827621459961,12.02365493774414,-39.99462127685547,FFHQ
051834,52.01827621459961,4.461267471313477,-47.55700874328613,FFHQ
056085,31.60572052001953,37.635948181152344,6.0302276611328125,FFHQ
056085,31.60572052001953,32.09813690185547,0.4924163818359375,FFHQ
056085,31.60572052001953,26.093358993530273,-5.512361526489258,FFHQ
056085,31.60572052001953,28.13006591796875,-3.4756546020507812,FFHQ
056085,31.60572052001953,30.91891860961914,-0.6868019104003906,FFHQ
041669,16.78751564025879,19.74394989013672,2.9564342498779297,FFHQ
041669,16.78751564025879,24.00497055053711,7.21745491027832,FFHQ
041669,16.78751564025879,25.706430435180664,8.918914794921875,FFHQ
041669,16.78751564025879,23.365684509277344,6.578168869018555,FFHQ
041669,16.78751564025879,20.472618103027344,3.6851024627685547,FFHQ
025492,26.119182586669922,23.471755981445312,-2.6474266052246094,FFHQ
025492,26.119182586669922,27.455345153808594,1.3361625671386719,FFHQ
025492,26.119182586669922,26.226411819458008,0.10722923278808594,FFHQ
025492,26.119182586669922,29.18100357055664,3.0618209838867188,FFHQ
025492,26.119182586669922,26.371198654174805,0.2520160675048828,FFHQ
067926,25.62343978881836,18.897294998168945,-6.726144790649414,FFHQ
067926,25.62343978881836,19.03394317626953,-6.589496612548828,FFHQ
067926,25.62343978881836,14.564319610595703,-11.059120178222656,FFHQ
067926,25.62343978881836,17.09366226196289,-8.529777526855469,FFHQ
067926,25.62343978881836,14.538894653320312,-11.084545135498047,FFHQ
001852,16.360322952270508,12.87994384765625,-3.480379104614258,FFHQ
001852,16.360322952270508,14.249759674072266,-2.110563278198242,FFHQ
001852,16.360322952270508,16.51270866394043,0.15238571166992188,FFHQ
001852,16.360322952270508,14.017349243164062,-2.3429737091064453,FFHQ
001852,16.360322952270508,14.31171989440918,-2.048603057861328,FFHQ
020881,28.411590576171875,33.803611755371094,5.392021179199219,FFHQ
020881,28.411590576171875,34.91136169433594,6.4997711181640625,FFHQ
020881,28.411590576171875,34.58485794067383,6.173267364501953,FFHQ
020881,28.411590576171875,29.11385726928711,0.7022666931152344,FFHQ
020881,28.411590576171875,34.90564727783203,6.494056701660156,FFHQ
023554,36.44038391113281,41.85932159423828,5.418937683105469,FFHQ
023554,36.44038391113281,34.71664810180664,-1.7237358093261719,FFHQ
023554,36.44038391113281,34.83930969238281,-1.60107421875,FFHQ
023554,36.44038391113281,17.84650230407715,-18.593881607055664,FFHQ
023554,36.44038391113281,25.09346580505371,-11.346918106079102,FFHQ
005994,83.25196075439453,58.07585144042969,-25.176109313964844,FFHQ
005994,83.25196075439453,56.658626556396484,-26.593334197998047,FFHQ
005994,83.25196075439453,44.29917907714844,-38.952781677246094,FFHQ
005994,83.25196075439453,12.300647735595703,-70.95131301879883,FFHQ
005994,83.25196075439453,48.860626220703125,-34.391334533691406,FFHQ
027715,57.82220458984375,29.21331024169922,-28.60889434814453,FFHQ
027715,57.82220458984375,23.91631317138672,-33.90589141845703,FFHQ
027715,57.82220458984375,24.76620864868164,-33.05599594116211,FFHQ
027715,57.82220458984375,20.003381729125977,-37.81882286071777,FFHQ
027715,57.82220458984375,23.04090118408203,-34.78130340576172,FFHQ
058306,35.27000045776367,29.267847061157227,-6.002153396606445,FFHQ
058306,35.27000045776367,27.747760772705078,-7.522239685058594,FFHQ
058306,35.27000045776367,28.243127822875977,-7.026872634887695,FFHQ
058306,35.27000045776367,29.826351165771484,-5.4436492919921875,FFHQ
058306,35.27000045776367,24.50609016418457,-10.763910293579102,FFHQ
019533,1.284761667251587,2.662705898284912,1.3779442310333252,FFHQ
019533,1.284761667251587,1.9561604261398315,0.6713987588882446,FFHQ
019533,1.284761667251587,2.025352954864502,0.740591287612915,FFHQ
019533,1.284761667251587,1.8623007535934448,0.5775390863418579,FFHQ
019533,1.284761667251587,1.345460295677185,0.060698628425598145,FFHQ
046131,3.380950689315796,11.002496719360352,7.621546030044556,FFHQ
046131,3.380950689315796,5.318792343139648,1.9378416538238525,FFHQ
046131,3.380950689315796,5.119431495666504,1.738480806350708,FFHQ
046131,3.380950689315796,6.178094387054443,2.7971436977386475,FFHQ
046131,3.380950689315796,4.650185585021973,1.2692348957061768,FFHQ
032621,26.473209381103516,23.24205780029297,-3.231151580810547,FFHQ
032621,26.473209381103516,24.4578800201416,-2.015329360961914,FFHQ
032621,26.473209381103516,26.043060302734375,-0.4301490783691406,FFHQ
032621,26.473209381103516,23.37594223022461,-3.0972671508789062,FFHQ
032621,26.473209381103516,20.8893985748291,-5.583810806274414,FFHQ
020126,17.66421127319336,46.017677307128906,28.353466033935547,FFHQ
020126,17.66421127319336,21.66950798034668,4.00529670715332,FFHQ
020126,17.66421127319336,29.24199676513672,11.57778549194336,FFHQ
020126,17.66421127319336,21.852733612060547,4.1885223388671875,FFHQ
020126,17.66421127319336,48.66565704345703,31.001445770263672,FFHQ
051800,16.745155334472656,15.147953033447266,-1.5972023010253906,FFHQ
051800,16.745155334472656,12.302591323852539,-4.442564010620117,FFHQ
051800,16.745155334472656,15.266536712646484,-1.4786186218261719,FFHQ
051800,16.745155334472656,10.641597747802734,-6.103557586669922,FFHQ
051800,16.745155334472656,11.038375854492188,-5.706779479980469,FFHQ
059483,56.739376068115234,54.77996826171875,-1.9594078063964844,FFHQ
059483,56.739376068115234,44.448020935058594,-12.29135513305664,FFHQ
059483,56.739376068115234,40.75484085083008,-15.984535217285156,FFHQ
059483,56.739376068115234,49.51081085205078,-7.228565216064453,FFHQ
059483,56.739376068115234,44.8006591796875,-11.938716888427734,FFHQ
025042,11.206960678100586,21.615619659423828,10.408658981323242,FFHQ
025042,11.206960678100586,23.74561882019043,12.538658142089844,FFHQ
025042,11.206960678100586,19.361282348632812,8.154321670532227,FFHQ
025042,11.206960678100586,23.607995986938477,12.40103530883789,FFHQ
025042,11.206960678100586,24.343917846679688,13.136957168579102,FFHQ
054230,3.672478675842285,3.4962258338928223,-0.1762528419494629,FFHQ
054230,3.672478675842285,3.9189882278442383,0.24650955200195312,FFHQ
054230,3.672478675842285,4.092710018157959,0.42023134231567383,FFHQ
054230,3.672478675842285,4.571386814117432,0.8989081382751465,FFHQ
054230,3.672478675842285,4.749176502227783,1.076697826385498,FFHQ
008171,10.363706588745117,18.226892471313477,7.863185882568359,FFHQ
008171,10.363706588745117,9.650344848632812,-0.7133617401123047,FFHQ
008171,10.363706588745117,10.242593765258789,-0.12111282348632812,FFHQ
008171,10.363706588745117,14.010660171508789,3.646953582763672,FFHQ
008171,10.363706588745117,12.998025894165039,2.634319305419922,FFHQ
061876,46.177886962890625,44.91587829589844,-1.2620086669921875,FFHQ
061876,46.177886962890625,44.33009338378906,-1.8477935791015625,FFHQ
061876,46.177886962890625,46.83517837524414,0.6572914123535156,FFHQ
061876,46.177886962890625,53.998260498046875,7.82037353515625,FFHQ
061876,46.177886962890625,47.228599548339844,1.0507125854492188,FFHQ
055579,65.40850830078125,49.480873107910156,-15.927635192871094,FFHQ
055579,65.40850830078125,50.18975067138672,-15.218757629394531,FFHQ
055579,65.40850830078125,49.9530029296875,-15.45550537109375,FFHQ
055579,65.40850830078125,47.428489685058594,-17.980018615722656,FFHQ
055579,65.40850830078125,38.768638610839844,-26.639869689941406,FFHQ
051565,36.1343994140625,36.57883834838867,0.4444389343261719,FFHQ
051565,36.1343994140625,32.44524002075195,-3.689159393310547,FFHQ
051565,36.1343994140625,39.837886810302734,3.7034873962402344,FFHQ
051565,36.1343994140625,39.521339416503906,3.3869400024414062,FFHQ
051565,36.1343994140625,42.98335266113281,6.8489532470703125,FFHQ
000275,60.03120803833008,51.14476776123047,-8.88644027709961,FFHQ
000275,60.03120803833008,48.939170837402344,-11.092037200927734,FFHQ
000275,60.03120803833008,11.855669021606445,-48.17553901672363,FFHQ
000275,60.03120803833008,27.177703857421875,-32.8535041809082,FFHQ
000275,60.03120803833008,14.177652359008789,-45.85355567932129,FFHQ
001525,24.18035316467285,29.723289489746094,5.542936325073242,FFHQ
001525,24.18035316467285,29.175661087036133,4.995307922363281,FFHQ
001525,24.18035316467285,30.18832015991211,6.007966995239258,FFHQ
001525,24.18035316467285,28.033836364746094,3.853483200073242,FFHQ
001525,24.18035316467285,29.407108306884766,5.226755142211914,FFHQ
067304,37.72591018676758,48.03849411010742,10.312583923339844,FFHQ
067304,37.72591018676758,48.7292366027832,11.003326416015625,FFHQ
067304,37.72591018676758,48.40342712402344,10.67751693725586,FFHQ
067304,37.72591018676758,37.929466247558594,0.20355606079101562,FFHQ
067304,37.72591018676758,34.612274169921875,-3.113636016845703,FFHQ
019256,17.30127716064453,27.623794555664062,10.322517395019531,FFHQ
019256,17.30127716064453,17.838825225830078,0.5375480651855469,FFHQ
019256,17.30127716064453,15.830547332763672,-1.4707298278808594,FFHQ
019256,17.30127716064453,21.51905059814453,4.2177734375,FFHQ
019256,17.30127716064453,18.990936279296875,1.6896591186523438,FFHQ
013521,39.095306396484375,27.44792938232422,-11.647377014160156,FFHQ
013521,39.095306396484375,30.253875732421875,-8.8414306640625,FFHQ
013521,39.095306396484375,25.74951934814453,-13.345787048339844,FFHQ
013521,39.095306396484375,29.417287826538086,-9.678018569946289,FFHQ
013521,39.095306396484375,28.535974502563477,-10.559331893920898,FFHQ
056476,6.987999439239502,13.054309844970703,6.066310405731201,FFHQ
056476,6.987999439239502,10.596529006958008,3.608529567718506,FFHQ
056476,6.987999439239502,8.532218933105469,1.5442194938659668,FFHQ
056476,6.987999439239502,8.513164520263672,1.52516508102417,FFHQ
056476,6.987999439239502,11.07888412475586,4.090884685516357,FFHQ
029412,61.87255859375,59.212806701660156,-2.6597518920898438,FFHQ
029412,61.87255859375,62.518836975097656,0.6462783813476562,FFHQ
029412,61.87255859375,57.594261169433594,-4.278297424316406,FFHQ
029412,61.87255859375,61.88294982910156,0.0103912353515625,FFHQ
029412,61.87255859375,58.32988739013672,-3.5426712036132812,FFHQ
062528,14.996902465820312,39.81982421875,24.822921752929688,FFHQ
062528,14.996902465820312,31.671916961669922,16.67501449584961,FFHQ
062528,14.996902465820312,13.880411148071289,-1.1164913177490234,FFHQ
062528,14.996902465820312,22.367488861083984,7.370586395263672,FFHQ
062528,14.996902465820312,30.71489143371582,15.717988967895508,FFHQ
045471,17.779829025268555,18.565380096435547,0.7855510711669922,FFHQ
045471,17.779829025268555,21.971765518188477,4.191936492919922,FFHQ
045471,17.779829025268555,20.072032928466797,2.292203903198242,FFHQ
045471,17.779829025268555,17.193843841552734,-0.5859851837158203,FFHQ
045471,17.779829025268555,19.00225830078125,1.2224292755126953,FFHQ
003163,41.54994201660156,46.89771270751953,5.347770690917969,FFHQ
003163,41.54994201660156,13.743162155151367,-27.806779861450195,FFHQ
003163,41.54994201660156,27.12319564819336,-14.426746368408203,FFHQ
003163,41.54994201660156,28.57015037536621,-12.979791641235352,FFHQ
003163,41.54994201660156,33.6431884765625,-7.9067535400390625,FFHQ
056946,68.21437072753906,25.021957397460938,-43.192413330078125,FFHQ
056946,68.21437072753906,35.96090316772461,-32.25346755981445,FFHQ
056946,68.21437072753906,13.869989395141602,-54.34438133239746,FFHQ
056946,68.21437072753906,13.226673126220703,-54.98769760131836,FFHQ
056946,68.21437072753906,10.904363632202148,-57.310007095336914,FFHQ
063157,16.578014373779297,17.943410873413086,1.365396499633789,FFHQ
063157,16.578014373779297,19.169578552246094,2.591564178466797,FFHQ
063157,16.578014373779297,15.75904655456543,-0.8189678192138672,FFHQ
063157,16.578014373779297,13.328323364257812,-3.2496910095214844,FFHQ
063157,16.578014373779297,11.413328170776367,-5.16468620300293,FFHQ
031145,62.43024444580078,45.51064682006836,-16.919597625732422,FFHQ
031145,62.43024444580078,19.485736846923828,-42.94450759887695,FFHQ
031145,62.43024444580078,41.1260986328125,-21.30414581298828,FFHQ
031145,62.43024444580078,36.33305358886719,-26.097190856933594,FFHQ
031145,62.43024444580078,35.33422088623047,-27.096023559570312,FFHQ
008858,53.51496124267578,46.51490783691406,-7.000053405761719,FFHQ
008858,53.51496124267578,34.580169677734375,-18.934791564941406,FFHQ
008858,53.51496124267578,28.029098510742188,-25.485862731933594,FFHQ
008858,53.51496124267578,38.10653305053711,-15.408428192138672,FFHQ
008858,53.51496124267578,45.491233825683594,-8.023727416992188,FFHQ
048551,17.53514289855957,25.170934677124023,7.635791778564453,FFHQ
048551,17.53514289855957,25.692703247070312,8.157560348510742,FFHQ
048551,17.53514289855957,26.9881534576416,9.453010559082031,FFHQ
048551,17.53514289855957,26.72332763671875,9.18818473815918,FFHQ
048551,17.53514289855957,28.502161026000977,10.967018127441406,FFHQ
052322,13.768587112426758,18.022663116455078,4.25407600402832,FFHQ
052322,13.768587112426758,8.78757381439209,-4.981013298034668,FFHQ
052322,13.768587112426758,16.510555267333984,2.7419681549072266,FFHQ
052322,13.768587112426758,12.737873077392578,-1.0307140350341797,FFHQ
052322,13.768587112426758,14.58189582824707,0.8133087158203125,FFHQ
067689,28.10256576538086,34.71858596801758,6.616020202636719,FFHQ
067689,28.10256576538086,31.764659881591797,3.6620941162109375,FFHQ
067689,28.10256576538086,27.91655731201172,-0.18600845336914062,FFHQ
067689,28.10256576538086,28.8912353515625,0.7886695861816406,FFHQ
067689,28.10256576538086,26.380290985107422,-1.7222747802734375,FFHQ
063072,52.064979553222656,29.86383819580078,-22.201141357421875,FFHQ
063072,52.064979553222656,16.22945213317871,-35.835527420043945,FFHQ
063072,52.064979553222656,34.05280303955078,-18.012176513671875,FFHQ
063072,52.064979553222656,41.67443084716797,-10.390548706054688,FFHQ
063072,52.064979553222656,37.42759323120117,-14.637386322021484,FFHQ
040508,3.940206527709961,23.479328155517578,19.539121627807617,FFHQ
040508,3.940206527709961,15.771240234375,11.831033706665039,FFHQ
040508,3.940206527709961,41.234649658203125,37.294443130493164,FFHQ
040508,3.940206527709961,11.868831634521484,7.928625106811523,FFHQ
040508,3.940206527709961,11.135320663452148,7.1951141357421875,FFHQ
047774,15.879692077636719,19.518720626831055,3.639028549194336,FFHQ
047774,15.879692077636719,17.663043975830078,1.7833518981933594,FFHQ
047774,15.879692077636719,18.660308837890625,2.7806167602539062,FFHQ
047774,15.879692077636719,16.41404914855957,0.5343570709228516,FFHQ
047774,15.879692077636719,17.535900115966797,1.6562080383300781,FFHQ
036625,66.45692443847656,24.965471267700195,-41.49145317077637,FFHQ
036625,66.45692443847656,25.964923858642578,-40.492000579833984,FFHQ
036625,66.45692443847656,18.138912200927734,-48.31801223754883,FFHQ
036625,66.45692443847656,21.90175437927246,-44.5551700592041,FFHQ
036625,66.45692443847656,22.739177703857422,-43.71774673461914,FFHQ
028868,17.524044036865234,22.337966918945312,4.813922882080078,FFHQ
028868,17.524044036865234,26.025047302246094,8.50100326538086,FFHQ
028868,17.524044036865234,25.46739387512207,7.943349838256836,FFHQ
028868,17.524044036865234,34.75813674926758,17.234092712402344,FFHQ
028868,17.524044036865234,28.50607681274414,10.982032775878906,FFHQ
067667,35.73092269897461,33.28083419799805,-2.4500885009765625,FFHQ
067667,35.73092269897461,22.117244720458984,-13.613677978515625,FFHQ
067667,35.73092269897461,26.682767868041992,-9.048154830932617,FFHQ
067667,35.73092269897461,26.26889419555664,-9.462028503417969,FFHQ
067667,35.73092269897461,31.726612091064453,-4.004310607910156,FFHQ
022714,1.5420558452606201,4.990123748779297,3.4480679035186768,FFHQ
022714,1.5420558452606201,7.372190952301025,5.830135107040405,FFHQ
022714,1.5420558452606201,4.784682273864746,3.242626428604126,FFHQ
022714,1.5420558452606201,7.948168754577637,6.406112909317017,FFHQ
022714,1.5420558452606201,5.051792621612549,3.5097367763519287,FFHQ
008115,2.451375961303711,6.684024333953857,4.2326483726501465,FFHQ
008115,2.451375961303711,2.9498586654663086,0.49848270416259766,FFHQ
008115,2.451375961303711,4.195925235748291,1.74454927444458,FFHQ
008115,2.451375961303711,3.6035540103912354,1.1521780490875244,FFHQ
008115,2.451375961303711,5.917966365814209,3.466590404510498,FFHQ
010871,69.88677215576172,54.79328918457031,-15.093482971191406,FFHQ
010871,69.88677215576172,45.59551239013672,-24.291259765625,FFHQ
010871,69.88677215576172,42.10554885864258,-27.78122329711914,FFHQ
010871,69.88677215576172,44.24580764770508,-25.64096450805664,FFHQ
010871,69.88677215576172,50.55059814453125,-19.33617401123047,FFHQ
009892,36.821014404296875,14.485469818115234,-22.33554458618164,FFHQ
009892,36.821014404296875,25.383487701416016,-11.43752670288086,FFHQ
009892,36.821014404296875,41.31281280517578,4.491798400878906,FFHQ
009892,36.821014404296875,40.25715255737305,3.436138153076172,FFHQ
009892,36.821014404296875,20.548011779785156,-16.27300262451172,FFHQ
063829,8.368570327758789,6.692563056945801,-1.6760072708129883,FFHQ
063829,8.368570327758789,5.383346080780029,-2.9852242469787598,FFHQ
063829,8.368570327758789,7.370450496673584,-0.9981198310852051,FFHQ
063829,8.368570327758789,7.89076566696167,-0.47780466079711914,FFHQ
063829,8.368570327758789,7.177205562591553,-1.1913647651672363,FFHQ
066137,40.50117492675781,39.4141845703125,-1.0869903564453125,FFHQ
066137,40.50117492675781,27.255924224853516,-13.245250701904297,FFHQ
066137,40.50117492675781,29.127737045288086,-11.373437881469727,FFHQ
066137,40.50117492675781,26.30412483215332,-14.197050094604492,FFHQ
066137,40.50117492675781,25.15549087524414,-15.345684051513672,FFHQ
001977,16.937236785888672,22.053245544433594,5.116008758544922,FFHQ
001977,16.937236785888672,27.667911529541016,10.730674743652344,FFHQ
001977,16.937236785888672,21.09798812866211,4.1607513427734375,FFHQ
001977,16.937236785888672,23.40987205505371,6.472635269165039,FFHQ
001977,16.937236785888672,27.32776641845703,10.39052963256836,FFHQ
003867,6.997800350189209,8.002941131591797,1.005140781402588,FFHQ
003867,6.997800350189209,12.047307968139648,5.0495076179504395,FFHQ
003867,6.997800350189209,8.92234992980957,1.9245495796203613,FFHQ
003867,6.997800350189209,8.11473274230957,1.1169323921203613,FFHQ
003867,6.997800350189209,10.028491973876953,3.030691623687744,FFHQ
010159,34.29629135131836,44.678367614746094,10.382076263427734,FFHQ
010159,34.29629135131836,32.00537109375,-2.2909202575683594,FFHQ
010159,34.29629135131836,29.477508544921875,-4.818782806396484,FFHQ
010159,34.29629135131836,34.64923095703125,0.3529396057128906,FFHQ
010159,34.29629135131836,31.532638549804688,-2.763652801513672,FFHQ
025096,22.761737823486328,26.290386199951172,3.5286483764648438,FFHQ
025096,22.761737823486328,31.81492042541504,9.053182601928711,FFHQ
025096,22.761737823486328,59.080528259277344,36.318790435791016,FFHQ
025096,22.761737823486328,55.510353088378906,32.74861526489258,FFHQ
025096,22.761737823486328,39.541996002197266,16.780258178710938,FFHQ
000237,26.99183464050293,10.443292617797852,-16.548542022705078,FFHQ
000237,26.99183464050293,13.30813217163086,-13.68370246887207,FFHQ
000237,26.99183464050293,30.970876693725586,3.9790420532226562,FFHQ
000237,26.99183464050293,29.97551155090332,2.9836769104003906,FFHQ
000237,26.99183464050293,30.497238159179688,3.505403518676758,FFHQ
006406,30.90447235107422,25.2308349609375,-5.673637390136719,FFHQ
006406,30.90447235107422,20.22494125366211,-10.67953109741211,FFHQ
006406,30.90447235107422,20.059036254882812,-10.845436096191406,FFHQ
006406,30.90447235107422,24.42913818359375,-6.475334167480469,FFHQ
006406,30.90447235107422,19.65210723876953,-11.252365112304688,FFHQ
058184,37.42546463012695,27.403396606445312,-10.02206802368164,FFHQ
058184,37.42546463012695,29.190937042236328,-8.234527587890625,FFHQ
058184,37.42546463012695,32.64839553833008,-4.777069091796875,FFHQ
058184,37.42546463012695,27.769468307495117,-9.655996322631836,FFHQ
058184,37.42546463012695,28.71799087524414,-8.707473754882812,FFHQ
039703,48.34004211425781,22.991294860839844,-25.34874725341797,FFHQ
039703,48.34004211425781,20.869495391845703,-27.47054672241211,FFHQ
039703,48.34004211425781,23.423490524291992,-24.91655158996582,FFHQ
039703,48.34004211425781,22.558664321899414,-25.7813777923584,FFHQ
039703,48.34004211425781,16.837726593017578,-31.502315521240234,FFHQ
005771,20.221546173095703,27.301498413085938,7.079952239990234,FFHQ
005771,20.221546173095703,33.40495300292969,13.183406829833984,FFHQ
005771,20.221546173095703,29.27519989013672,9.053653717041016,FFHQ
005771,20.221546173095703,33.340576171875,13.119029998779297,FFHQ
005771,20.221546173095703,29.68612289428711,9.464576721191406,FFHQ
016830,31.10931396484375,36.33723449707031,5.2279205322265625,FFHQ
016830,31.10931396484375,29.211902618408203,-1.8974113464355469,FFHQ
016830,31.10931396484375,36.33076095581055,5.221446990966797,FFHQ
016830,31.10931396484375,32.659828186035156,1.5505142211914062,FFHQ
016830,31.10931396484375,36.8954963684082,5.786182403564453,FFHQ
018210,19.37421417236328,15.469964981079102,-3.9042491912841797,FFHQ
018210,19.37421417236328,26.058937072753906,6.684722900390625,FFHQ
018210,19.37421417236328,14.825599670410156,-4.548614501953125,FFHQ
018210,19.37421417236328,20.29897689819336,0.9247627258300781,FFHQ
018210,19.37421417236328,19.74005126953125,0.36583709716796875,FFHQ
004488,7.833215236663818,7.649586200714111,-0.18362903594970703,FFHQ
004488,7.833215236663818,9.209192276000977,1.3759770393371582,FFHQ
004488,7.833215236663818,8.075403213500977,0.2421879768371582,FFHQ
004488,7.833215236663818,6.887528896331787,-0.9456863403320312,FFHQ
004488,7.833215236663818,7.609948635101318,-0.2232666015625,FFHQ
011673,59.372093200683594,27.86581039428711,-31.506282806396484,FFHQ
011673,59.372093200683594,41.37706756591797,-17.995025634765625,FFHQ
011673,59.372093200683594,39.25555419921875,-20.116539001464844,FFHQ
011673,59.372093200683594,35.11568069458008,-24.256412506103516,FFHQ
011673,59.372093200683594,34.26244354248047,-25.109649658203125,FFHQ
045939,5.632653713226318,19.783536911010742,14.150883197784424,FFHQ
045939,5.632653713226318,14.313003540039062,8.680349826812744,FFHQ
045939,5.632653713226318,10.611982345581055,4.979328632354736,FFHQ
045939,5.632653713226318,14.223379135131836,8.590725421905518,FFHQ
045939,5.632653713226318,7.524420738220215,1.8917670249938965,FFHQ
043425,44.285255432128906,10.678741455078125,-33.60651397705078,FFHQ
043425,44.285255432128906,32.314674377441406,-11.9705810546875,FFHQ
043425,44.285255432128906,15.098518371582031,-29.186737060546875,FFHQ
043425,44.285255432128906,24.998493194580078,-19.286762237548828,FFHQ
043425,44.285255432128906,13.704702377319336,-30.58055305480957,FFHQ
058200,41.21172332763672,49.760074615478516,8.548351287841797,FFHQ
058200,41.21172332763672,29.442508697509766,-11.769214630126953,FFHQ
058200,41.21172332763672,34.15679168701172,-7.054931640625,FFHQ
058200,41.21172332763672,48.89325714111328,7.6815338134765625,FFHQ
058200,41.21172332763672,53.05792999267578,11.846206665039062,FFHQ
069345,27.42696762084961,28.728687286376953,1.3017196655273438,FFHQ
069345,27.42696762084961,29.457902908325195,2.030935287475586,FFHQ
069345,27.42696762084961,23.053768157958984,-4.373199462890625,FFHQ
069345,27.42696762084961,24.45952606201172,-2.9674415588378906,FFHQ
069345,27.42696762084961,25.401668548583984,-2.025299072265625,FFHQ
014943,39.420936584472656,21.437536239624023,-17.983400344848633,FFHQ
014943,39.420936584472656,13.672914505004883,-25.748022079467773,FFHQ
014943,39.420936584472656,17.189056396484375,-22.23188018798828,FFHQ
014943,39.420936584472656,16.28008270263672,-23.140853881835938,FFHQ
014943,39.420936584472656,20.533485412597656,-18.887451171875,FFHQ
005848,28.410572052001953,21.211395263671875,-7.199176788330078,FFHQ
005848,28.410572052001953,22.46297264099121,-5.947599411010742,FFHQ
005848,28.410572052001953,26.639690399169922,-1.7708816528320312,FFHQ
005848,28.410572052001953,18.433616638183594,-9.97695541381836,FFHQ
005848,28.410572052001953,30.052852630615234,1.6422805786132812,FFHQ
020494,24.629108428955078,21.769691467285156,-2.859416961669922,FFHQ
020494,24.629108428955078,23.317771911621094,-1.3113365173339844,FFHQ
020494,24.629108428955078,17.926294326782227,-6.702814102172852,FFHQ
020494,24.629108428955078,16.082412719726562,-8.546695709228516,FFHQ
020494,24.629108428955078,18.09453010559082,-6.534578323364258,FFHQ
016752,25.498687744140625,26.197193145751953,0.6985054016113281,FFHQ
016752,25.498687744140625,27.819067001342773,2.3203792572021484,FFHQ
016752,25.498687744140625,21.264225006103516,-4.234462738037109,FFHQ
016752,25.498687744140625,22.493732452392578,-3.004955291748047,FFHQ
016752,25.498687744140625,24.605411529541016,-0.8932762145996094,FFHQ
013090,69.32572937011719,37.07699966430664,-32.24872970581055,FFHQ
013090,69.32572937011719,14.795995712280273,-54.529733657836914,FFHQ
013090,69.32572937011719,13.992631912231445,-55.33309745788574,FFHQ
013090,69.32572937011719,12.128973007202148,-57.19675636291504,FFHQ
013090,69.32572937011719,14.475152969360352,-54.850576400756836,FFHQ
032352,51.86701965332031,32.80028533935547,-19.066734313964844,FFHQ
032352,51.86701965332031,26.18297576904297,-25.684043884277344,FFHQ
032352,51.86701965332031,30.17605209350586,-21.690967559814453,FFHQ
032352,51.86701965332031,35.59767532348633,-16.269344329833984,FFHQ
032352,51.86701965332031,34.350929260253906,-17.516090393066406,FFHQ
012879,4.500687122344971,16.264707565307617,11.764020442962646,FFHQ
012879,4.500687122344971,8.691627502441406,4.1909403800964355,FFHQ
012879,4.500687122344971,10.075763702392578,5.575076580047607,FFHQ
012879,4.500687122344971,11.726160049438477,7.225472927093506,FFHQ
012879,4.500687122344971,16.10759735107422,11.606910228729248,FFHQ
012824,39.86665344238281,24.429973602294922,-15.43667984008789,FFHQ
012824,39.86665344238281,24.456539154052734,-15.410114288330078,FFHQ
012824,39.86665344238281,20.857162475585938,-19.009490966796875,FFHQ
012824,39.86665344238281,17.308740615844727,-22.557912826538086,FFHQ
012824,39.86665344238281,26.40131950378418,-13.465333938598633,FFHQ
060347,24.13485336303711,22.796428680419922,-1.3384246826171875,FFHQ
060347,24.13485336303711,21.84860610961914,-2.2862472534179688,FFHQ
060347,24.13485336303711,22.43256950378418,-1.7022838592529297,FFHQ
060347,24.13485336303711,19.241344451904297,-4.8935089111328125,FFHQ
060347,24.13485336303711,20.43390655517578,-3.700946807861328,FFHQ
012922,25.776409149169922,21.510339736938477,-4.266069412231445,FFHQ
012922,25.776409149169922,29.871074676513672,4.09466552734375,FFHQ
012922,25.776409149169922,28.764318466186523,2.9879093170166016,FFHQ
012922,25.776409149169922,22.957645416259766,-2.8187637329101562,FFHQ
012922,25.776409149169922,22.246822357177734,-3.5295867919921875,FFHQ
020348,53.690364837646484,46.061302185058594,-7.629062652587891,FFHQ
020348,53.690364837646484,39.53108596801758,-14.159278869628906,FFHQ
020348,53.690364837646484,28.049991607666016,-25.64037322998047,FFHQ
020348,53.690364837646484,44.64530944824219,-9.045055389404297,FFHQ
020348,53.690364837646484,47.89064025878906,-5.799724578857422,FFHQ
009827,21.34061050415039,21.326553344726562,-0.014057159423828125,FFHQ
009827,21.34061050415039,20.355144500732422,-0.9854660034179688,FFHQ
009827,21.34061050415039,20.43571662902832,-0.9048938751220703,FFHQ
009827,21.34061050415039,18.647172927856445,-2.6934375762939453,FFHQ
009827,21.34061050415039,20.768962860107422,-0.5716476440429688,FFHQ
012855,48.667991638183594,39.444847106933594,-9.22314453125,FFHQ
012855,48.667991638183594,36.36944580078125,-12.298545837402344,FFHQ
012855,48.667991638183594,42.00379943847656,-6.664192199707031,FFHQ
012855,48.667991638183594,26.433603286743164,-22.23438835144043,FFHQ
012855,48.667991638183594,33.42365264892578,-15.244338989257812,FFHQ
035673,15.700326919555664,29.07823944091797,13.377912521362305,FFHQ
035673,15.700326919555664,21.565587997436523,5.865261077880859,FFHQ
035673,15.700326919555664,12.639455795288086,-3.060871124267578,FFHQ
035673,15.700326919555664,16.878936767578125,1.178609848022461,FFHQ
035673,15.700326919555664,23.954269409179688,8.253942489624023,FFHQ
033061,35.43660354614258,15.61497688293457,-19.821626663208008,FFHQ
033061,35.43660354614258,16.69338607788086,-18.74321746826172,FFHQ
033061,35.43660354614258,11.72479248046875,-23.711811065673828,FFHQ
033061,35.43660354614258,16.805030822753906,-18.631572723388672,FFHQ
033061,35.43660354614258,14.972026824951172,-20.464576721191406,FFHQ
015180,32.605865478515625,24.7989501953125,-7.806915283203125,FFHQ
015180,32.605865478515625,44.173927307128906,11.568061828613281,FFHQ
015180,32.605865478515625,9.615520477294922,-22.990345001220703,FFHQ
015180,32.605865478515625,25.973926544189453,-6.631938934326172,FFHQ
015180,32.605865478515625,20.79570960998535,-11.810155868530273,FFHQ
008250,44.545860290527344,25.69260025024414,-18.853260040283203,FFHQ
008250,44.545860290527344,25.111021041870117,-19.434839248657227,FFHQ
008250,44.545860290527344,19.373191833496094,-25.17266845703125,FFHQ
008250,44.545860290527344,21.869949340820312,-22.67591094970703,FFHQ
008250,44.545860290527344,22.826398849487305,-21.71946144104004,FFHQ
013639,25.295215606689453,37.885047912597656,12.589832305908203,FFHQ
013639,25.295215606689453,34.55220031738281,9.25698471069336,FFHQ
013639,25.295215606689453,42.76292419433594,17.467708587646484,FFHQ
013639,25.295215606689453,30.820911407470703,5.52569580078125,FFHQ
013639,25.295215606689453,26.8705997467041,1.5753841400146484,FFHQ
045498,8.849645614624023,14.680566787719727,5.830921173095703,FFHQ
045498,8.849645614624023,13.393339157104492,4.543693542480469,FFHQ
045498,8.849645614624023,11.792593002319336,2.9429473876953125,FFHQ
045498,8.849645614624023,10.642406463623047,1.7927608489990234,FFHQ
045498,8.849645614624023,12.365541458129883,3.5158958435058594,FFHQ
001028,38.227516174316406,27.417770385742188,-10.809745788574219,FFHQ
001028,38.227516174316406,17.00672721862793,-21.220788955688477,FFHQ
001028,38.227516174316406,22.286331176757812,-15.941184997558594,FFHQ
001028,38.227516174316406,22.38079071044922,-15.846725463867188,FFHQ
001028,38.227516174316406,20.71912384033203,-17.508392333984375,FFHQ
037474,62.930328369140625,27.48626708984375,-35.444061279296875,FFHQ
037474,62.930328369140625,15.235128402709961,-47.695199966430664,FFHQ
037474,62.930328369140625,31.661319732666016,-31.26900863647461,FFHQ
037474,62.930328369140625,41.343482971191406,-21.58684539794922,FFHQ
037474,62.930328369140625,22.257484436035156,-40.67284393310547,FFHQ
051417,34.28157424926758,16.70404815673828,-17.577526092529297,FFHQ
051417,34.28157424926758,19.11708641052246,-15.164487838745117,FFHQ
051417,34.28157424926758,23.79798126220703,-10.483592987060547,FFHQ
051417,34.28157424926758,18.631492614746094,-15.650081634521484,FFHQ
051417,34.28157424926758,20.86031723022461,-13.421257019042969,FFHQ
015946,16.668777465820312,51.19499588012695,34.52621841430664,FFHQ
015946,16.668777465820312,28.842510223388672,12.17373275756836,FFHQ
015946,16.668777465820312,31.602584838867188,14.933807373046875,FFHQ
015946,16.668777465820312,31.407434463500977,14.738656997680664,FFHQ
015946,16.668777465820312,32.688720703125,16.019943237304688,FFHQ
001236,23.909767150878906,19.051441192626953,-4.858325958251953,FFHQ
001236,23.909767150878906,23.27469825744629,-0.6350688934326172,FFHQ
001236,23.909767150878906,21.42793083190918,-2.4818363189697266,FFHQ
001236,23.909767150878906,20.587190628051758,-3.3225765228271484,FFHQ
001236,23.909767150878906,23.257036209106445,-0.6527309417724609,FFHQ
038092,11.534374237060547,10.561901092529297,-0.97247314453125,FFHQ
038092,11.534374237060547,17.340843200683594,5.806468963623047,FFHQ
038092,11.534374237060547,17.215442657470703,5.681068420410156,FFHQ
038092,11.534374237060547,13.559782028198242,2.0254077911376953,FFHQ
038092,11.534374237060547,22.36975860595703,10.835384368896484,FFHQ
014312,28.10478973388672,20.618799209594727,-7.485990524291992,FFHQ
014312,28.10478973388672,19.512248992919922,-8.592540740966797,FFHQ
014312,28.10478973388672,18.632686614990234,-9.472103118896484,FFHQ
014312,28.10478973388672,19.329790115356445,-8.774999618530273,FFHQ
014312,28.10478973388672,22.425682067871094,-5.679107666015625,FFHQ
058615,65.25511169433594,55.7804069519043,-9.47470474243164,FFHQ
058615,65.25511169433594,40.332977294921875,-24.922134399414062,FFHQ
058615,65.25511169433594,46.28208923339844,-18.9730224609375,FFHQ
058615,65.25511169433594,46.01887512207031,-19.236236572265625,FFHQ
058615,65.25511169433594,37.559898376464844,-27.695213317871094,FFHQ
031703,30.449378967285156,28.56096649169922,-1.8884124755859375,FFHQ
031703,30.449378967285156,28.355735778808594,-2.0936431884765625,FFHQ
031703,30.449378967285156,25.318096160888672,-5.131282806396484,FFHQ
031703,30.449378967285156,33.39118576049805,2.9418067932128906,FFHQ
031703,30.449378967285156,27.25146484375,-3.1979141235351562,FFHQ
027223,1.4884074926376343,2.1746065616607666,0.6861990690231323,FFHQ
027223,1.4884074926376343,2.035087823867798,0.5466803312301636,FFHQ
027223,1.4884074926376343,1.5650489330291748,0.07664144039154053,FFHQ
027223,1.4884074926376343,1.7451517581939697,0.25674426555633545,FFHQ
027223,1.4884074926376343,1.8722047805786133,0.383797287940979,FFHQ
055554,38.16384506225586,25.189517974853516,-12.974327087402344,FFHQ
055554,38.16384506225586,23.480918884277344,-14.682926177978516,FFHQ
055554,38.16384506225586,40.71311950683594,2.549274444580078,FFHQ
055554,38.16384506225586,16.559242248535156,-21.604602813720703,FFHQ
055554,38.16384506225586,28.857772827148438,-9.306072235107422,FFHQ
017971,61.2961311340332,17.913503646850586,-43.38262748718262,FFHQ
017971,61.2961311340332,12.180545806884766,-49.11558532714844,FFHQ
017971,61.2961311340332,18.2645206451416,-43.0316104888916,FFHQ
017971,61.2961311340332,14.953811645507812,-46.34231948852539,FFHQ
017971,61.2961311340332,14.560918807983398,-46.735212326049805,FFHQ
017751,22.28700065612793,20.445344924926758,-1.8416557312011719,FFHQ
017751,22.28700065612793,20.738136291503906,-1.5488643646240234,FFHQ
017751,22.28700065612793,18.34193992614746,-3.9450607299804688,FFHQ
017751,22.28700065612793,22.757617950439453,0.47061729431152344,FFHQ
017751,22.28700065612793,19.25446319580078,-3.0325374603271484,FFHQ
027376,24.684377670288086,24.011016845703125,-0.6733608245849609,FFHQ
027376,24.684377670288086,21.650089263916016,-3.0342884063720703,FFHQ
027376,24.684377670288086,21.222108840942383,-3.462268829345703,FFHQ
027376,24.684377670288086,22.800495147705078,-1.8838825225830078,FFHQ
027376,24.684377670288086,18.357196807861328,-6.327180862426758,FFHQ
009876,44.45294952392578,26.093109130859375,-18.359840393066406,FFHQ
009876,44.45294952392578,36.852474212646484,-7.600475311279297,FFHQ
009876,44.45294952392578,29.547386169433594,-14.905563354492188,FFHQ
009876,44.45294952392578,29.79413604736328,-14.6588134765625,FFHQ
009876,44.45294952392578,40.914833068847656,-3.538116455078125,FFHQ
062127,14.032085418701172,18.215045928955078,4.182960510253906,FFHQ
062127,14.032085418701172,16.24933624267578,2.2172508239746094,FFHQ
062127,14.032085418701172,12.31281852722168,-1.7192668914794922,FFHQ
062127,14.032085418701172,18.477807998657227,4.445722579956055,FFHQ
062127,14.032085418701172,17.949813842773438,3.9177284240722656,FFHQ
025710,32.865966796875,21.183942794799805,-11.682024002075195,FFHQ
025710,32.865966796875,25.48960304260254,-7.376363754272461,FFHQ
025710,32.865966796875,25.5455322265625,-7.3204345703125,FFHQ
025710,32.865966796875,17.728900909423828,-15.137065887451172,FFHQ
025710,32.865966796875,20.938915252685547,-11.927051544189453,FFHQ
036078,21.842609405517578,17.4696102142334,-4.37299919128418,FFHQ
036078,21.842609405517578,14.111495971679688,-7.731113433837891,FFHQ
036078,21.842609405517578,16.47171401977539,-5.3708953857421875,FFHQ
036078,21.842609405517578,17.395402908325195,-4.447206497192383,FFHQ
036078,21.842609405517578,18.28224754333496,-3.560361862182617,FFHQ
000030,3.12746000289917,7.862008094787598,4.734548091888428,FFHQ
000030,3.12746000289917,10.526330947875977,7.398870944976807,FFHQ
000030,3.12746000289917,8.697612762451172,5.570152759552002,FFHQ
000030,3.12746000289917,11.265724182128906,8.138264179229736,FFHQ
000030,3.12746000289917,9.065483093261719,5.938023090362549,FFHQ
061158,15.627649307250977,26.717531204223633,11.089881896972656,FFHQ
061158,15.627649307250977,17.992992401123047,2.3653430938720703,FFHQ
061158,15.627649307250977,13.87152099609375,-1.7561283111572266,FFHQ
061158,15.627649307250977,19.040042877197266,3.412393569946289,FFHQ
061158,15.627649307250977,14.806417465209961,-0.8212318420410156,FFHQ
069723,3.399461507797241,7.67498779296875,4.275526285171509,FFHQ
069723,3.399461507797241,6.6115241050720215,3.2120625972747803,FFHQ
069723,3.399461507797241,13.865739822387695,10.466278314590454,FFHQ
069723,3.399461507797241,8.478971481323242,5.079509973526001,FFHQ
069723,3.399461507797241,7.186773777008057,3.7873122692108154,FFHQ
058527,41.611366271972656,29.71900177001953,-11.892364501953125,FFHQ
058527,41.611366271972656,32.96551513671875,-8.645851135253906,FFHQ
058527,41.611366271972656,27.95465660095215,-13.656709671020508,FFHQ
058527,41.611366271972656,19.375905990600586,-22.23546028137207,FFHQ
058527,41.611366271972656,25.151317596435547,-16.46004867553711,FFHQ
007940,23.674232482910156,19.325767517089844,-4.3484649658203125,FFHQ
007940,23.674232482910156,20.413169860839844,-3.2610626220703125,FFHQ
007940,23.674232482910156,26.337848663330078,2.663616180419922,FFHQ
007940,23.674232482910156,26.059959411621094,2.3857269287109375,FFHQ
007940,23.674232482910156,17.877058029174805,-5.797174453735352,FFHQ
004904,9.350589752197266,15.95112419128418,6.600534439086914,FFHQ
004904,9.350589752197266,7.667266368865967,-1.6833233833312988,FFHQ
004904,9.350589752197266,10.813224792480469,1.4626350402832031,FFHQ
004904,9.350589752197266,9.108047485351562,-0.24254226684570312,FFHQ
004904,9.350589752197266,9.788740158081055,0.43815040588378906,FFHQ
